Abbeville South Carolina
Acadia Parish Louisiana
Accomack Virginia
Ada Idaho
Adair Iowa
Adair Kentucky
Adair Missouri
Adair Oklahoma
Adams Indiana
Adams Idaho
Adams Pennsylvania
Adams Iowa
Adams Ohio
Adams Washington
Adams Mississippi
Adams Wisconsin
Adams North Dakota
Adams Nebraska
Adams Illinois
Adams Colorado
Addison Vermont
Aiken South Carolina
Aitkin Minnesota
Alachua Florida
Alamance North Carolina
Alameda California
Alamosa Colorado
Albany Wyoming
Albany New York
Albemarle Virginia
Alcona Michigan
Alcorn Mississippi
Aleutians East Borough Alaska
Aleutians West Census Area Alaska
Alexander Illinois
Alexander North Carolina
Alexandria city Virginia
Alfalfa Oklahoma
Alger Michigan
Allamakee Iowa
Allegan Michigan
Allegany New York
Allegany Maryland
Alleghany North Carolina
Alleghany Virginia
Allegheny Pennsylvania
Allen Kansas
Allen Ohio
Allen Indiana
Allen Kentucky
Allen Parish Louisiana
Allendale South Carolina
Alpena Michigan
Alpine California
Amador California
Amelia Virginia
Amherst Virginia
Amite Mississippi
Anchorage Municipality Alaska
Anderson Kansas
Anderson South Carolina
Anderson Texas
Anderson Tennessee
Anderson Kentucky
Andrew Missouri
Andrews Texas
Androscoggin Maine
Angelina Texas
Anne Arundel Maryland
Anoka Minnesota
Anson North Carolina
Antelope Nebraska
Antrim Michigan
Apache Arizona
Appanoose Iowa
Appling Georgia
Appomattox Virginia
Aransas Texas
Arapahoe Colorado
Archer Texas
Archuleta Colorado
Arenac Michigan
Arkansas Arkansas
Arlington Virginia
Armstrong Pennsylvania
Armstrong Texas
Aroostook Maine
Arthur Nebraska
Ascension Parish Louisiana
Ashe North Carolina
Ashland Ohio
Ashland Wisconsin
Ashley Arkansas
Ashtabula Ohio
Asotin Washington
Assumption Parish Louisiana
Atascosa Texas
Atchison Kansas
Atchison Missouri
Athens Ohio
Atkinson Georgia
Atlantic New Jersey
Atoka Oklahoma
Attala Mississippi
Audrain Missouri
Audubon Iowa
Auglaize Ohio
Augusta Virginia
Aurora South Dakota
Austin Texas
Autauga Alabama
Avery North Carolina
Avoyelles Parish Louisiana
Baca Colorado
Bacon Georgia
Bailey Texas
Baker Florida
Baker Oregon
Baker Georgia
Baldwin Alabama
Baldwin Georgia
Ballard Kentucky
Baltimore Maryland
Baltimore city Maryland
Bamberg South Carolina
Bandera Texas
Banks Georgia
Banner Nebraska
Bannock Idaho
Baraga Michigan
Barber Kansas
Barbour Alabama
Barbour West Virginia
Barnes North Dakota
Barnstable Massachusetts
Barnwell South Carolina
Barren Kentucky
Barron Wisconsin
Barrow Georgia
Barry Michigan
Barry Missouri
Bartholomew Indiana
Barton Missouri
Barton Kansas
Bartow Georgia
Bastrop Texas
Bates Missouri
Bath Virginia
Bath Kentucky
Baxter Arkansas
Bay Florida
Bay Michigan
Bayfield Wisconsin
Baylor Texas
Beadle South Dakota
Bear Lake Idaho
Beaufort North Carolina
Beaufort South Carolina
Beauregard Parish Louisiana
Beaver Oklahoma
Beaver Utah
Beaver Pennsylvania
Beaverhead Montana
Becker Minnesota
Beckham Oklahoma
Bedford Virginia
Bedford Tennessee
Bedford Pennsylvania
Bee Texas
Belknap New Hampshire
Bell Texas
Bell Kentucky
Belmont Ohio
Beltrami Minnesota
Ben Hill Georgia
Benewah Idaho
Bennett South Dakota
Bennington Vermont
Benson North Dakota
Bent Colorado
Benton Iowa
Benton Oregon
Benton Mississippi
Benton Arkansas
Benton Washington
Benton Minnesota
Benton Tennessee
Benton Missouri
Benton Indiana
Benzie Michigan
Bergen New Jersey
Berkeley South Carolina
Berkeley West Virginia
Berks Pennsylvania
Berkshire Massachusetts
Bernalillo New Mexico
Berrien Michigan
Berrien Georgia
Bertie North Carolina
Bethel Census Area Alaska
Bexar Texas
Bibb Georgia
Bibb Alabama
Bienville Parish Louisiana
Big Horn Montana
Big Horn Wyoming
Big Stone Minnesota
Billings North Dakota
Bingham Idaho
Black Hawk Iowa
Blackford Indiana
Bladen North Carolina
Blaine Montana
Blaine Nebraska
Blaine Idaho
Blaine Oklahoma
Blair Pennsylvania
Blanco Texas
Bland Virginia
Bleckley Georgia
Bledsoe Tennessee
Blount Tennessee
Blount Alabama
Blue Earth Minnesota
Boise Idaho
Bolivar Mississippi
Bollinger Missouri
Bon Homme South Dakota
Bond Illinois
Bonner Idaho
Bonneville Idaho
Boone Nebraska
Boone Indiana
Boone Missouri
Boone Kentucky
Boone West Virginia
Boone Iowa
Boone Illinois
Boone Arkansas
Borden Texas
Bosque Texas
Bossier Parish Louisiana
Botetourt Virginia
Bottineau North Dakota
Boulder Colorado
Boundary Idaho
Bourbon Kentucky
Bourbon Kansas
Bowie Texas
Bowman North Dakota
Box Butte Nebraska
Box Elder Utah
Boyd Nebraska
Boyd Kentucky
Boyle Kentucky
Bracken Kentucky
Bradford Pennsylvania
Bradford Florida
Bradley Arkansas
Bradley Tennessee
Branch Michigan
Brantley Georgia
Braxton West Virginia
Brazoria Texas
Brazos Texas
Breathitt Kentucky
Breckinridge Kentucky
Bremer Iowa
Brevard Florida
Brewster Texas
Briscoe Texas
Bristol Rhode Island
Bristol Massachusetts
Bristol Bay Borough Alaska
Bristol city Virginia
Broadwater Montana
Bronx New York
Brooke West Virginia
Brookings South Dakota
Brooks Texas
Brooks Georgia
Broome New York
Broomfield Colorado
Broward Florida
Brown Wisconsin
Brown Indiana
Brown Ohio
Brown Kansas
Brown Texas
Brown South Dakota
Brown Minnesota
Brown Illinois
Brown Nebraska
Brule South Dakota
Brunswick North Carolina
Brunswick Virginia
Bryan Oklahoma
Bryan Georgia
Buchanan Virginia
Buchanan Iowa
Buchanan Missouri
Buckingham Virginia
Bucks Pennsylvania
Buena Vista Iowa
Buena Vista city Virginia
Buffalo South Dakota
Buffalo Wisconsin
Buffalo Nebraska
Bullitt Kentucky
Bulloch Georgia
Bullock Alabama
Buncombe North Carolina
Bureau Illinois
Burke North Carolina
Burke Georgia
Burke North Dakota
Burleigh North Dakota
Burleson Texas
Burlington New Jersey
Burnet Texas
Burnett Wisconsin
Burt Nebraska
Butler Pennsylvania
Butler Alabama
Butler Missouri
Butler Iowa
Butler Ohio
Butler Kentucky
Butler Kansas
Butler Nebraska
Butte California
Butte South Dakota
Butte Idaho
Butts Georgia
Cabarrus North Carolina
Cabell West Virginia
Cache Utah
Caddo Oklahoma
Caddo Parish Louisiana
Calaveras California
Calcasieu Parish Louisiana
Caldwell North Carolina
Caldwell Texas
Caldwell Missouri
Caldwell Kentucky
Caldwell Parish Louisiana
Caledonia Vermont
Calhoun Iowa
Calhoun Mississippi
Calhoun Illinois
Calhoun Alabama
Calhoun Georgia
Calhoun Florida
Calhoun Michigan
Calhoun Arkansas
Calhoun Texas
Calhoun West Virginia
Calhoun South Carolina
Callahan Texas
Callaway Missouri
Calloway Kentucky
Calumet Wisconsin
Calvert Maryland
Camas Idaho
Cambria Pennsylvania
Camden Missouri
Camden Georgia
Camden North Carolina
Camden New Jersey
Cameron Pennsylvania
Cameron Texas
Cameron Parish Louisiana
Camp Texas
Campbell Virginia
Campbell Wyoming
Campbell Tennessee
Campbell South Dakota
Campbell Kentucky
Canadian Oklahoma
Candler Georgia
Cannon Tennessee
Canyon Idaho
Cape Girardeau Missouri
Cape May New Jersey
Carbon Pennsylvania
Carbon Montana
Carbon Wyoming
Carbon Utah
Caribou Idaho
Carlisle Kentucky
Carlton Minnesota
Caroline Virginia
Caroline Maryland
Carroll Virginia
Carroll Indiana
Carroll Iowa
Carroll Tennessee
Carroll Illinois
Carroll Ohio
Carroll Maryland
Carroll Kentucky
Carroll Missouri
Carroll Arkansas
Carroll Georgia
Carroll Mississippi
Carroll New Hampshire
Carson Texas
Carson City Nevada
Carter Kentucky
Carter Oklahoma
Carter Tennessee
Carter Missouri
Carter Montana
Carteret North Carolina
Carver Minnesota
Cascade Montana
Casey Kentucky
Cass Michigan
Cass Iowa
Cass Indiana
Cass Minnesota
Cass Missouri
Cass Nebraska
Cass North Dakota
Cass Texas
Cass Illinois
Cassia Idaho
Castro Texas
Caswell North Carolina
Catahoula Parish Louisiana
Catawba North Carolina
Catoosa Georgia
Catron New Mexico
Cattaraugus New York
Cavalier North Dakota
Cayuga New York
Cecil Maryland
Cedar Missouri
Cedar Nebraska
Cedar Iowa
Centre Pennsylvania
Cerro Gordo Iowa
Chaffee Colorado
Chambers Texas
Chambers Alabama
Champaign Ohio
Champaign Illinois
Chariton Missouri
Charles Maryland
Charles City Virginia
Charles Mix South Dakota
Charleston South Carolina
Charlevoix Michigan
Charlotte Virginia
Charlotte Florida
Charlottesville city Virginia
Charlton Georgia
Chase Nebraska
Chase Kansas
Chatham North Carolina
Chatham Georgia
Chattahoochee Georgia
Chattooga Georgia
Chautauqua Kansas
Chautauqua New York
Chaves New Mexico
Cheatham Tennessee
Cheboygan Michigan
Chelan Washington
Chemung New York
Chenango New York
Cherokee North Carolina
Cherokee Oklahoma
Cherokee Alabama
Cherokee Iowa
Cherokee South Carolina
Cherokee Kansas
Cherokee Texas
Cherokee Georgia
Cherry Nebraska
Chesapeake city Virginia
Cheshire New Hampshire
Chester South Carolina
Chester Tennessee
Chester Pennsylvania
Chesterfield South Carolina
Chesterfield Virginia
Cheyenne Kansas
Cheyenne Colorado
Cheyenne Nebraska
Chickasaw Iowa
Chickasaw Mississippi
Chicot Arkansas
Childress Texas
Chilton Alabama
Chippewa Minnesota
Chippewa Michigan
Chippewa Wisconsin
Chisago Minnesota
Chittenden Vermont
Choctaw Oklahoma
Choctaw Mississippi
Choctaw Alabama
Chouteau Montana
Chowan North Carolina
Christian Illinois
Christian Missouri
Christian Kentucky
Churchill Nevada
Cibola New Mexico
Cimarron Oklahoma
Citrus Florida
Clackamas Oregon
Claiborne Tennessee
Claiborne Mississippi
Claiborne Parish Louisiana
Clallam Washington
Clare Michigan
Clarendon South Carolina
Clarion Pennsylvania
Clark Indiana
Clark Wisconsin
Clark Nevada
Clark Kansas
Clark Arkansas
Clark Kentucky
Clark Washington
Clark Illinois
Clark South Dakota
Clark Idaho
Clark Missouri
Clark Ohio
Clarke Mississippi
Clarke Georgia
Clarke Virginia
Clarke Alabama
Clarke Iowa
Clatsop Oregon
Clay Kentucky
Clay Nebraska
Clay Minnesota
Clay North Carolina
Clay Florida
Clay Kansas
Clay Indiana
Clay Arkansas
Clay Illinois
Clay Texas
Clay Missouri
Clay Mississippi
Clay Iowa
Clay West Virginia
Clay Tennessee
Clay South Dakota
Clay Georgia
Clay Alabama
Clayton Georgia
Clayton Iowa
Clear Creek Colorado
Clearfield Pennsylvania
Clearwater Idaho
Clearwater Minnesota
Cleburne Alabama
Cleburne Arkansas
Clermont Ohio
Cleveland North Carolina
Cleveland Oklahoma
Cleveland Arkansas
Clinch Georgia
Clinton Indiana
Clinton Illinois
Clinton Kentucky
Clinton Ohio
Clinton Iowa
Clinton New York
Clinton Missouri
Clinton Pennsylvania
Clinton Michigan
Cloud Kansas
Coahoma Mississippi
Coal Oklahoma
Cobb Georgia
Cochise Arizona
Cochran Texas
Cocke Tennessee
Coconino Arizona
Codington South Dakota
Coffee Tennessee
Coffee Georgia
Coffee Alabama
Coffey Kansas
Coke Texas
Colbert Alabama
Cole Missouri
Coleman Texas
Coles Illinois
Colfax New Mexico
Colfax Nebraska
Colleton South Carolina
Collier Florida
Collin Texas
Collingsworth Texas
Colonial Heights city Virginia
Colorado Texas
Colquitt Georgia
Columbia Oregon
Columbia Washington
Columbia New York
Columbia Pennsylvania
Columbia Georgia
Columbia Arkansas
Columbia Florida
Columbia Wisconsin
Columbiana Ohio
Columbus North Carolina
Colusa California
Comal Texas
Comanche Kansas
Comanche Oklahoma
Comanche Texas
Concho Texas
Concordia Parish Louisiana
Conecuh Alabama
Conejos Colorado
Contra Costa California
Converse Wyoming
Conway Arkansas
Cook Minnesota
Cook Georgia
Cook Illinois
Cooke Texas
Cooper Missouri
Coos Oregon
Coos New Hampshire
Coosa Alabama
Copiah Mississippi
Corson South Dakota
Cortland New York
Coryell Texas
Coshocton Ohio
Costilla Colorado
Cottle Texas
Cotton Oklahoma
Cottonwood Minnesota
Covington Mississippi
Covington Alabama
Covington city Virginia
Coweta Georgia
Cowley Kansas
Cowlitz Washington
Craig Oklahoma
Craig Virginia
Craighead Arkansas
Crane Texas
Craven North Carolina
Crawford Iowa
Crawford Ohio
Crawford Michigan
Crawford Georgia
Crawford Illinois
Crawford Kansas
Crawford Missouri
Crawford Arkansas
Crawford Indiana
Crawford Pennsylvania
Crawford Wisconsin
Creek Oklahoma
Crenshaw Alabama
Crisp Georgia
Crittenden Kentucky
Crittenden Arkansas
Crockett Texas
Crockett Tennessee
Crook Oregon
Crook Wyoming
Crosby Texas
Cross Arkansas
Crow Wing Minnesota
Crowley Colorado
Culberson Texas
Cullman Alabama
Culpeper Virginia
Cumberland Kentucky
Cumberland North Carolina
Cumberland New Jersey
Cumberland Virginia
Cumberland Tennessee
Cumberland Illinois
Cumberland Maine
Cumberland Pennsylvania
Cuming Nebraska
Currituck North Carolina
Curry New Mexico
Curry Oregon
Custer Nebraska
Custer South Dakota
Custer Idaho
Custer Colorado
Custer Oklahoma
Custer Montana
Cuyahoga Ohio
Dade Missouri
Dade Georgia
Daggett Utah
Dakota Minnesota
Dakota Nebraska
Dale Alabama
Dallam Texas
Dallas Texas
Dallas Alabama
Dallas Arkansas
Dallas Missouri
Dallas Iowa
Dane Wisconsin
Daniels Montana
Danville city Virginia
Dare North Carolina
Darke Ohio
Darlington South Carolina
Dauphin Pennsylvania
Davidson North Carolina
Davidson Tennessee
Davie North Carolina
Daviess Kentucky
Daviess Missouri
Daviess Indiana
Davis Iowa
Davis Utah
Davison South Dakota
Dawes Nebraska
Dawson Nebraska
Dawson Georgia
Dawson Montana
Dawson Texas
Day South Dakota
De Baca New Mexico
De Soto Parish Louisiana
De Witt Illinois
DeKalb Georgia
DeKalb Illinois
DeKalb Alabama
DeKalb Tennessee
DeKalb Missouri
DeKalb Indiana
DeSoto Mississippi
DeSoto Florida
DeWitt Texas
Deaf Smith Texas
Dearborn Indiana
Decatur Georgia
Decatur Kansas
Decatur Tennessee
Decatur Iowa
Decatur Indiana
Deer Lodge Montana
Defiance Ohio
Del Norte California
Delaware Iowa
Delaware Ohio
Delaware Indiana
Delaware Oklahoma
Delaware New York
Delaware Pennsylvania
Delta Colorado
Delta Michigan
Delta Texas
Denali Borough Alaska
Dent Missouri
Denton Texas
Denver Colorado
Des Moines Iowa
Deschutes Oregon
Desha Arkansas
Deuel South Dakota
Deuel Nebraska
Dewey Oklahoma
Dewey South Dakota
Dickens Texas
Dickenson Virginia
Dickey North Dakota
Dickinson Michigan
Dickinson Kansas
Dickinson Iowa
Dickson Tennessee
Dillingham Census Area Alaska
Dillon South Carolina
Dimmit Texas
Dinwiddie Virginia
Divide North Dakota
Dixie Florida
Dixon Nebraska
Doddridge West Virginia
Dodge Minnesota
Dodge Nebraska
Dodge Wisconsin
Dodge Georgia
Dolores Colorado
Doniphan Kansas
Donley Texas
Dooly Georgia
Door Wisconsin
Dorchester South Carolina
Dorchester Maryland
Dougherty Georgia
Douglas Nebraska
Douglas Kansas
Douglas Missouri
Douglas Washington
Douglas Nevada
Douglas Minnesota
Douglas Oregon
Douglas Colorado
Douglas South Dakota
Douglas Wisconsin
Douglas Georgia
Douglas Illinois
Do�a Ana New Mexico
Drew Arkansas
DuPage Illinois
Dubois Indiana
Dubuque Iowa
Duchesne Utah
Dukes Massachusetts
Dundy Nebraska
Dunklin Missouri
Dunn Wisconsin
Dunn North Dakota
Duplin North Carolina
Durham North Carolina
Dutchess New York
Duval Florida
Duval Texas
Dyer Tennessee
Eagle Colorado
Early Georgia
East Baton Rouge Parish Louisiana
East Carroll Parish Louisiana
East Feliciana Parish Louisiana
Eastland Texas
Eaton Michigan
Eau Claire Wisconsin
Echols Georgia
Ector Texas
Eddy North Dakota
Eddy New Mexico
Edgar Illinois
Edgecombe North Carolina
Edgefield South Carolina
Edmonson Kentucky
Edmunds South Dakota
Edwards Illinois
Edwards Texas
Edwards Kansas
Effingham Illinois
Effingham Georgia
El Dorado California
El Paso Colorado
El Paso Texas
Elbert Georgia
Elbert Colorado
Elk Pennsylvania
Elk Kansas
Elkhart Indiana
Elko Nevada
Elliott Kentucky
Ellis Texas
Ellis Kansas
Ellis Oklahoma
Ellsworth Kansas
Elmore Idaho
Elmore Alabama
Emanuel Georgia
Emery Utah
Emmet Iowa
Emmet Michigan
Emmons North Dakota
Emporia city Virginia
Erath Texas
Erie Ohio
Erie New York
Erie Pennsylvania
Escambia Florida
Escambia Alabama
Esmeralda Nevada
Essex New York
Essex Massachusetts
Essex New Jersey
Essex Virginia
Essex Vermont
Estill Kentucky
Etowah Alabama
Eureka Nevada
Evangeline Parish Louisiana
Evans Georgia
Fairbanks North Star Borough Alaska
Fairfax Virginia
Fairfax city Virginia
Fairfield South Carolina
Fairfield Connecticut
Fairfield Ohio
Fall River South Dakota
Fallon Montana
Falls Texas
Falls Church city Virginia
Fannin Texas
Fannin Georgia
Faribault Minnesota
Faulk South Dakota
Faulkner Arkansas
Fauquier Virginia
Fayette West Virginia
Fayette Tennessee
Fayette Ohio
Fayette Indiana
Fayette Alabama
Fayette Iowa
Fayette Pennsylvania
Fayette Georgia
Fayette Texas
Fayette Illinois
Fayette Kentucky
Fentress Tennessee
Fergus Montana
Ferry Washington
Fillmore Nebraska
Fillmore Minnesota
Finney Kansas
Fisher Texas
Flagler Florida
Flathead Montana
Fleming Kentucky
Florence South Carolina
Florence Wisconsin
Floyd Texas
Floyd Kentucky
Floyd Indiana
Floyd Virginia
Floyd Iowa
Floyd Georgia
Fluvanna Virginia
Foard Texas
Fond du Lac Wisconsin
Ford Illinois
Ford Kansas
Forest Wisconsin
Forest Pennsylvania
Forrest Mississippi
Forsyth North Carolina
Forsyth Georgia
Fort Bend Texas
Foster North Dakota
Fountain Indiana
Franklin Pennsylvania
Franklin Kansas
Franklin Virginia
Franklin Kentucky
Franklin Alabama
Franklin Georgia
Franklin Ohio
Franklin Maine
Franklin Massachusetts
Franklin Vermont
Franklin Washington
Franklin Mississippi
Franklin Arkansas
Franklin Indiana
Franklin Texas
Franklin Nebraska
Franklin Florida
Franklin North Carolina
Franklin Missouri
Franklin Iowa
Franklin Tennessee
Franklin New York
Franklin Illinois
Franklin Idaho
Franklin Parish Louisiana
Franklin city Virginia
Frederick Maryland
Frederick Virginia
Fredericksburg city Virginia
Freeborn Minnesota
Freestone Texas
Fremont Colorado
Fremont Iowa
Fremont Idaho
Fremont Wyoming
Fresno California
Frio Texas
Frontier Nebraska
Fulton Pennsylvania
Fulton Ohio
Fulton Georgia
Fulton Indiana
Fulton Illinois
Fulton Arkansas
Fulton Kentucky
Fulton New York
Furnas Nebraska
Gadsden Florida
Gage Nebraska
Gaines Texas
Galax city Virginia
Gallatin Illinois
Gallatin Montana
Gallatin Kentucky
Gallia Ohio
Galveston Texas
Garden Nebraska
Garfield Washington
Garfield Utah
Garfield Nebraska
Garfield Colorado
Garfield Oklahoma
Garfield Montana
Garland Arkansas
Garrard Kentucky
Garrett Maryland
Garvin Oklahoma
Garza Texas
Gasconade Missouri
Gaston North Carolina
Gates North Carolina
Geary Kansas
Geauga Ohio
Gem Idaho
Genesee New York
Genesee Michigan
Geneva Alabama
Gentry Missouri
George Mississippi
Georgetown South Carolina
Gibson Indiana
Gibson Tennessee
Gila Arizona
Gilchrist Florida
Giles Virginia
Giles Tennessee
Gillespie Texas
Gilliam Oregon
Gilmer West Virginia
Gilmer Georgia
Gilpin Colorado
Glacier Montana
Glades Florida
Gladwin Michigan
Glascock Georgia
Glasscock Texas
Glenn California
Gloucester New Jersey
Gloucester Virginia
Glynn Georgia
Gogebic Michigan
Golden Valley Montana
Golden Valley North Dakota
Goliad Texas
Gonzales Texas
Goochland Virginia
Goodhue Minnesota
Gooding Idaho
Gordon Georgia
Goshen Wyoming
Gosper Nebraska
Gove Kansas
Grady Georgia
Grady Oklahoma
Grafton New Hampshire
Graham Kansas
Graham North Carolina
Graham Arizona
Grainger Tennessee
Grand Utah
Grand Colorado
Grand Forks North Dakota
Grand Isle Vermont
Grand Traverse Michigan
Granite Montana
Grant Wisconsin
Grant North Dakota
Grant Minnesota
Grant Oklahoma
Grant Arkansas
Grant Oregon
Grant Kentucky
Grant Kansas
Grant South Dakota
Grant Washington
Grant West Virginia
Grant Indiana
Grant Nebraska
Grant New Mexico
Grant Parish Louisiana
Granville North Carolina
Gratiot Michigan
Graves Kentucky
Gray Texas
Gray Kansas
Grays Harbor Washington
Grayson Virginia
Grayson Texas
Grayson Kentucky
Greeley Kansas
Greeley Nebraska
Green Wisconsin
Green Kentucky
Green Lake Wisconsin
Greenbrier West Virginia
Greene North Carolina
Greene Missouri
Greene Georgia
Greene Ohio
Greene New York
Greene Alabama
Greene Iowa
Greene Arkansas
Greene Tennessee
Greene Pennsylvania
Greene Indiana
Greene Mississippi
Greene Virginia
Greene Illinois
Greenlee Arizona
Greensville Virginia
Greenup Kentucky
Greenville South Carolina
Greenwood South Carolina
Greenwood Kansas
Greer Oklahoma
Gregg Texas
Gregory South Dakota
Grenada Mississippi
Griggs North Dakota
Grimes Texas
Grundy Iowa
Grundy Tennessee
Grundy Illinois
Grundy Missouri
Guadalupe Texas
Guadalupe New Mexico
Guernsey Ohio
Guilford North Carolina
Gulf Florida
Gunnison Colorado
Guthrie Iowa
Gwinnett Georgia
Haakon South Dakota
Habersham Georgia
Haines Borough Alaska
Hale Texas
Hale Alabama
Halifax Virginia
Halifax North Carolina
Hall Texas
Hall Nebraska
Hall Georgia
Hamblen Tennessee
Hamilton Tennessee
Hamilton Iowa
Hamilton Nebraska
Hamilton New York
Hamilton Indiana
Hamilton Kansas
Hamilton Ohio
Hamilton Texas
Hamilton Florida
Hamilton Illinois
Hamlin South Dakota
Hampden Massachusetts
Hampshire Massachusetts
Hampshire West Virginia
Hampton South Carolina
Hampton city Virginia
Hancock Georgia
Hancock Iowa
Hancock Kentucky
Hancock Indiana
Hancock Ohio
Hancock Maine
Hancock Illinois
Hancock Tennessee
Hancock Mississippi
Hancock West Virginia
Hand South Dakota
Hanover Virginia
Hansford Texas
Hanson South Dakota
Haralson Georgia
Hardee Florida
Hardeman Tennessee
Hardeman Texas
Hardin Texas
Hardin Illinois
Hardin Iowa
Hardin Ohio
Hardin Kentucky
Hardin Tennessee
Harding New Mexico
Harding South Dakota
Hardy West Virginia
Harford Maryland
Harlan Kentucky
Harlan Nebraska
Harmon Oklahoma
Harnett North Carolina
Harney Oregon
Harper Oklahoma
Harper Kansas
Harris Texas
Harris Georgia
Harrison Iowa
Harrison Texas
Harrison West Virginia
Harrison Mississippi
Harrison Missouri
Harrison Kentucky
Harrison Ohio
Harrison Indiana
Harrisonburg city Virginia
Hart Georgia
Hart Kentucky
Hartford Connecticut
Hartley Texas
Harvey Kansas
Haskell Kansas
Haskell Oklahoma
Haskell Texas
Hawaii Hawaii
Hawkins Tennessee
Hayes Nebraska
Hays Texas
Haywood Tennessee
Haywood North Carolina
Heard Georgia
Hemphill Texas
Hempstead Arkansas
Henderson Tennessee
Henderson North Carolina
Henderson Kentucky
Henderson Texas
Henderson Illinois
Hendricks Indiana
Hendry Florida
Hennepin Minnesota
Henrico Virginia
Henry Missouri
Henry Iowa
Henry Georgia
Henry Illinois
Henry Kentucky
Henry Indiana
Henry Ohio
Henry Tennessee
Henry Alabama
Henry Virginia
Herkimer New York
Hernando Florida
Hertford North Carolina
Hettinger North Dakota
Hickman Tennessee
Hickman Kentucky
Hickory Missouri
Hidalgo Texas
Hidalgo New Mexico
Highland Virginia
Highland Ohio
Highlands Florida
Hill Montana
Hill Texas
Hillsborough Florida
Hillsborough New Hampshire
Hillsdale Michigan
Hinds Mississippi
Hinsdale Colorado
Hitchcock Nebraska
Hocking Ohio
Hockley Texas
Hodgeman Kansas
Hoke North Carolina
Holmes Mississippi
Holmes Ohio
Holmes Florida
Holt Missouri
Holt Nebraska
Honolulu Hawaii
Hood Texas
Hood River Oregon
Hooker Nebraska
Hoonah-Angoon Census Area Alaska
Hopewell city Virginia
Hopkins Texas
Hopkins Kentucky
Horry South Carolina
Hot Spring Arkansas
Hot Springs Wyoming
Houghton Michigan
Houston Georgia
Houston Tennessee
Houston Alabama
Houston Texas
Houston Minnesota
Howard Nebraska
Howard Maryland
Howard Arkansas
Howard Indiana
Howard Missouri
Howard Iowa
Howard Texas
Howell Missouri
Hubbard Minnesota
Hudson New Jersey
Hudspeth Texas
Huerfano Colorado
Hughes South Dakota
Hughes Oklahoma
Humboldt Nevada
Humboldt Iowa
Humboldt California
Humphreys Tennessee
Humphreys Mississippi
Hunt Texas
Hunterdon New Jersey
Huntingdon Pennsylvania
Huntington Indiana
Huron Michigan
Huron Ohio
Hutchinson South Dakota
Hutchinson Texas
Hyde North Carolina
Hyde South Dakota
Iberia Parish Louisiana
Iberville Parish Louisiana
Ida Iowa
Idaho Idaho
Imperial California
Independence Arkansas
Indian River Florida
Indiana Pennsylvania
Ingham Michigan
Inyo California
Ionia Michigan
Iosco Michigan
Iowa Iowa
Iowa Wisconsin
Iredell North Carolina
Irion Texas
Iron Missouri
Iron Utah
Iron Michigan
Iron Wisconsin
Iroquois Illinois
Irwin Georgia
Isabella Michigan
Isanti Minnesota
Island Washington
Isle of Wight Virginia
Issaquena Mississippi
Itasca Minnesota
Itawamba Mississippi
Izard Arkansas
Jack Texas
Jackson Georgia
Jackson North Carolina
Jackson West Virginia
Jackson Tennessee
Jackson Iowa
Jackson Kansas
Jackson Kentucky
Jackson Colorado
Jackson Oklahoma
Jackson South Dakota
Jackson Oregon
Jackson Illinois
Jackson Michigan
Jackson Florida
Jackson Texas
Jackson Arkansas
Jackson Mississippi
Jackson Minnesota
Jackson Indiana
Jackson Missouri
Jackson Wisconsin
Jackson Ohio
Jackson Alabama
Jackson Parish Louisiana
James City Virginia
Jasper Indiana
Jasper Missouri
Jasper Iowa
Jasper Mississippi
Jasper Illinois
Jasper Georgia
Jasper Texas
Jasper South Carolina
Jay Indiana
Jeff Davis Georgia
Jeff Davis Texas
Jefferson Florida
Jefferson Georgia
Jefferson Missouri
Jefferson Kansas
Jefferson Alabama
Jefferson Texas
Jefferson Ohio
Jefferson Oregon
Jefferson Pennsylvania
Jefferson Colorado
Jefferson Mississippi
Jefferson Washington
Jefferson Idaho
Jefferson West Virginia
Jefferson Illinois
Jefferson Wisconsin
Jefferson Montana
Jefferson Kentucky
Jefferson Tennessee
Jefferson Iowa
Jefferson Nebraska
Jefferson Indiana
Jefferson Oklahoma
Jefferson New York
Jefferson Arkansas
Jefferson Davis Mississippi
Jefferson Davis Parish Louisiana
Jefferson Parish Louisiana
Jenkins Georgia
Jennings Indiana
Jerauld South Dakota
Jerome Idaho
Jersey Illinois
Jessamine Kentucky
Jewell Kansas
Jim Hogg Texas
Jim Wells Texas
Jo Daviess Illinois
Johnson Kansas
Johnson Georgia
Johnson Indiana
Johnson Wyoming
Johnson Iowa
Johnson Nebraska
Johnson Kentucky
Johnson Tennessee
Johnson Arkansas
Johnson Texas
Johnson Missouri
Johnson Illinois
Johnston Oklahoma
Johnston North Carolina
Jones North Carolina
Jones Georgia
Jones Texas
Jones Mississippi
Jones Iowa
Jones South Dakota
Josephine Oregon
Juab Utah
Judith Basin Montana
Juneau Wisconsin
Juneau City and Borough Alaska
Juniata Pennsylvania
Kalamazoo Michigan
Kalawao Hawaii
Kalkaska Michigan
Kanabec Minnesota
Kanawha West Virginia
Kandiyohi Minnesota
Kane Utah
Kane Illinois
Kankakee Illinois
Karnes Texas
Kauai Hawaii
Kaufman Texas
Kay Oklahoma
Kearney Nebraska
Kearny Kansas
Keith Nebraska
Kemper Mississippi
Kenai Peninsula Borough Alaska
Kendall Illinois
Kendall Texas
Kenedy Texas
Kennebec Maine
Kenosha Wisconsin
Kent Michigan
Kent Texas
Kent Rhode Island
Kent Maryland
Kent Delaware
Kenton Kentucky
Keokuk Iowa
Kern California
Kerr Texas
Kershaw South Carolina
Ketchikan Gateway Borough Alaska
Kewaunee Wisconsin
Keweenaw Michigan
Keya Paha Nebraska
Kidder North Dakota
Kimball Nebraska
Kimble Texas
King Texas
King Washington
King George Virginia
King William Virginia
King and Queen Virginia
Kingfisher Oklahoma
Kingman Kansas
Kings New York
Kings California
Kingsbury South Dakota
Kinney Texas
Kiowa Colorado
Kiowa Oklahoma
Kiowa Kansas
Kit Carson Colorado
Kitsap Washington
Kittitas Washington
Kittson Minnesota
Klamath Oregon
Kleberg Texas
Klickitat Washington
Knott Kentucky
Knox Illinois
Knox Texas
Knox Maine
Knox Ohio
Knox Kentucky
Knox Indiana
Knox Missouri
Knox Nebraska
Knox Tennessee
Kodiak Island Borough Alaska
Koochiching Minnesota
Kootenai Idaho
Kosciusko Indiana
Kossuth Iowa
Kusilvak Census Area Alaska
La Crosse Wisconsin
La Paz Arizona
La Plata Colorado
La Salle Texas
LaGrange Indiana
LaMoure North Dakota
LaPorte Indiana
LaSalle Illinois
LaSalle Parish Louisiana
Labette Kansas
Lac qui Parle Minnesota
Lackawanna Pennsylvania
Laclede Missouri
Lafayette Missouri
Lafayette Wisconsin
Lafayette Arkansas
Lafayette Mississippi
Lafayette Florida
Lafayette Parish Louisiana
Lafourche Parish Louisiana
Lake Minnesota
Lake California
Lake Oregon
Lake Montana
Lake South Dakota
Lake Ohio
Lake Indiana
Lake Colorado
Lake Tennessee
Lake Michigan
Lake Illinois
Lake Florida
Lake and Peninsula Borough Alaska
Lake of the Woods Minnesota
Lamar Texas
Lamar Alabama
Lamar Georgia
Lamar Mississippi
Lamb Texas
Lamoille Vermont
Lampasas Texas
Lancaster South Carolina
Lancaster Nebraska
Lancaster Virginia
Lancaster Pennsylvania
Lander Nevada
Lane Kansas
Lane Oregon
Langlade Wisconsin
Lanier Georgia
Lapeer Michigan
Laramie Wyoming
Larimer Colorado
Larue Kentucky
Las Animas Colorado
Lassen California
Latah Idaho
Latimer Oklahoma
Lauderdale Tennessee
Lauderdale Mississippi
Lauderdale Alabama
Laurel Kentucky
Laurens Georgia
Laurens South Carolina
Lavaca Texas
Lawrence Mississippi
Lawrence Missouri
Lawrence Indiana
Lawrence Alabama
Lawrence Kentucky
Lawrence Arkansas
Lawrence Ohio
Lawrence South Dakota
Lawrence Pennsylvania
Lawrence Tennessee
Lawrence Illinois
Le Flore Oklahoma
Le Sueur Minnesota
Lea New Mexico
Leake Mississippi
Leavenworth Kansas
Lebanon Pennsylvania
Lee Georgia
Lee Virginia
Lee North Carolina
Lee Alabama
Lee Iowa
Lee Kentucky
Lee Arkansas
Lee Mississippi
Lee South Carolina
Lee Illinois
Lee Texas
Lee Florida
Leelanau Michigan
Leflore Mississippi
Lehigh Pennsylvania
Lemhi Idaho
Lenawee Michigan
Lenoir North Carolina
Leon Texas
Leon Florida
Leslie Kentucky
Letcher Kentucky
Levy Florida
Lewis New York
Lewis Tennessee
Lewis Idaho
Lewis Missouri
Lewis Kentucky
Lewis West Virginia
Lewis Washington
Lewis and Clark Montana
Lexington South Carolina
Lexington city Virginia
Liberty Texas
Liberty Florida
Liberty Montana
Liberty Georgia
Licking Ohio
Limestone Alabama
Limestone Texas
Lincoln North Carolina
Lincoln Georgia
Lincoln Nevada
Lincoln Colorado
Lincoln New Mexico
Lincoln Kentucky
Lincoln Oklahoma
Lincoln Wyoming
Lincoln Maine
Lincoln South Dakota
Lincoln Tennessee
Lincoln Arkansas
Lincoln Mississippi
Lincoln Oregon
Lincoln Washington
Lincoln West Virginia
Lincoln Missouri
Lincoln Wisconsin
Lincoln Idaho
Lincoln Minnesota
Lincoln Montana
Lincoln Nebraska
Lincoln Kansas
Lincoln Parish Louisiana
Linn Kansas
Linn Oregon
Linn Missouri
Linn Iowa
Lipscomb Texas
Litchfield Connecticut
Little River Arkansas
Live Oak Texas
Livingston Michigan
Livingston Missouri
Livingston Illinois
Livingston New York
Livingston Kentucky
Livingston Parish Louisiana
Llano Texas
Logan North Dakota
Logan Nebraska
Logan Kansas
Logan Colorado
Logan West Virginia
Logan Ohio
Logan Arkansas
Logan Kentucky
Logan Illinois
Logan Oklahoma
Long Georgia
Lonoke Arkansas
Lorain Ohio
Los Alamos New Mexico
Los Angeles California
Loudon Tennessee
Loudoun Virginia
Louisa Iowa
Louisa Virginia
Loup Nebraska
Love Oklahoma
Loving Texas
Lowndes Alabama
Lowndes Mississippi
Lowndes Georgia
Lubbock Texas
Lucas Iowa
Lucas Ohio
Luce Michigan
Lumpkin Georgia
Luna New Mexico
Lunenburg Virginia
Luzerne Pennsylvania
Lycoming Pennsylvania
Lyman South Dakota
Lynchburg city Virginia
Lynn Texas
Lyon Kansas
Lyon Iowa
Lyon Nevada
Lyon Kentucky
Lyon Minnesota
Mackinac Michigan
Macomb Michigan
Macon Georgia
Macon Alabama
Macon Missouri
Macon North Carolina
Macon Tennessee
Macon Illinois
Macoupin Illinois
Madera California
Madison New York
Madison Mississippi
Madison Georgia
Madison Kentucky
Madison Alabama
Madison North Carolina
Madison Missouri
Madison Idaho
Madison Tennessee
Madison Arkansas
Madison Illinois
Madison Texas
Madison Nebraska
Madison Florida
Madison Virginia
Madison Indiana
Madison Montana
Madison Iowa
Madison Ohio
Madison Parish Louisiana
Magoffin Kentucky
Mahaska Iowa
Mahnomen Minnesota
Mahoning Ohio
Major Oklahoma
Malheur Oregon
Manassas Park city Virginia
Manassas city Virginia
Manatee Florida
Manistee Michigan
Manitowoc Wisconsin
Marathon Wisconsin
Marengo Alabama
Maricopa Arizona
Maries Missouri
Marin California
Marinette Wisconsin
Marion Florida
Marion Mississippi
Marion Georgia
Marion Missouri
Marion Ohio
Marion Indiana
Marion Kentucky
Marion Oregon
Marion South Carolina
Marion West Virginia
Marion Arkansas
Marion Illinois
Marion Texas
Marion Alabama
Marion Tennessee
Marion Iowa
Marion Kansas
Mariposa California
Marlboro South Carolina
Marquette Michigan
Marquette Wisconsin
Marshall Kansas
Marshall West Virginia
Marshall Illinois
Marshall Minnesota
Marshall Mississippi
Marshall Alabama
Marshall Kentucky
Marshall Oklahoma
Marshall Iowa
Marshall Indiana
Marshall South Dakota
Marshall Tennessee
Martin Texas
Martin North Carolina
Martin Kentucky
Martin Florida
Martin Indiana
Martin Minnesota
Martinsville city Virginia
Mason Illinois
Mason Kentucky
Mason Texas
Mason Washington
Mason West Virginia
Mason Michigan
Massac Illinois
Matagorda Texas
Matanuska-Susitna Borough Alaska
Mathews Virginia
Maui Hawaii
Maury Tennessee
Maverick Texas
Mayes Oklahoma
McClain Oklahoma
McCone Montana
McCook South Dakota
McCormick South Carolina
McCracken Kentucky
McCreary Kentucky
McCulloch Texas
McCurtain Oklahoma
McDonald Missouri
McDonough Illinois
McDowell North Carolina
McDowell West Virginia
McDuffie Georgia
McHenry Illinois
McHenry North Dakota
McIntosh Georgia
McIntosh North Dakota
McIntosh Oklahoma
McKean Pennsylvania
McKenzie North Dakota
McKinley New Mexico
McLean Kentucky
McLean Illinois
McLean North Dakota
McLennan Texas
McLeod Minnesota
McMinn Tennessee
McMullen Texas
McNairy Tennessee
McPherson Kansas
McPherson South Dakota
McPherson Nebraska
Meade Kansas
Meade Kentucky
Meade South Dakota
Meagher Montana
Mecklenburg Virginia
Mecklenburg North Carolina
Mecosta Michigan
Medina Ohio
Medina Texas
Meeker Minnesota
Meigs Tennessee
Meigs Ohio
Mellette South Dakota
Menard Illinois
Menard Texas
Mendocino California
Menifee Kentucky
Menominee Wisconsin
Menominee Michigan
Merced California
Mercer North Dakota
Mercer New Jersey
Mercer West Virginia
Mercer Missouri
Mercer Ohio
Mercer Kentucky
Mercer Pennsylvania
Mercer Illinois
Meriwether Georgia
Merrick Nebraska
Merrimack New Hampshire
Mesa Colorado
Metcalfe Kentucky
Miami Kansas
Miami Ohio
Miami Indiana
Miami-Dade Florida
Middlesex Connecticut
Middlesex Massachusetts
Middlesex Virginia
Middlesex New Jersey
Midland Michigan
Midland Texas
Mifflin Pennsylvania
Milam Texas
Millard Utah
Mille Lacs Minnesota
Miller Missouri
Miller Georgia
Miller Arkansas
Mills Iowa
Mills Texas
Milwaukee Wisconsin
Miner South Dakota
Mineral Montana
Mineral Nevada
Mineral Colorado
Mineral West Virginia
Mingo West Virginia
Minidoka Idaho
Minnehaha South Dakota
Missaukee Michigan
Mississippi Missouri
Mississippi Arkansas
Missoula Montana
Mitchell Georgia
Mitchell Iowa
Mitchell North Carolina
Mitchell Texas
Mitchell Kansas
Mobile Alabama
Modoc California
Moffat Colorado
Mohave Arizona
Moniteau Missouri
Monmouth New Jersey
Mono California
Monona Iowa
Monongalia West Virginia
Monroe Missouri
Monroe Alabama
Monroe Iowa
Monroe New York
Monroe Ohio
Monroe Kentucky
Monroe Georgia
Monroe Arkansas
Monroe Mississippi
Monroe Tennessee
Monroe Michigan
Monroe Illinois
Monroe Indiana
Monroe West Virginia
Monroe Wisconsin
Monroe Florida
Monroe Pennsylvania
Montague Texas
Montcalm Michigan
Monterey California
Montezuma Colorado
Montgomery North Carolina
Montgomery New York
Montgomery Georgia
Montgomery Missouri
Montgomery Arkansas
Montgomery Kansas
Montgomery Ohio
Montgomery Kentucky
Montgomery Pennsylvania
Montgomery Mississippi
Montgomery Maryland
Montgomery Illinois
Montgomery Texas
Montgomery Virginia
Montgomery Indiana
Montgomery Iowa
Montgomery Alabama
Montgomery Tennessee
Montmorency Michigan
Montour Pennsylvania
Montrose Colorado
Moody South Dakota
Moore Texas
Moore Tennessee
Moore North Carolina
Mora New Mexico
Morehouse Parish Louisiana
Morgan Georgia
Morgan Utah
Morgan Tennessee
Morgan Indiana
Morgan Ohio
Morgan Kentucky
Morgan Colorado
Morgan West Virginia
Morgan Alabama
Morgan Missouri
Morgan Illinois
Morrill Nebraska
Morris New Jersey
Morris Kansas
Morris Texas
Morrison Minnesota
Morrow Ohio
Morrow Oregon
Morton North Dakota
Morton Kansas
Motley Texas
Moultrie Illinois
Mountrail North Dakota
Mower Minnesota
Muhlenberg Kentucky
Multnomah Oregon
Murray Georgia
Murray Minnesota
Murray Oklahoma
Muscatine Iowa
Muscogee Georgia
Muskegon Michigan
Muskingum Ohio
Muskogee Oklahoma
Musselshell Montana
Nacogdoches Texas
Nance Nebraska
Nantucket Massachusetts
Napa California
Nash North Carolina
Nassau Florida
Nassau New York
Natchitoches Parish Louisiana
Natrona Wyoming
Navajo Arizona
Navarro Texas
Nelson Virginia
Nelson North Dakota
Nelson Kentucky
Nemaha Kansas
Nemaha Nebraska
Neosho Kansas
Neshoba Mississippi
Ness Kansas
Nevada Arkansas
Nevada California
New Castle Delaware
New Hanover North Carolina
New Haven Connecticut
New Kent Virginia
New London Connecticut
New Madrid Missouri
New York New York
Newaygo Michigan
Newberry South Carolina
Newport Rhode Island
Newport News city Virginia
Newton Texas
Newton Mississippi
Newton Indiana
Newton Missouri
Newton Georgia
Newton Arkansas
Nez Perce Idaho
Niagara New York
Nicholas West Virginia
Nicholas Kentucky
Nicollet Minnesota
Niobrara Wyoming
Noble Oklahoma
Noble Indiana
Noble Ohio
Nobles Minnesota
Nodaway Missouri
Nolan Texas
Nome Census Area Alaska
Norfolk Massachusetts
Norfolk city Virginia
Norman Minnesota
North Slope Borough Alaska
Northampton North Carolina
Northampton Pennsylvania
Northampton Virginia
Northumberland Pennsylvania
Northumberland Virginia
Northwest Arctic Borough Alaska
Norton Kansas
Norton city Virginia
Nottoway Virginia
Nowata Oklahoma
Noxubee Mississippi
Nuckolls Nebraska
Nueces Texas
Nye Nevada
O'Brien Iowa
Oakland Michigan
Obion Tennessee
Ocean New Jersey
Oceana Michigan
Ochiltree Texas
Oconee Georgia
Oconee South Carolina
Oconto Wisconsin
Ogemaw Michigan
Oglala Lakota South Dakota
Ogle Illinois
Oglethorpe Georgia
Ohio Kentucky
Ohio Indiana
Ohio West Virginia
Okaloosa Florida
Okanogan Washington
Okeechobee Florida
Okfuskee Oklahoma
Oklahoma Oklahoma
Okmulgee Oklahoma
Oktibbeha Mississippi
Oldham Texas
Oldham Kentucky
Oliver North Dakota
Olmsted Minnesota
Oneida Wisconsin
Oneida New York
Oneida Idaho
Onondaga New York
Onslow North Carolina
Ontario New York
Ontonagon Michigan
Orange New York
Orange North Carolina
Orange California
Orange Vermont
Orange Virginia
Orange Texas
Orange Florida
Orange Indiana
Orangeburg South Carolina
Oregon Missouri
Orleans Vermont
Orleans New York
Orleans Parish Louisiana
Osage Missouri
Osage Kansas
Osage Oklahoma
Osborne Kansas
Osceola Florida
Osceola Iowa
Osceola Michigan
Oscoda Michigan
Oswego New York
Otero Colorado
Otero New Mexico
Otoe Nebraska
Otsego New York
Otsego Michigan
Ottawa Ohio
Ottawa Oklahoma
Ottawa Michigan
Ottawa Kansas
Otter Tail Minnesota
Ouachita Arkansas
Ouachita Parish Louisiana
Ouray Colorado
Outagamie Wisconsin
Overton Tennessee
Owen Indiana
Owen Kentucky
Owsley Kentucky
Owyhee Idaho
Oxford Maine
Ozark Missouri
Ozaukee Wisconsin
Pacific Washington
Page Iowa
Page Virginia
Palm Beach Florida
Palo Alto Iowa
Palo Pinto Texas
Pamlico North Carolina
Panola Texas
Panola Mississippi
Park Colorado
Park Montana
Park Wyoming
Parke Indiana
Parker Texas
Parmer Texas
Pasco Florida
Pasquotank North Carolina
Passaic New Jersey
Patrick Virginia
Paulding Georgia
Paulding Ohio
Pawnee Nebraska
Pawnee Kansas
Pawnee Oklahoma
Payette Idaho
Payne Oklahoma
Peach Georgia
Pearl River Mississippi
Pecos Texas
Pembina North Dakota
Pemiscot Missouri
Pend Oreille Washington
Pender North Carolina
Pendleton West Virginia
Pendleton Kentucky
Pennington Minnesota
Pennington South Dakota
Penobscot Maine
Peoria Illinois
Pepin Wisconsin
Perkins Nebraska
Perkins South Dakota
Perquimans North Carolina
Perry Missouri
Perry Tennessee
Perry Kentucky
Perry Indiana
Perry Ohio
Perry Illinois
Perry Arkansas
Perry Mississippi
Perry Alabama
Perry Pennsylvania
Pershing Nevada
Person North Carolina
Petersburg Borough Alaska
Petersburg city Virginia
Petroleum Montana
Pettis Missouri
Phelps Nebraska
Phelps Missouri
Philadelphia Pennsylvania
Phillips Colorado
Phillips Arkansas
Phillips Montana
Phillips Kansas
Piatt Illinois
Pickaway Ohio
Pickens Alabama
Pickens Georgia
Pickens South Carolina
Pickett Tennessee
Pierce North Dakota
Pierce Wisconsin
Pierce Nebraska
Pierce Georgia
Pierce Washington
Pike Georgia
Pike Missouri
Pike Alabama
Pike Mississippi
Pike Ohio
Pike Indiana
Pike Kentucky
Pike Pennsylvania
Pike Arkansas
Pike Illinois
Pima Arizona
Pinal Arizona
Pine Minnesota
Pinellas Florida
Pipestone Minnesota
Piscataquis Maine
Pitkin Colorado
Pitt North Carolina
Pittsburg Oklahoma
Pittsylvania Virginia
Piute Utah
Placer California
Plaquemines Parish Louisiana
Platte Nebraska
Platte Wyoming
Platte Missouri
Pleasants West Virginia
Plumas California
Plymouth Massachusetts
Plymouth Iowa
Pocahontas Iowa
Pocahontas West Virginia
Poinsett Arkansas
Pointe Coupee Parish Louisiana
Polk Georgia
Polk North Carolina
Polk Oregon
Polk Tennessee
Polk Texas
Polk Arkansas
Polk Minnesota
Polk Florida
Polk Wisconsin
Polk Missouri
Polk Nebraska
Polk Iowa
Pondera Montana
Pontotoc Mississippi
Pontotoc Oklahoma
Pope Illinois
Pope Arkansas
Pope Minnesota
Poquoson city Virginia
Portage Ohio
Portage Wisconsin
Porter Indiana
Portsmouth city Virginia
Posey Indiana
Pottawatomie Oklahoma
Pottawatomie Kansas
Pottawattamie Iowa
Potter Texas
Potter Pennsylvania
Potter South Dakota
Powder River Montana
Powell Kentucky
Powell Montana
Power Idaho
Poweshiek Iowa
Powhatan Virginia
Prairie Montana
Prairie Arkansas
Pratt Kansas
Preble Ohio
Prentiss Mississippi
Presidio Texas
Presque Isle Michigan
Preston West Virginia
Price Wisconsin
Prince Edward Virginia
Prince George Virginia
Prince George's Maryland
Prince William Virginia
Prince of Wales-Hyder Census Area Alaska
Providence Rhode Island
Prowers Colorado
Pueblo Colorado
Pulaski Indiana
Pulaski Georgia
Pulaski Missouri
Pulaski Illinois
Pulaski Kentucky
Pulaski Arkansas
Pulaski Virginia
Pushmataha Oklahoma
Putnam Missouri
Putnam Tennessee
Putnam Ohio
Putnam Illinois
Putnam West Virginia
Putnam Indiana
Putnam New York
Putnam Georgia
Putnam Florida
Quay New Mexico
Queen Anne's Maryland
Queens New York
Quitman Georgia
Quitman Mississippi
Rabun Georgia
Racine Wisconsin
Radford city Virginia
Rains Texas
Raleigh West Virginia
Ralls Missouri
Ramsey Minnesota
Ramsey North Dakota
Randall Texas
Randolph Georgia
Randolph North Carolina
Randolph Arkansas
Randolph Illinois
Randolph Indiana
Randolph West Virginia
Randolph Alabama
Randolph Missouri
Rankin Mississippi
Ransom North Dakota
Rapides Parish Louisiana
Rappahannock Virginia
Ravalli Montana
Rawlins Kansas
Ray Missouri
Reagan Texas
Real Texas
Red Lake Minnesota
Red River Texas
Red River Parish Louisiana
Red Willow Nebraska
Redwood Minnesota
Reeves Texas
Refugio Texas
Reno Kansas
Rensselaer New York
Renville North Dakota
Renville Minnesota
Republic Kansas
Reynolds Missouri
Rhea Tennessee
Rice Minnesota
Rice Kansas
Rich Utah
Richardson Nebraska
Richland Montana
Richland North Dakota
Richland Wisconsin
Richland Ohio
Richland South Carolina
Richland Illinois
Richland Parish Louisiana
Richmond New York
Richmond North Carolina
Richmond Georgia
Richmond Virginia
Richmond city Virginia
Riley Kansas
Ringgold Iowa
Rio Arriba New Mexico
Rio Blanco Colorado
Rio Grande Colorado
Ripley Indiana
Ripley Missouri
Ritchie West Virginia
Riverside California
Roane West Virginia
Roane Tennessee
Roanoke Virginia
Roanoke city Virginia
Roberts South Dakota
Roberts Texas
Robertson Tennessee
Robertson Texas
Robertson Kentucky
Robeson North Carolina
Rock Minnesota
Rock Nebraska
Rock Wisconsin
Rock Island Illinois
Rockbridge Virginia
Rockcastle Kentucky
Rockdale Georgia
Rockingham North Carolina
Rockingham Virginia
Rockingham New Hampshire
Rockland New York
Rockwall Texas
Roger Mills Oklahoma
Rogers Oklahoma
Rolette North Dakota
Rooks Kansas
Roosevelt New Mexico
Roosevelt Montana
Roscommon Michigan
Roseau Minnesota
Rosebud Montana
Ross Ohio
Routt Colorado
Rowan North Carolina
Rowan Kentucky
Runnels Texas
Rush Indiana
Rush Kansas
Rusk Wisconsin
Rusk Texas
Russell Kansas
Russell Virginia
Russell Alabama
Russell Kentucky
Rutherford Tennessee
Rutherford North Carolina
Rutland Vermont
Sabine Texas
Sabine Parish Louisiana
Sac Iowa
Sacramento California
Sagadahoc Maine
Saginaw Michigan
Saguache Colorado
Salem New Jersey
Salem city Virginia
Saline Nebraska
Saline Arkansas
Saline Kansas
Saline Missouri
Saline Illinois
Salt Lake Utah
Saluda South Carolina
Sampson North Carolina
San Augustine Texas
San Benito California
San Bernardino California
San Diego California
San Francisco California
San Jacinto Texas
San Joaquin California
San Juan New Mexico
San Juan Washington
San Juan Colorado
San Juan Utah
San Luis Obispo California
San Mateo California
San Miguel New Mexico
San Miguel Colorado
San Patricio Texas
San Saba Texas
Sanborn South Dakota
Sanders Montana
Sandoval New Mexico
Sandusky Ohio
Sangamon Illinois
Sanilac Michigan
Sanpete Utah
Santa Barbara California
Santa Clara California
Santa Cruz California
Santa Cruz Arizona
Santa Fe New Mexico
Santa Rosa Florida
Sarasota Florida
Saratoga New York
Sargent North Dakota
Sarpy Nebraska
Sauk Wisconsin
Saunders Nebraska
Sawyer Wisconsin
Schenectady New York
Schleicher Texas
Schley Georgia
Schoharie New York
Schoolcraft Michigan
Schuyler Missouri
Schuyler New York
Schuyler Illinois
Schuylkill Pennsylvania
Scioto Ohio
Scotland Missouri
Scotland North Carolina
Scott Illinois
Scott Kentucky
Scott Arkansas
Scott Minnesota
Scott Virginia
Scott Mississippi
Scott Indiana
Scott Missouri
Scott Iowa
Scott Kansas
Scott Tennessee
Scotts Bluff Nebraska
Screven Georgia
Scurry Texas
Searcy Arkansas
Sebastian Arkansas
Sedgwick Kansas
Sedgwick Colorado
Seminole Oklahoma
Seminole Florida
Seminole Georgia
Seneca New York
Seneca Ohio
Sequatchie Tennessee
Sequoyah Oklahoma
Sevier Tennessee
Sevier Utah
Sevier Arkansas
Seward Kansas
Seward Nebraska
Shackelford Texas
Shannon Missouri
Sharkey Mississippi
Sharp Arkansas
Shasta California
Shawano Wisconsin
Shawnee Kansas
Sheboygan Wisconsin
Shelby Texas
Shelby Alabama
Shelby Indiana
Shelby Kentucky
Shelby Missouri
Shelby Ohio
Shelby Iowa
Shelby Tennessee
Shelby Illinois
Shenandoah Virginia
Sherburne Minnesota
Sheridan Montana
Sheridan Nebraska
Sheridan Kansas
Sheridan North Dakota
Sheridan Wyoming
Sherman Kansas
Sherman Nebraska
Sherman Oregon
Sherman Texas
Shiawassee Michigan
Shoshone Idaho
Sibley Minnesota
Sierra California
Sierra New Mexico
Silver Bow Montana
Simpson Mississippi
Simpson Kentucky
Sioux Nebraska
Sioux Iowa
Sioux North Dakota
Siskiyou California
Sitka City and Borough Alaska
Skagit Washington
Skagway Municipality Alaska
Skamania Washington
Slope North Dakota
Smith Kansas
Smith Mississippi
Smith Tennessee
Smith Texas
Smyth Virginia
Snohomish Washington
Snyder Pennsylvania
Socorro New Mexico
Solano California
Somerset Maryland
Somerset New Jersey
Somerset Pennsylvania
Somerset Maine
Somervell Texas
Sonoma California
Southampton Virginia
Southeast Fairbanks Census Area Alaska
Spalding Georgia
Spartanburg South Carolina
Spencer Kentucky
Spencer Indiana
Spink South Dakota
Spokane Washington
Spotsylvania Virginia
St. Bernard Parish Louisiana
St. Charles Missouri
St. Charles Parish Louisiana
St. Clair Alabama
St. Clair Missouri
St. Clair Illinois
St. Clair Michigan
St. Croix Wisconsin
St. Francis Arkansas
St. Francois Missouri
St. Helena Parish Louisiana
St. James Parish Louisiana
St. John the Baptist Parish Louisiana
St. Johns Florida
St. Joseph Michigan
St. Joseph Indiana
St. Landry Parish Louisiana
St. Lawrence New York
St. Louis Missouri
St. Louis Minnesota
St. Louis city Missouri
St. Lucie Florida
St. Martin Parish Louisiana
St. Mary Parish Louisiana
St. Mary's Maryland
St. Tammany Parish Louisiana
Stafford Kansas
Stafford Virginia
Stanislaus California
Stanley South Dakota
Stanly North Carolina
Stanton Nebraska
Stanton Kansas
Stark Ohio
Stark Illinois
Stark North Dakota
Starke Indiana
Starr Texas
Staunton city Virginia
Ste. Genevieve Missouri
Stearns Minnesota
Steele North Dakota
Steele Minnesota
Stephens Texas
Stephens Georgia
Stephens Oklahoma
Stephenson Illinois
Sterling Texas
Steuben Indiana
Steuben New York
Stevens Washington
Stevens Kansas
Stevens Minnesota
Stewart Tennessee
Stewart Georgia
Stillwater Montana
Stoddard Missouri
Stokes North Carolina
Stone Mississippi
Stone Missouri
Stone Arkansas
Stonewall Texas
Storey Nevada
Story Iowa
Strafford New Hampshire
Stutsman North Dakota
Sublette Wyoming
Suffolk New York
Suffolk Massachusetts
Suffolk city Virginia
Sullivan New York
Sullivan New Hampshire
Sullivan Pennsylvania
Sullivan Tennessee
Sullivan Indiana
Sullivan Missouri
Sully South Dakota
Summers West Virginia
Summit Colorado
Summit Utah
Summit Ohio
Sumner Tennessee
Sumner Kansas
Sumter Alabama
Sumter Florida
Sumter Georgia
Sumter South Carolina
Sunflower Mississippi
Surry Virginia
Surry North Carolina
Susquehanna Pennsylvania
Sussex New Jersey
Sussex Delaware
Sussex Virginia
Sutter California
Sutton Texas
Suwannee Florida
Swain North Carolina
Sweet Grass Montana
Sweetwater Wyoming
Swift Minnesota
Swisher Texas
Switzerland Indiana
Talbot Georgia
Talbot Maryland
Taliaferro Georgia
Talladega Alabama
Tallahatchie Mississippi
Tallapoosa Alabama
Tama Iowa
Taney Missouri
Tangipahoa Parish Louisiana
Taos New Mexico
Tarrant Texas
Tate Mississippi
Tattnall Georgia
Taylor Iowa
Taylor West Virginia
Taylor Kentucky
Taylor Florida
Taylor Georgia
Taylor Wisconsin
Taylor Texas
Tazewell Illinois
Tazewell Virginia
Tehama California
Telfair Georgia
Teller Colorado
Tensas Parish Louisiana
Terrebonne Parish Louisiana
Terrell Georgia
Terrell Texas
Terry Texas
Teton Montana
Teton Idaho
Teton Wyoming
Texas Oklahoma
Texas Missouri
Thayer Nebraska
Thomas Kansas
Thomas Georgia
Thomas Nebraska
Throckmorton Texas
Thurston Washington
Thurston Nebraska
Tift Georgia
Tillamook Oregon
Tillman Oklahoma
Tioga New York
Tioga Pennsylvania
Tippah Mississippi
Tippecanoe Indiana
Tipton Tennessee
Tipton Indiana
Tishomingo Mississippi
Titus Texas
Todd Minnesota
Todd South Dakota
Todd Kentucky
Tolland Connecticut
Tom Green Texas
Tompkins New York
Tooele Utah
Toole Montana
Toombs Georgia
Torrance New Mexico
Towner North Dakota
Towns Georgia
Traill North Dakota
Transylvania North Carolina
Traverse Minnesota
Travis Texas
Treasure Montana
Trego Kansas
Trempealeau Wisconsin
Treutlen Georgia
Trigg Kentucky
Trimble Kentucky
Trinity California
Trinity Texas
Tripp South Dakota
Troup Georgia
Trousdale Tennessee
Trumbull Ohio
Tucker West Virginia
Tulare California
Tulsa Oklahoma
Tunica Mississippi
Tuolumne California
Turner South Dakota
Turner Georgia
Tuscaloosa Alabama
Tuscarawas Ohio
Tuscola Michigan
Twiggs Georgia
Twin Falls Idaho
Tyler West Virginia
Tyler Texas
Tyrrell North Carolina
Uinta Wyoming
Uintah Utah
Ulster New York
Umatilla Oregon
Unicoi Tennessee
Union New Mexico
Union North Carolina
Union New Jersey
Union Florida
Union Kentucky
Union Indiana
Union Ohio
Union Georgia
Union Iowa
Union Oregon
Union Pennsylvania
Union South Carolina
Union South Dakota
Union Tennessee
Union Illinois
Union Arkansas
Union Mississippi
Union Parish Louisiana
Upshur West Virginia
Upshur Texas
Upson Georgia
Upton Texas
Utah Utah
Uvalde Texas
Val Verde Texas
Valdez-Cordova Census Area Alaska
Valencia New Mexico
Valley Idaho
Valley Montana
Valley Nebraska
Van Buren Iowa
Van Buren Tennessee
Van Buren Michigan
Van Buren Arkansas
Van Wert Ohio
Van Zandt Texas
Vance North Carolina
Vanderburgh Indiana
Venango Pennsylvania
Ventura California
Vermilion Illinois
Vermilion Parish Louisiana
Vermillion Indiana
Vernon Wisconsin
Vernon Missouri
Vernon Parish Louisiana
Victoria Texas
Vigo Indiana
Vilas Wisconsin
Vinton Ohio
Virginia Beach city Virginia
Volusia Florida
Wabash Illinois
Wabash Indiana
Wabasha Minnesota
Wabaunsee Kansas
Wadena Minnesota
Wagoner Oklahoma
Wahkiakum Washington
Wake North Carolina
Wakulla Florida
Waldo Maine
Walker Georgia
Walker Texas
Walker Alabama
Walla Walla Washington
Wallace Kansas
Waller Texas
Wallowa Oregon
Walsh North Dakota
Walthall Mississippi
Walton Georgia
Walton Florida
Walworth Wisconsin
Walworth South Dakota
Wapello Iowa
Ward Texas
Ward North Dakota
Ware Georgia
Warren New York
Warren North Carolina
Warren New Jersey
Warren Kentucky
Warren Georgia
Warren Illinois
Warren Pennsylvania
Warren Tennessee
Warren Virginia
Warren Mississippi
Warren Indiana
Warren Missouri
Warren Iowa
Warren Ohio
Warrick Indiana
Wasatch Utah
Wasco Oregon
Waseca Minnesota
Washakie Wyoming
Washburn Wisconsin
Washington Kansas
Washington North Carolina
Washington New York
Washington Missouri
Washington Georgia
Washington Nebraska
Washington Ohio
Washington Iowa
Washington Oregon
Washington Pennsylvania
Washington Rhode Island
Washington Maine
Washington Maryland
Washington Colorado
Washington Tennessee
Washington Alabama
Washington Texas
Washington Illinois
Washington Minnesota
Washington Utah
Washington Arkansas
Washington Idaho
Washington Vermont
Washington Virginia
Washington Mississippi
Washington Kentucky
Washington Wisconsin
Washington Indiana
Washington Florida
Washington Oklahoma
Washington Parish Louisiana
Washita Oklahoma
Washoe Nevada
Washtenaw Michigan
Watauga North Carolina
Watonwan Minnesota
Waukesha Wisconsin
Waupaca Wisconsin
Waushara Wisconsin
Wayne North Carolina
Wayne West Virginia
Wayne Pennsylvania
Wayne Indiana
Wayne Georgia
Wayne Kentucky
Wayne Missouri
Wayne Tennessee
Wayne Michigan
Wayne Illinois
Wayne Utah
Wayne Nebraska
Wayne Iowa
Wayne New York
Wayne Ohio
Wayne Mississippi
Waynesboro city Virginia
Weakley Tennessee
Webb Texas
Weber Utah
Webster Nebraska
Webster West Virginia
Webster Iowa
Webster Georgia
Webster Kentucky
Webster Mississippi
Webster Missouri
Webster Parish Louisiana
Weld Colorado
Wells Indiana
Wells North Dakota
West Baton Rouge Parish Louisiana
West Carroll Parish Louisiana
West Feliciana Parish Louisiana
Westchester New York
Westmoreland Virginia
Westmoreland Pennsylvania
Weston Wyoming
Wetzel West Virginia
Wexford Michigan
Wharton Texas
Whatcom Washington
Wheatland Montana
Wheeler Nebraska
Wheeler Georgia
Wheeler Oregon
Wheeler Texas
White Illinois
White Georgia
White Arkansas
White Indiana
White Tennessee
White Pine Nevada
Whiteside Illinois
Whitfield Georgia
Whitley Indiana
Whitley Kentucky
Whitman Washington
Wibaux Montana
Wichita Texas
Wichita Kansas
Wicomico Maryland
Wilbarger Texas
Wilcox Alabama
Wilcox Georgia
Wilkes Georgia
Wilkes North Carolina
Wilkin Minnesota
Wilkinson Mississippi
Wilkinson Georgia
Will Illinois
Willacy Texas
Williams North Dakota
Williams Ohio
Williamsburg South Carolina
Williamsburg city Virginia
Williamson Tennessee
Williamson Texas
Williamson Illinois
Wilson Tennessee
Wilson Texas
Wilson Kansas
Wilson North Carolina
Winchester city Virginia
Windham Vermont
Windham Connecticut
Windsor Vermont
Winkler Texas
Winn Parish Louisiana
Winnebago Illinois
Winnebago Wisconsin
Winnebago Iowa
Winneshiek Iowa
Winona Minnesota
Winston Mississippi
Winston Alabama
Wirt West Virginia
Wise Texas
Wise Virginia
Wolfe Kentucky
Wood Wisconsin
Wood Ohio
Wood Texas
Wood West Virginia
Woodbury Iowa
Woodford Kentucky
Woodford Illinois
Woodruff Arkansas
Woods Oklahoma
Woodson Kansas
Woodward Oklahoma
Worcester Massachusetts
Worcester Maryland
Worth Georgia
Worth Missouri
Worth Iowa
Wrangell City and Borough Alaska
Wright Iowa
Wright Minnesota
Wright Missouri
Wyandot Ohio
Wyandotte Kansas
Wyoming Pennsylvania
Wyoming West Virginia
Wyoming New York
Wythe Virginia
Yadkin North Carolina
Yakima Washington
Yakutat City and Borough Alaska
Yalobusha Mississippi
Yamhill Oregon
Yancey North Carolina
Yankton South Dakota
Yates New York
Yavapai Arizona
Yazoo Mississippi
Yell Arkansas
Yellow Medicine Minnesota
Yellowstone Montana
Yoakum Texas
Yolo California
York South Carolina
York Virginia
York Nebraska
York Maine
York Pennsylvania
Young Texas
Yuba California
Yukon-Koyukuk Census Area Alaska
Yuma Colorado
Yuma Arizona
Zapata Texas
Zavala Texas
Ziebach South Dakota
