Cuisine Type,Name,Address,Website
Mexican,El Girasol,"102 E 14th Ave Suite F, Cordele, GA 31015, USA",
Mexican,Los Compadres,"1116 16th Ave E, Cordele, GA 31015, USA",https://m.facebook.com/pages/Los-Compadres-Mexican-Restaurant/111553848884938
Mexican,"Surcheros - Cordele, GA","903A 16th Ave E, Cordele, GA 31015, USA",https://www.surcheros.com/
Mexican,El Milagro,"1207 16th Ave E Unit B, Cordele, GA 31015, USA",http://www.facebook.com/ElMilagroGalvez
Mexican,Pancho's Cantina & Grill,"2536 US-280, Cordele, GA 31015, USA",
Mexican,La Rivera - Authentic Mexican Food,"2010 Central Ave, Cordele, GA 31015, USA",
Mexican,Taco Bell,"1609 16th Ave E, Cordele, GA 31015, USA",https://locations.tacobell.com/ga/cordele/1609-16th-ave-e.html?utm_source=yext&utm_campaign=googlelistings&utm_medium=referral&utm_term=032029&utm_content=website&y_source=1_NjE0NTk4OS03MTUtbG9jYXRpb24ud2Vic2l0ZQ%3D%3D
Swedish,RailHouse Tavern,"129 W 11th Ave, Cordele, GA 31015, USA",https://www.railhousetavern.com/
Latvian,16 East Bar and Grill,"1309 16th Ave E, Cordele, GA 31015, USA",
Latvian,RailHouse Tavern,"129 W 11th Ave, Cordele, GA 31015, USA",https://www.railhousetavern.com/
Latvian,Daphne Lodge Restaurant,"2502 US-280, Cordele, GA 31015, USA",http://daphnelodge.com/
Latvian,Jamaican Jerk Restaurant,"106 16th Ave E, Cordele, GA 31015, USA",
Latvian,Cove At Lake Blackshear,"2528 US-280, Cordele, GA 31015, USA",http://www.thecoveatlakeblackshear.com/
Latvian,Cypress Grill,"2459 US-280 B, Cordele, GA 31015, USA",http://www.lakeblackshearresort.com/dining/cypress-grill/
Latvian,Tri-County Seafood,"401 Pecan St S, Cordele, GA 31015, USA",https://m.facebook.com/tricountyseafood
Latvian,Hachi Sushi and Japanese Grill,"1817 La Porte Dr, Cordele, GA 31015, USA",https://www.facebook.com/Hachi-Sushi-and-Japanese-Grill-1598297467126640/
Latvian,El Girasol,"102 E 14th Ave Suite F, Cordele, GA 31015, USA",
Latvian,Denny's,"2115 16th Ave E, Cordele, GA 31015, USA",https://locations.dennys.com/GA/CORDELE/246484?utm_source=yext&utm_medium=local-listing&utm_campaign=yext-listing&y_source=1_MjIyODI2Ni03MTUtbG9jYXRpb24ud2Vic2l0ZQ%3D%3D
Latvian,McDonald's,"1613 E 16th Ave, Cordele, GA 31015, USA",https://www.mcdonalds.com/us/en-us/location/GA/CORDELE/1613-EAST-16TH-AVENUE/3985.html?cid=RF:YXT:GMB::Clicks
Latvian,Chick-fil-A,"1711 E 16th Ave, Cordele, GA 31015, USA",https://www.chick-fil-a.com/locations/ga/cordele?utm_source=yext&utm_medium=link
Latvian,Cordelia's,"2459 US-280 West, Cordele, GA 31015, USA",https://www.lakeblackshearresort.com/dining/cordelias/
Italian,TJ's Italian American Restaurant,"2010-A Central Ave, Cordele, GA 31015, USA",
Spanish,El Girasol,"102 E 14th Ave Suite F, Cordele, GA 31015, USA",
Spanish,Los Compadres,"1116 16th Ave E, Cordele, GA 31015, USA",https://m.facebook.com/pages/Los-Compadres-Mexican-Restaurant/111553848884938
Spanish,El Milagro,"1207 16th Ave E Unit B, Cordele, GA 31015, USA",http://www.facebook.com/ElMilagroGalvez
Spanish,La Rivera - Authentic Mexican Food,"2010 Central Ave, Cordele, GA 31015, USA",
Spanish,"Surcheros - Cordele, GA","903A 16th Ave E, Cordele, GA 31015, USA",https://www.surcheros.com/
Spanish,Pancho's Cantina & Grill,"2536 US-280, Cordele, GA 31015, USA",
Spanish,Cove At Lake Blackshear,"2528 US-280, Cordele, GA 31015, USA",http://www.thecoveatlakeblackshear.com/
Spanish,16 East Bar and Grill,"1309 16th Ave E, Cordele, GA 31015, USA",
Spanish,RailHouse Tavern,"129 W 11th Ave, Cordele, GA 31015, USA",https://www.railhousetavern.com/
Spanish,Taco Bell,"1609 16th Ave E, Cordele, GA 31015, USA",https://locations.tacobell.com/ga/cordele/1609-16th-ave-e.html?utm_source=yext&utm_campaign=googlelistings&utm_medium=referral&utm_term=032029&utm_content=website&y_source=1_NjE0NTk4OS03MTUtbG9jYXRpb24ud2Vic2l0ZQ%3D%3D
Spanish,Hachi Sushi and Japanese Grill,"1817 La Porte Dr, Cordele, GA 31015, USA",https://www.facebook.com/Hachi-Sushi-and-Japanese-Grill-1598297467126640/
Spanish,Cracker Barrel Old Country Store,"1905 Central Ave, Cordele, GA 31015, USA",https://www.crackerbarrel.com/Locations/States/ga/cordele/456/?utm_source=google&utm_medium=maps&utm_campaign=crackerbarrelurl
Spanish,Daphne Lodge Restaurant,"2502 US-280, Cordele, GA 31015, USA",http://daphnelodge.com/
Spanish,Ninny's Delight,"511 5th Ave E Apt. F, Cordele, GA 31015, USA",
Spanish,Denny's,"2115 16th Ave E, Cordele, GA 31015, USA",https://locations.dennys.com/GA/CORDELE/246484?utm_source=yext&utm_medium=local-listing&utm_campaign=yext-listing&y_source=1_MjIyODI2Ni03MTUtbG9jYXRpb24ud2Vic2l0ZQ%3D%3D
Spanish,Jamaican Jerk Restaurant,"106 16th Ave E, Cordele, GA 31015, USA",
Spanish,Cypress Grill,"2459 US-280 B, Cordele, GA 31015, USA",http://www.lakeblackshearresort.com/dining/cypress-grill/
Spanish,Cordelia's,"2459 US-280 West, Cordele, GA 31015, USA",https://www.lakeblackshearresort.com/dining/cordelias/
American,16 East Bar and Grill,"1309 16th Ave E, Cordele, GA 31015, USA",
American,Daphne Lodge Restaurant,"2502 US-280, Cordele, GA 31015, USA",http://daphnelodge.com/
American,RailHouse Tavern,"129 W 11th Ave, Cordele, GA 31015, USA",https://www.railhousetavern.com/
American,VJ's Diner,"904 S 7th St, Cordele, GA 31015, USA",
American,Fast-Stop,"104 W 6th Ave, Cordele, GA 31015, USA",
American,Cracker Barrel Old Country Store,"1905 Central Ave, Cordele, GA 31015, USA",https://www.crackerbarrel.com/Locations/States/ga/cordele/456/?utm_source=google&utm_medium=maps&utm_campaign=crackerbarrelurl
American,Cove At Lake Blackshear,"2528 US-280, Cordele, GA 31015, USA",http://www.thecoveatlakeblackshear.com/
American,King's Deli - Cordele,"1411 16th Ave E, Cordele, GA 31015, USA",
American,Cordele Recreation Parlor,"4237, 105 W 11th Ave, Cordele, GA 31015, USA",https://m.facebook.com/cordelerecreationparlor
American,BJ's Diner 2,"102-C E 14th Ave, Cordele, GA 31015, USA",
American,Cypress Grill,"2459 US-280 B, Cordele, GA 31015, USA",http://www.lakeblackshearresort.com/dining/cypress-grill/
American,Paradise fast food and wings,"604 Joe Wright Dr, Cordele, GA 31015, USA",
American,Smoakies Bar-B-Que,"602 S Greer St, Cordele, GA 31015, USA",http://smoakies.com/
American,Cook Out,"1405 16th Ave E, Cordele, GA 31015, USA",http://www.cookout.com/
American,Carter's Fried Chicken,"1213 S 7th St, Cordele, GA 31015, USA",
American,Denny's,"2115 16th Ave E, Cordele, GA 31015, USA",https://locations.dennys.com/GA/CORDELE/246484?utm_source=yext&utm_medium=local-listing&utm_campaign=yext-listing&y_source=1_MjIyODI2Ni03MTUtbG9jYXRpb24ud2Vic2l0ZQ%3D%3D
American,"Surcheros - Cordele, GA","903A 16th Ave E, Cordele, GA 31015, USA",https://www.surcheros.com/
American,Bojangles,"1525 E 8th Ave, Cordele, GA 31015, USA",https://locations.bojangles.com/ga/cordele/1525-east-8th-avenue.html
American,El Girasol,"102 E 14th Ave Suite F, Cordele, GA 31015, USA",
American,Pancho's Cantina & Grill,"2536 US-280, Cordele, GA 31015, USA",
Scottish,Daphne Lodge Restaurant,"2502 US-280, Cordele, GA 31015, USA",http://daphnelodge.com/
Scottish,RailHouse Tavern,"129 W 11th Ave, Cordele, GA 31015, USA",https://www.railhousetavern.com/
Scottish,Cypress Grill,"2459 US-280 B, Cordele, GA 31015, USA",http://www.lakeblackshearresort.com/dining/cypress-grill/
Scottish,16 East Bar and Grill,"1309 16th Ave E, Cordele, GA 31015, USA",
Scottish,Cracker Barrel Old Country Store,"1905 Central Ave, Cordele, GA 31015, USA",https://www.crackerbarrel.com/Locations/States/ga/cordele/456/?utm_source=google&utm_medium=maps&utm_campaign=crackerbarrelurl
Scottish,McDonald's,"1613 E 16th Ave, Cordele, GA 31015, USA",https://www.mcdonalds.com/us/en-us/location/GA/CORDELE/1613-EAST-16TH-AVENUE/3985.html?cid=RF:YXT:GMB::Clicks
Scottish,Cordelia's,"2459 US-280 West, Cordele, GA 31015, USA",https://www.lakeblackshearresort.com/dining/cordelias/
British,RailHouse Tavern,"129 W 11th Ave, Cordele, GA 31015, USA",https://www.railhousetavern.com/
British,Cracker Barrel Old Country Store,"1905 Central Ave, Cordele, GA 31015, USA",https://www.crackerbarrel.com/Locations/States/ga/cordele/456/?utm_source=google&utm_medium=maps&utm_campaign=crackerbarrelurl
British,16 East Bar and Grill,"1309 16th Ave E, Cordele, GA 31015, USA",
British,Daphne Lodge Restaurant,"2502 US-280, Cordele, GA 31015, USA",http://daphnelodge.com/
British,Cypress Grill,"2459 US-280 B, Cordele, GA 31015, USA",http://www.lakeblackshearresort.com/dining/cypress-grill/
British,Denny's,"2115 16th Ave E, Cordele, GA 31015, USA",https://locations.dennys.com/GA/CORDELE/246484?utm_source=yext&utm_medium=local-listing&utm_campaign=yext-listing&y_source=1_MjIyODI2Ni03MTUtbG9jYXRpb24ud2Vic2l0ZQ%3D%3D
British,Cove At Lake Blackshear,"2528 US-280, Cordele, GA 31015, USA",http://www.thecoveatlakeblackshear.com/
British,Hachi Sushi and Japanese Grill,"1817 La Porte Dr, Cordele, GA 31015, USA",https://www.facebook.com/Hachi-Sushi-and-Japanese-Grill-1598297467126640/
British,Chick-fil-A,"1711 E 16th Ave, Cordele, GA 31015, USA",https://www.chick-fil-a.com/locations/ga/cordele?utm_source=yext&utm_medium=link
British,Hardee’s,"1702 E 16th Ave, Cordele, GA 31015, USA",https://locations.hardees.com/ga/cordele/1702-e-16th-ave
British,McDonald's,"1613 E 16th Ave, Cordele, GA 31015, USA",https://www.mcdonalds.com/us/en-us/location/GA/CORDELE/1613-EAST-16TH-AVENUE/3985.html?cid=RF:YXT:GMB::Clicks
British,Smoakies Bar-B-Que,"602 S Greer St, Cordele, GA 31015, USA",http://smoakies.com/
British,Cordelia's,"2459 US-280 West, Cordele, GA 31015, USA",https://www.lakeblackshearresort.com/dining/cordelias/
Thai,16 East Bar and Grill,"1309 16th Ave E, Cordele, GA 31015, USA",
Thai,Cove At Lake Blackshear,"2528 US-280, Cordele, GA 31015, USA",http://www.thecoveatlakeblackshear.com/
Thai,Tina's Kitchen Thai Cuisine,"328 Oneal Dr, Waverly Hall, GA 31831, USA",
Thai,Thai Garden,"Battlefield Pkwy, Fort Oglethorpe, GA 30742, USA",
Thai,Nakorn Thai Cuisine,"5448 New Jesup Hwy, Brunswick, GA 31525, USA",http://www.nakornthaicuisine.com/
Thai,Tup Tim Thai cuisine,"250 Golden Isles Plaza, Brunswick, GA 31520, USA",https://www.tuptimthaibrunswick.com/
Thai,Taste of Thailand,"121 Jonesboro Rd, Jonesboro, GA 30326, USA",
Thai,Inseethai asian cuisine,"622 Eagles Landing Pkwy, Stockbridge, GA 30281, USA",https://inseethaistockbridge.com/
Thai,Thai Norcross,"1200 Rockbridge Rd NW, Norcross, GA 30093, USA",http://www.thairestaurantnorcross.com/
Thai,Thai Basil Kitchen,"1475 Peachtree Pkwy, Cumming, GA 30041, USA",http://www.thaibasilkitchen.com/
Thai,Thai Basil Cuisine,"921 S Carroll Rd, Villa Rica, GA 30180, USA",http://thaibasilvr.com/
Thai,Tara Thai & Sushi,"307 Longview Plaza Driveway, St Simons Island, GA 31522, USA",http://www.tarathaisushi.com/
Thai,Siam Thai Restaurant,"123 Sycamore St, Decatur, GA 30030, USA",http://www.siamthaidecatur.com/
Thai,Tani Thai Restaurant,"15 E Main St NE, Buford, GA 30518, USA",http://www.tanithai.com/
Thai,Pad Thai,"2180 Pleasant Hill Rd b3, Duluth, GA 30096, USA",https://padthaiduluthga.smiledining.com/
Thai,Surina Thai,"2390 Chamblee Tucker Rd, Chamblee, GA 30341, USA",http://www.surinathai.com/
Thai,Papaya Thai Cuisine and Sushi Bar,"2457 Hwy 17, Richmond Hill, GA 31324, USA",https://www.facebook.com/Papaya-Thai-Cuisine-and-Sushi-Bar-Richmond-Hill-2305842136138161/
Thai,Klom Klom Thai,"7201 Hodgson Memorial Dr c, Savannah, GA 31406, USA",https://linktr.ee/eatklomklomthai
Thai,thai in decatur,"2670 E College Ave, Decatur, GA 30030, USA",http://www.thaiindecatur.com/
Thai,Sri Thai Kitchen & Sushi Bar,"1380 Atlantic Dr NW #14275, Atlanta, GA 30363, USA",http://www.srithaikitchen.com/
Japanese,Hachi Sushi and Japanese Grill,"1817 La Porte Dr, Cordele, GA 31015, USA",https://www.facebook.com/Hachi-Sushi-and-Japanese-Grill-1598297467126640/
Chinese,China One,"1217 E 16th Ave L, Cordele, GA 31015, USA",http://www.chinaonecordele.com/
Indian,Indian Hill,"1901 State Rte 41-N, Cordele, GA 31015, USA",
Indian,Jamaican Jerk Restaurant,"106 16th Ave E, Cordele, GA 31015, USA",
Indian,Dragon Buffet,"1217L 16th Ave E L, Cordele, GA 31015, USA",
Indian,16 East Bar and Grill,"1309 16th Ave E, Cordele, GA 31015, USA",
Indian,Cypress Grill,"2459 US-280 B, Cordele, GA 31015, USA",http://www.lakeblackshearresort.com/dining/cypress-grill/
Indian,Star Of India,"256 Commerce Dr, Peachtree City, GA 30269, USA",http://www.starofindiaptc.com/
Indian,NaaN Appetit,"1 N Godley Station Blvd Unit C 105, Pooler, GA 31322, USA",http://www.naanappetit.com/
Indian,Sizzling Spices,"106 Arnold Mill Rd Ste A-1, Woodstock, GA 30188, USA",https://sizzlingspiceswoodstock.com/
Indian,Masala Indian Cuisine,"1713 Church St, Decatur, GA 30033, USA",http://www.masaladecatur.com/
Indian,Pakwan Indian Cuisine,"7102 Abercorn St, Savannah, GA 31406, USA",http://www.pakwanus.com/
Indian,North Indian Flame Bar & Restaurant,"115 travelers pathways, Calhoun, GA 30701, USA",https://www.clover.com/online-ordering/nifbr-calhoun
Indian,Bawarchi Biryanis Decatur,"1685 Church St Suite 110, Decatur, GA 30033, USA",https://bawarchibiryanidecatur.com/
Indian,Mithaas Indian Cuisine,"11 Gateway Blvd S, Savannah, GA 31419, USA",https://mithaasus.com/
Indian,Chai Pani Decatur,"406 W Ponce de Leon Ave, Decatur, GA 30030, USA",https://www.chaipani.com/
Indian,Jai Ho Indian Kitchen | Krog Street Market,"99 Krog St NE Suite H, Atlanta, GA 30307, USA",https://jaihoatlanta.com/
Indian,Madras Mantra Decatur,"2179 Lawrenceville Hwy A, Decatur, GA 30033, USA",https://madrasmantra.com/
Indian,Namaste Indian Street Food,"4272 Washington Rd #5A, Evans, GA 30809, USA",https://www.namastestreetfood.com/
Indian,Prince Palace Indian Bistro,"3895 Cherokee St NW # 310, Kennesaw, GA 30144, USA",https://princepalaceindianbistropa.com/
Indian,Himalayan Curry Kitchen,"10074 Ford Ave, Richmond Hill, GA 31324, USA",http://www.himalayancurrykitchen.com/
Indian,Zyka: The Taste | Indian Restaurant | Decatur,"1677 Scott Blvd, Decatur, GA 30033, USA",https://zyka.com/
Canadian,Cracker Barrel Old Country Store,"1905 Central Ave, Cordele, GA 31015, USA",https://www.crackerbarrel.com/Locations/States/ga/cordele/456/?utm_source=google&utm_medium=maps&utm_campaign=crackerbarrelurl
Canadian,Cypress Grill,"2459 US-280 B, Cordele, GA 31015, USA",http://www.lakeblackshearresort.com/dining/cypress-grill/
Canadian,Daphne Lodge Restaurant,"2502 US-280, Cordele, GA 31015, USA",http://daphnelodge.com/
Canadian,16 East Bar and Grill,"1309 16th Ave E, Cordele, GA 31015, USA",
Canadian,RailHouse Tavern,"129 W 11th Ave, Cordele, GA 31015, USA",https://www.railhousetavern.com/
Canadian,Hachi Sushi and Japanese Grill,"1817 La Porte Dr, Cordele, GA 31015, USA",https://www.facebook.com/Hachi-Sushi-and-Japanese-Grill-1598297467126640/
Canadian,Denny's,"2115 16th Ave E, Cordele, GA 31015, USA",https://locations.dennys.com/GA/CORDELE/246484?utm_source=yext&utm_medium=local-listing&utm_campaign=yext-listing&y_source=1_MjIyODI2Ni03MTUtbG9jYXRpb24ud2Vic2l0ZQ%3D%3D
Canadian,Chick-fil-A,"1711 E 16th Ave, Cordele, GA 31015, USA",https://www.chick-fil-a.com/locations/ga/cordele?utm_source=yext&utm_medium=link
Canadian,McDonald's,"1613 E 16th Ave, Cordele, GA 31015, USA",https://www.mcdonalds.com/us/en-us/location/GA/CORDELE/1613-EAST-16TH-AVENUE/3985.html?cid=RF:YXT:GMB::Clicks
Canadian,Cove At Lake Blackshear,"2528 US-280, Cordele, GA 31015, USA",http://www.thecoveatlakeblackshear.com/
Canadian,SL Sausage Company,"2346 GA-300, Cordele, GA 31015, USA",http://www.slsausage.com/
Canadian,Cordelia's,"2459 US-280 West, Cordele, GA 31015, USA",https://www.lakeblackshearresort.com/dining/cordelias/
Russian,Krystal,"1815 E 16th Ave, Cordele, GA 31015, USA",https://locations.krystal.com/ga/cordele/1815-east-16th-avenue
Jewish,King's Deli - Cordele,"1411 16th Ave E, Cordele, GA 31015, USA",
Jewish,VJ's Diner,"904 S 7th St, Cordele, GA 31015, USA",
Jewish,16 East Bar and Grill,"1309 16th Ave E, Cordele, GA 31015, USA",
Polish,Daphne Lodge Restaurant,"2502 US-280, Cordele, GA 31015, USA",http://daphnelodge.com/
Polish,RailHouse Tavern,"129 W 11th Ave, Cordele, GA 31015, USA",https://www.railhousetavern.com/
Polish,Cypress Grill,"2459 US-280 B, Cordele, GA 31015, USA",http://www.lakeblackshearresort.com/dining/cypress-grill/
Polish,16 East Bar and Grill,"1309 16th Ave E, Cordele, GA 31015, USA",
Polish,Cove At Lake Blackshear,"2528 US-280, Cordele, GA 31015, USA",http://www.thecoveatlakeblackshear.com/
Polish,Polonia Cafe,"7419 County Rd Z, Custer, WI 54423, USA",
Polish,Hachi Sushi and Japanese Grill,"1817 La Porte Dr, Cordele, GA 31015, USA",https://www.facebook.com/Hachi-Sushi-and-Japanese-Grill-1598297467126640/
Polish,Staropolska Restaurant,"3030 N Milwaukee Ave, Chicago, IL 60618, USA",http://staropolskarestaurant.com/
Polish,Chick-fil-A,"1711 E 16th Ave, Cordele, GA 31015, USA",https://www.chick-fil-a.com/locations/ga/cordele?utm_source=yext&utm_medium=link
Polish,McDonald's,"1613 E 16th Ave, Cordele, GA 31015, USA",https://www.mcdonalds.com/us/en-us/location/GA/CORDELE/1613-EAST-16TH-AVENUE/3985.html?cid=RF:YXT:GMB::Clicks
Polish,Denny's,"2115 16th Ave E, Cordele, GA 31015, USA",https://locations.dennys.com/GA/CORDELE/246484?utm_source=yext&utm_medium=local-listing&utm_campaign=yext-listing&y_source=1_MjIyODI2Ni03MTUtbG9jYXRpb24ud2Vic2l0ZQ%3D%3D
Polish,Polska Chata LLC,"32 Vinedale Ave, Rochester, NY 14622, USA",http://polskachatallc.com/
Polish,Gladys Kitchen,"Perlis Plaza Shopping Center, 1009 Martin Luther King Jr Blv, Americus, GA 31719, USA",https://gladys-kitchen.square.site/
Polish,Krzysiak's House Restaurant,"1605 Michigan Ave, Bay City, MI 48708, USA",https://www.krzysiaks.com/
Polish,Polonus Restaurant,"1744 Biddle Ave, Wyandotte, MI 48192, USA",http://www.instagram.com/polonus_restaurant
Polish,Zagloba Polish Bar & Restaurant,"700 NY-27A, Amityville, NY 11701, USA",http://www.facebook.com/people/Zagloba-Bar/100001301755640
Polish,Polka Restaurant,"4112 Verdugo Rd, Los Angeles, CA 90065, USA",http://polkarestaurant.com/
Polish,The Home Depot,"2011 Central Ave, Cordele, GA 31015, USA",https://www.homedepot.com/l/Cordele/GA/Cordele/31015/1773
Polish,Waylon's Family Restaurant,"77 E Oak St, McRae-Helena, GA 31055, USA",https://www.facebook.com/Waylonsfb
Polish,Laszlo's Iron Skillet Restaurant,"1020 Ohio Pike, Cincinnati, OH 45245, USA",http://www.laszlosironskillet.com/
German,RailHouse Tavern,"129 W 11th Ave, Cordele, GA 31015, USA",https://www.railhousetavern.com/
German,16 East Bar and Grill,"1309 16th Ave E, Cordele, GA 31015, USA",
German,Daphne Lodge Restaurant,"2502 US-280, Cordele, GA 31015, USA",http://daphnelodge.com/
German,Cracker Barrel Old Country Store,"1905 Central Ave, Cordele, GA 31015, USA",https://www.crackerbarrel.com/Locations/States/ga/cordele/456/?utm_source=google&utm_medium=maps&utm_campaign=crackerbarrelurl
German,Cypress Grill,"2459 US-280 B, Cordele, GA 31015, USA",http://www.lakeblackshearresort.com/dining/cypress-grill/
German,Hofbrauhaus Restaurant,"9001 N Main St, Helen, GA 30545, USA",https://www.hofbrauhaushelenga.net/
German,Bodensee,"64 Munich Strasse, Helen, GA 30545, USA",http://www.bodenseerestaurant.com/
German,Augsburg Haus LLC,"4460 Washington Rd, Evans, GA 30809, USA",http://www.augsburghaus.com/
German,Reens' Bratzeit & Biergarten,"77 Memorial Dr # A, Dahlonega, GA 30533, USA",
German,Crisp Regional Hospital,"902 7th St N, Cordele, GA 31015, USA",http://www.crispregional.org/
German,Villa Europa Restaurant and Lounge,"3044 Deans Bridge Rd, Augusta, GA 30906, USA",http://www.villaeuropa.com/
German,Georgia Veterans State Park,"2459 US-280 w, Cordele, GA 31015, USA",http://www.lakeblackshearresort.com/ga-veterans-park/
German,Cordelia's,"2459 US-280 West, Cordele, GA 31015, USA",https://www.lakeblackshearresort.com/dining/cordelias/
German,The Village Corner German Restaurant & Bakery,"6655 James B Rivers Memorial Dr, Stone Mountain, GA 30083, USA",http://www.germanrestaurant.com/
French,Daphne Lodge Restaurant,"2502 US-280, Cordele, GA 31015, USA",http://daphnelodge.com/
French,16 East Bar and Grill,"1309 16th Ave E, Cordele, GA 31015, USA",
French,Cracker Barrel Old Country Store,"1905 Central Ave, Cordele, GA 31015, USA",https://www.crackerbarrel.com/Locations/States/ga/cordele/456/?utm_source=google&utm_medium=maps&utm_campaign=crackerbarrelurl
French,VJ's Diner,"904 S 7th St, Cordele, GA 31015, USA",
French,Carter's Fried Chicken,"1213 S 7th St, Cordele, GA 31015, USA",
French,Waffle House,"1007 Arc Wy, Cordele, GA 31015, USA",https://locations.wafflehouse.com/cordele-ga-130
French,Bojangles,"1525 E 8th Ave, Cordele, GA 31015, USA",https://locations.bojangles.com/ga/cordele/1525-east-8th-avenue.html
French,Chick-fil-A,"1711 E 16th Ave, Cordele, GA 31015, USA",https://www.chick-fil-a.com/locations/ga/cordele?utm_source=yext&utm_medium=link
French,KFC,"1504 16th Ave E, Cordele, GA 31015, USA",https://locations.kfc.com/ga/cordele/1504-e-16th-avenue
French,Denny's,"2115 16th Ave E, Cordele, GA 31015, USA",https://locations.dennys.com/GA/CORDELE/246484?utm_source=yext&utm_medium=local-listing&utm_campaign=yext-listing&y_source=1_MjIyODI2Ni03MTUtbG9jYXRpb24ud2Vic2l0ZQ%3D%3D
French,Cove At Lake Blackshear,"2528 US-280, Cordele, GA 31015, USA",http://www.thecoveatlakeblackshear.com/
French,Los Compadres,"1116 16th Ave E, Cordele, GA 31015, USA",https://m.facebook.com/pages/Los-Compadres-Mexican-Restaurant/111553848884938
French,El Milagro,"1207 16th Ave E Unit B, Cordele, GA 31015, USA",http://www.facebook.com/ElMilagroGalvez
French,Hardee’s,"1702 E 16th Ave, Cordele, GA 31015, USA",https://locations.hardees.com/ga/cordele/1702-e-16th-ave
French,El Girasol,"102 E 14th Ave Suite F, Cordele, GA 31015, USA",
French,Captain D's,"1710 16th Ave E, Cordele, GA 31015, USA",https://locations.captainds.com/ll/US/GA/Cordele/1710-E-16th-Ave
French,Wendy's,"1515 E 16th Ave, Cordele, GA 31015, USA",https://locations.wendys.com/united-states/ga/cordele/1515-e-16th-avenue?utm_source=Yext&utm_medium=Google_My_Business&utm_campaign=Local_Search&utm_content=EN_US
French,Burger King,"1109 16th Ave E, Cordele, GA 31015, USA",https://burgerking.com/store-locator/store/restaurant_2530
French,Cook Out,"1405 16th Ave E, Cordele, GA 31015, USA",http://www.cookout.com/
French,BJ's Diner 2,"102-C E 14th Ave, Cordele, GA 31015, USA",
Hawaiian,Hachi Sushi and Japanese Grill,"1817 La Porte Dr, Cordele, GA 31015, USA",https://www.facebook.com/Hachi-Sushi-and-Japanese-Grill-1598297467126640/
Hawaiian,Cypress Grill,"2459 US-280 B, Cordele, GA 31015, USA",http://www.lakeblackshearresort.com/dining/cypress-grill/
Hawaiian,RailHouse Tavern,"129 W 11th Ave, Cordele, GA 31015, USA",https://www.railhousetavern.com/
Hawaiian,Smoakies Bar-B-Que,"602 S Greer St, Cordele, GA 31015, USA",http://smoakies.com/
Hawaiian,Hawaiian Style BBQ,"2801 Washington Rd Suite 105, Augusta, GA 30909, USA",https://hawaiianbbqaugusta.com/
Hawaiian,Little Hawaiian Seafood Grill & Bakery27Cedar,"809 Cedar St, Carrollton, GA 30117, USA",https://www.littlehawaiianrestaurant.com/
Hawaiian,Lake Blackshear Resort & Golf Club,"2459-H, 2459 US-280 West, Cordele, GA 31015, USA",http://www.lakeblackshearresort.com/
Hawaiian,Chick-fil-A,"1711 E 16th Ave, Cordele, GA 31015, USA",https://www.chick-fil-a.com/locations/ga/cordele?utm_source=yext&utm_medium=link
Hawaiian,Little Caesars Pizza,"817 16th Ave E, Cordele, GA 31015, USA",https://littlecaesars.com/en-us/store/9663
Hawaiian,Hunt Brothers Pizza,"2002 US-41, Cordele, GA 31015, USA",https://www.huntbrotherspizza.com/
Hawaiian,Pizza Hut,"1510 16th Ave E, Cordele, GA 31015, USA",https://locations.pizzahut.com/ga/cordele/1510-16th-ave-e?utm_medium=organic&utm_source=local&utm_campaign=googlelistings&utm_content=website&utm_term=285727
Hawaiian,Papa Johns Pizza,"1207 16th Ave E A STE A, Cordele, GA 31015, USA",https://locations.papajohns.com/united-states/ga/31015/cordele/1207-e-16th-ave-a?utm_source=gmb&utm_medium=organic&y_source=1_OTQwMTA3MzktNzE1LWxvY2F0aW9uLndlYnNpdGU%3D
Hawaiian,Waikikie Hawaiian BBQ,"2160 Briarcliff Rd NE, Atlanta, GA 30329, USA",https://waikikie.com/
Hawaiian,Popeyes Louisiana Kitchen,"1515 E Union St, Vienna, GA 31092, USA",https://www.popeyes.com/store-locator/store/restaurant_82714?utm_source=yext&utm_medium=referral&utm_campaign=organic-local-listings
Hawaiian,Chick-fil-A,"1202 U.S. Hwy 19 S, Leesburg, GA 31763, USA",https://www.chick-fil-a.com/locations/ga/lee-crossings?utm_source=yext&utm_medium=link
Hawaiian,Hunt Brothers Pizza,"2452 US-280, Cordele, GA 31015, USA",https://www.huntbrotherspizza.com/
Hawaiian,Hunt Brothers Pizza,"1335 GA-257, Cordele, GA 31015, USA",https://www.huntbrotherspizza.com/
Hawaiian,Mellow Mushroom Albany,"2825 Nottingham Way, Albany, GA 31707, USA",https://mellowmushroom.com/location/ga-albany-2825-nottingham-way-31707/?utm_source=gmb&utm_medium=organic&utm_campaign=Albany-GA&utm_content=44
Hawaiian,Chick-fil-A,"1197 US-82, Tifton, GA 31793, USA",https://www.chick-fil-a.com/locations/ga/tifton?utm_source=yext&utm_medium=link
Hawaiian,Mikata Japanese Steakhouse & Sushi Bar,"2610 Dawson Rd, Albany, GA 31707, USA",https://mikatajapanesesteakhouse.com/
Brazilian,16 East Bar and Grill,"1309 16th Ave E, Cordele, GA 31015, USA",
Brazilian,"Surcheros - Cordele, GA","903A 16th Ave E, Cordele, GA 31015, USA",https://www.surcheros.com/
Brazilian,El Girasol,"102 E 14th Ave Suite F, Cordele, GA 31015, USA",
Brazilian,Pancho's Cantina & Grill,"2536 US-280, Cordele, GA 31015, USA",
Brazilian,Smoakies Bar-B-Que,"602 S Greer St, Cordele, GA 31015, USA",http://smoakies.com/
Brazilian,Cypress Grill,"2459 US-280 B, Cordele, GA 31015, USA",http://www.lakeblackshearresort.com/dining/cypress-grill/
Brazilian,Sabor Do Brasil,"2858 Delk Rd SE Suite 120, Marietta, GA 30067, USA",http://www.sabormarietta.com/
Brazilian,Rio Steakhouse and Bakery,"Buffet hours vary from business hours. Please call for any questions, 1275 Powers Ferry Rd ste 230, Marietta, GA 30067, USA",https://instagram.com/riosteakhousebakery?igshid=OGQ5ZDc2ODk2ZA==
Brazilian,Fogo de Chão Brazilian Steakhouse,"4671 Ashford Dunwoody Rd, Dunwoody, GA 30346, USA",https://fogodechao.com/location/dunwoody/
Brazilian,Porto Brasil Restaurant,"7887 Roswell Rd, Atlanta, GA 30350, USA",http://portobrasilrestaurant.com/
Brazilian,Fogo de Chão Brazilian Steakhouse,"3101 Piedmont Rd, Atlanta, GA 30305, USA",https://fogodechao.com/location/atlanta/
Brazilian,Churras Steakhouse & Bakery,"3940 Cherokee St NW, Kennesaw, GA 30144, USA",https://churrassteakhouse.com/
Brazilian,Red & Green Brazilian Steak House,"5979 Buford Hwy NE suite b-1, Atlanta, GA 30340, USA",http://www.redandgreensteakhouse.com/
Brazilian,Beef Grill,"8599 Roswell Rd, Atlanta, GA 30350, USA",https://m.facebook.com/Beef-Grill-148899071854164/
Brazilian,Rodizio Grill Chattanooga Hamilton Place,"2100 Hamilton Pl Blvd #201, Chattanooga, TN 37421, USA",https://www.rodiziogrill.com/chattanoogahamiltonplace/
Brazilian,Rodizio Grill - Pensacola,"605 E Gregory St, Pensacola, FL 32502, USA",https://www.rodiziogrill.com/pensacola/
Brazilian,Brazilian Bakery Cafe,"1260 Powers Ferry Rd A, Marietta, GA 30067, USA",http://brazilianbakerycafe.com/
Brazilian,Terra Gaucha Brazilian Steakhouse - Jacksonville,"4483 Southside Blvd, Jacksonville, FL 32216, USA",http://terragaucha.com/
Brazilian,Smoothie King,"113 Prince St, Americus, GA 31709, USA",https://locations.smoothieking.com/ll/us/ga/americus/113-prince-street/
Brazilian,Fogo de Chão Brazilian Steakhouse,"5908 Headquarters Dr Ste. K150, Plano, TX 75024, USA",https://fogodechao.com/location/plano/
Peruvian,16 East Bar and Grill,"1309 16th Ave E, Cordele, GA 31015, USA",
Peruvian,Pancho's Cantina & Grill,"2536 US-280, Cordele, GA 31015, USA",
Peruvian,El Girasol,"102 E 14th Ave Suite F, Cordele, GA 31015, USA",
Peruvian,Costa Verde Restaurant,"6200 Buford Hwy, Norcross, GA 30071, USA",
Peruvian,The Freakin Incan,"4651 Woodstock Rd Suite 305, Roswell, GA 30075, USA",https://www.thefreakinincan.com/
Peruvian,Las Brasas,"614 Church St, Decatur, GA 30030, USA",http://lasbrasasdecatur.com/
Peruvian,La Casita Peruvian Restaurant,"104 Dogwood Ave, Richmond Hill, GA 31324, USA",https://lacasitaperuvianrestaurantrichmondhill.com/
Peruvian,Quechuas Peru Restaurant,"4825 Sugarloaf Pkwy STE G, Lawrenceville, GA 30044, USA",https://quechuasrestaurant.com/
Peruvian,Krystal,"1815 E 16th Ave, Cordele, GA 31015, USA",https://locations.krystal.com/ga/cordele/1815-east-16th-avenue
Peruvian,Tio Lucho's,"675 North Highland Avenue Northeast Suite 6000, Atlanta, GA 30306, USA",http://www.tioluchos.com/
Peruvian,Cordelia's,"2459 US-280 West, Cordele, GA 31015, USA",https://www.lakeblackshearresort.com/dining/cordelias/
Salvadorian,El Girasol,"102 E 14th Ave Suite F, Cordele, GA 31015, USA",
Salvadorian,Los Compadres,"1116 16th Ave E, Cordele, GA 31015, USA",https://m.facebook.com/pages/Los-Compadres-Mexican-Restaurant/111553848884938
Salvadorian,El Milagro,"1207 16th Ave E Unit B, Cordele, GA 31015, USA",http://www.facebook.com/ElMilagroGalvez
Salvadorian,Pancho's Cantina & Grill,"2536 US-280, Cordele, GA 31015, USA",
Salvadorian,Delicias Salvadorenas,"415 Green St, Warner Robins, GA 31093, USA",
Salvadorian,"Surcheros - Cordele, GA","903A 16th Ave E, Cordele, GA 31015, USA",https://www.surcheros.com/
Salvadorian,Smoakies Bar-B-Que,"602 S Greer St, Cordele, GA 31015, USA",http://smoakies.com/
Cuban,La esquina cubana,"1602 W Forsyth St, Americus, GA 31709, USA",https://www.facebook.com/profile.php?id=100065604484931
Tibetan,Daphne Lodge Restaurant,"2502 US-280, Cordele, GA 31015, USA",http://daphnelodge.com/
Tibetan,16 East Bar and Grill,"1309 16th Ave E, Cordele, GA 31015, USA",
Tibetan,Krystal,"1815 E 16th Ave, Cordele, GA 31015, USA",https://locations.krystal.com/ga/cordele/1815-east-16th-avenue
Tibetan,Cordelia's,"2459 US-280 West, Cordele, GA 31015, USA",https://www.lakeblackshearresort.com/dining/cordelias/
Egyptian,Cypress Grill,"2459 US-280 B, Cordele, GA 31015, USA",http://www.lakeblackshearresort.com/dining/cypress-grill/
Greek,Daphne Lodge Restaurant,"2502 US-280, Cordele, GA 31015, USA",http://daphnelodge.com/
Greek,Gyro City Mediterranean Grill,"116 W Lamar St, Americus, GA 31709, USA",
Greek,Cypress Grill,"2459 US-280 B, Cordele, GA 31015, USA",http://www.lakeblackshearresort.com/dining/cypress-grill/
Greek,Greek Village,"1801 Watson Blvd, Warner Robins, GA 31093, USA",http://www.greekvillagerestaurant.com/
Greek,Cove At Lake Blackshear,"2528 US-280, Cordele, GA 31015, USA",http://www.thecoveatlakeblackshear.com/
Greek,Taverna Opa Orlando,"9101 International Dr #2240, Orlando, FL 32819, USA",https://opaorlando.com/?utm_source=google&utm_medium=organic&utm_campaign=google%20my%20business
Greek,Mediterranean Breeze Bar And Grill,"130 John W Morrow Jr Pkwy Suite i and j, Gainesville, GA 30501, USA",https://www.medbreezebarandgrill.com/
Greek,Alpha Gyro Grill,"215 Jesse Jewell Pkwy SE, Gainesville, GA 30501, USA",https://www.facebook.com/alphagyrogrill/
Greek,Chick-fil-A,"1711 E 16th Ave, Cordele, GA 31015, USA",https://www.chick-fil-a.com/locations/ga/cordele?utm_source=yext&utm_medium=link
Greek,Arby's,"2201 16th Ave E, Cordele, GA 31015, USA",https://locations.arbys.com/ga/cordele/2201-e-16th-ave.html?utm_source=google%20my%20business&utm_medium=organic&utm_campaign=website%20link
Greek,Denny's,"2115 16th Ave E, Cordele, GA 31015, USA",https://locations.dennys.com/GA/CORDELE/246484?utm_source=yext&utm_medium=local-listing&utm_campaign=yext-listing&y_source=1_MjIyODI2Ni03MTUtbG9jYXRpb24ud2Vic2l0ZQ%3D%3D
Greek,Crisp Regional Hospital,"902 7th St N, Cordele, GA 31015, USA",http://www.crispregional.org/
Greek,Olympus Greek Taverna,"4090 Johns Creek Pkwy I, Suwanee, GA 30024, USA",https://olympustaverna.com/
Greek,Yeero Village,"4751 Sandy Plains Rd, Roswell, GA 30075, USA",https://yeerovillagegreekrest.com/
Greek,Starbucks,"1211 16th Ave E, Cordele, GA 31015, USA",https://www.starbucks.ca/store-locator/store/1039221/16th-pecan-1211-e-16th-ave-a-cordele-ga-31015-us
Greek,Ephesus Greek&Turkish kabob place,"3102 Washington Rd, Augusta, GA 30907, USA",https://ephesusgreekturkishga.com/
Greek,Mo's Mediterranean Table,"200 N Patterson St, Valdosta, GA 31601, USA",https://mosmediterraneantable.com/
Greek,Laziza Mediterranean Grill - Evans,"4272 Washington Rd, Evans, GA 30809, USA",http://www.lazizagrill.com/
Greek,Acropolis Grill,"2213 Hamilton Pl Blvd, Chattanooga, TN 37421, USA",http://acropolisgrill.com/
Greek,Santorini Greek Restaurant,"3005 Old Alabama Rd Suite 100, Johns Creek, GA 30022, USA",https://www.instagram.com/santorinirestaurantga/
Belgian,Daphne Lodge Restaurant,"2502 US-280, Cordele, GA 31015, USA",http://daphnelodge.com/
Belgian,RailHouse Tavern,"129 W 11th Ave, Cordele, GA 31015, USA",https://www.railhousetavern.com/
Belgian,Props Steak and Seafood Restaurant,"1289 S Houston Lake Rd, Warner Robins, GA 31088, USA",https://propswr.com/
Belgian,VJ's Diner,"904 S 7th St, Cordele, GA 31015, USA",
Belgian,16 East Bar and Grill,"1309 16th Ave E, Cordele, GA 31015, USA",
Belgian,BJ's Diner 2,"102-C E 14th Ave, Cordele, GA 31015, USA",
Belgian,Cypress Grill,"2459 US-280 B, Cordele, GA 31015, USA",http://www.lakeblackshearresort.com/dining/cypress-grill/
Belgian,Cove At Lake Blackshear,"2528 US-280, Cordele, GA 31015, USA",http://www.thecoveatlakeblackshear.com/
Belgian,Cracker Barrel Old Country Store,"1905 Central Ave, Cordele, GA 31015, USA",https://www.crackerbarrel.com/Locations/States/ga/cordele/456/?utm_source=google&utm_medium=maps&utm_campaign=crackerbarrelurl
Belgian,Denny's,"2115 16th Ave E, Cordele, GA 31015, USA",https://locations.dennys.com/GA/CORDELE/246484?utm_source=yext&utm_medium=local-listing&utm_campaign=yext-listing&y_source=1_MjIyODI2Ni03MTUtbG9jYXRpb24ud2Vic2l0ZQ%3D%3D
Belgian,Waffle House,"1007 Arc Wy, Cordele, GA 31015, USA",https://locations.wafflehouse.com/cordele-ga-130
Belgian,Smoakies Bar-B-Que,"602 S Greer St, Cordele, GA 31015, USA",http://smoakies.com/
Belgian,Hachi Sushi and Japanese Grill,"1817 La Porte Dr, Cordele, GA 31015, USA",https://www.facebook.com/Hachi-Sushi-and-Japanese-Grill-1598297467126640/
Belgian,Chick-fil-A,"1711 E 16th Ave, Cordele, GA 31015, USA",https://www.chick-fil-a.com/locations/ga/cordele?utm_source=yext&utm_medium=link
Belgian,El Girasol,"102 E 14th Ave Suite F, Cordele, GA 31015, USA",
Belgian,McDonald's,"1613 E 16th Ave, Cordele, GA 31015, USA",https://www.mcdonalds.com/us/en-us/location/GA/CORDELE/1613-EAST-16TH-AVENUE/3985.html?cid=RF:YXT:GMB::Clicks
Belgian,Cordelia's,"2459 US-280 West, Cordele, GA 31015, USA",https://www.lakeblackshearresort.com/dining/cordelias/
Belgian,Buoy’s on Blackshear,"4262 US-280, Cobb, GA 31735, USA",
Irish,RailHouse Tavern,"129 W 11th Ave, Cordele, GA 31015, USA",https://www.railhousetavern.com/
Irish,16 East Bar and Grill,"1309 16th Ave E, Cordele, GA 31015, USA",
Irish,Cracker Barrel Old Country Store,"1905 Central Ave, Cordele, GA 31015, USA",https://www.crackerbarrel.com/Locations/States/ga/cordele/456/?utm_source=google&utm_medium=maps&utm_campaign=crackerbarrelurl
Irish,Daphne Lodge Restaurant,"2502 US-280, Cordele, GA 31015, USA",http://daphnelodge.com/
Irish,Michelle’s Bar,"906 16th Ave E, Cordele, GA 31015, USA",http://www.facebook.com/michellesbar
Irish,Cypress Grill,"2459 US-280 B, Cordele, GA 31015, USA",http://www.lakeblackshearresort.com/dining/cypress-grill/
Irish,Scruffy Murphy's Irish Pub,"1037 Broadway, Columbus, GA 31901, USA",http://www.scruffymurphyspub.com/
Irish,Donovan's Irish Cobbler,"1025 Rose Creek Dr, Woodstock, GA 30189, USA",http://www.donovansirishcobbler.com/
Irish,Cordele Recreation Parlor,"4237, 105 W 11th Ave, Cordele, GA 31015, USA",https://m.facebook.com/cordelerecreationparlor
Irish,O'Sullivans Irish Pub,"111 Sycamore St, Decatur, GA 30030, USA",http://osullivanspub.com/
Irish,Olde Blind Dog Irish Pub,"12650 Crabapple Rd #100, Milton, GA 30004, USA",http://www.oldeblinddog.com/
Irish,Marlay House Irish Pub,"426 W Ponce de Leon Ave, Decatur, GA 30030, USA",https://www.themarlayhouse.com/
Irish,Fruits of Vienna B&B,"509 3rd St, Vienna, GA 31092, USA",http://www.fruitsofvienna.com/
Irish,Thos. O'Reilly's Public House,"227 Sandy Springs Pl NE Suite 416, Sandy Springs, GA 30328, USA",http://www.oreillyspublichouse.com/
Irish,Ruby Tuesday,"102 Lonnie Ln, Americus, GA 31709, USA",https://rubytuesday.com/
Irish,Pub + Grill,"6459 GA-42 Suite 10, Rex, GA 30273, USA",http://toasttab.com/irish-pub-grill
Irish,Parson's Pub,"19 Tennessee St, Murphy, NC 28906, USA",https://www.facebook.com/TheParsonsPub/
Irish,Shenanigans,"87 N Chestatee St, Dahlonega, GA 30533, USA",http://theshenaniganspub.com/
Irish,Crisp Regional Convenient Care,"1701 E 16th Ave, Cordele, GA 31015, USA",https://crispregional.org/?utm_source=GMBSocialClimb&utm_medium=CrispRegionalConvenientCare
Irish,The Pub,"1803 US Hwy 41, Tifton, GA 31794, USA",
Welsh,RailHouse Tavern,"129 W 11th Ave, Cordele, GA 31015, USA",https://www.railhousetavern.com/
Cajun,16 East Bar and Grill,"1309 16th Ave E, Cordele, GA 31015, USA",
Cajun,Daphne Lodge Restaurant,"2502 US-280, Cordele, GA 31015, USA",http://daphnelodge.com/
Cajun,Carter's Fried Chicken,"1213 S 7th St, Cordele, GA 31015, USA",
Cajun,Captain D's,"1710 16th Ave E, Cordele, GA 31015, USA",https://locations.captainds.com/ll/US/GA/Cordele/1710-E-16th-Ave
Cajun,Tri-County Seafood,"401 Pecan St S, Cordele, GA 31015, USA",https://m.facebook.com/tricountyseafood
Cajun,Hot Grits and Crab Legs Seafood Market,"415 West E 24th Ave, Cordele, GA 31015, USA",
Cajun,Cracker Barrel Old Country Store,"1905 Central Ave, Cordele, GA 31015, USA",https://www.crackerbarrel.com/Locations/States/ga/cordele/456/?utm_source=google&utm_medium=maps&utm_campaign=crackerbarrelurl
Cajun,RailHouse Tavern,"129 W 11th Ave, Cordele, GA 31015, USA",https://www.railhousetavern.com/
Cajun,Cook Out,"1405 16th Ave E, Cordele, GA 31015, USA",http://www.cookout.com/
Cajun,Bojangles,"1525 E 8th Ave, Cordele, GA 31015, USA",https://locations.bojangles.com/ga/cordele/1525-east-8th-avenue.html
Cajun,Cypress Grill,"2459 US-280 B, Cordele, GA 31015, USA",http://www.lakeblackshearresort.com/dining/cypress-grill/
Cajun,Smoakies Bar-B-Que,"602 S Greer St, Cordele, GA 31015, USA",http://smoakies.com/
Cajun,BJ's Diner 2,"102-C E 14th Ave, Cordele, GA 31015, USA",
Cajun,The Hushed Puppy at Buoy's on Blackshear,"4262 US-280, Cobb, GA 31735, USA",
Cajun,Popeyes Louisiana Kitchen,"1515 E Union St, Vienna, GA 31092, USA",https://www.popeyes.com/store-locator/store/restaurant_82714?utm_source=yext&utm_medium=referral&utm_campaign=organic-local-listings
Cajun,Laney's Cajun & Country cooking,"2825 US-41, Sycamore, GA 31790, USA",
Cajun,Cajun Seafood Express,"809 W 2nd St, Tifton, GA 31794, USA",
Cajun,Cajun Wild Crab,"282 Norman Dr UNIT A, Valdosta, GA 31601, USA",http://www.cajunwildcrab.com/
Cajun,Popeyes Louisiana Kitchen,"1145 E Lamar St, Americus, GA 31709, USA",https://www.popeyes.com/store-locator/store/restaurant_242127?utm_source=yext&utm_medium=referral&utm_campaign=organic-local-listings
Cajun,Crisp Regional Hospital,"902 7th St N, Cordele, GA 31015, USA",http://www.crispregional.org/
Portuguese,Daphne Lodge Restaurant,"2502 US-280, Cordele, GA 31015, USA",http://daphnelodge.com/
Portuguese,RailHouse Tavern,"129 W 11th Ave, Cordele, GA 31015, USA",https://www.railhousetavern.com/
Portuguese,Cypress Grill,"2459 US-280 B, Cordele, GA 31015, USA",http://www.lakeblackshearresort.com/dining/cypress-grill/
Portuguese,Gladys Kitchen,"Perlis Plaza Shopping Center, 1009 Martin Luther King Jr Blv, Americus, GA 31719, USA",https://gladys-kitchen.square.site/
Portuguese,Mikata Japanese Steakhouse & Sushi Bar,"2610 Dawson Rd, Albany, GA 31707, USA",https://mikatajapanesesteakhouse.com/
Portuguese,Iberia Bar & Grill,"3745 S Military Trl, Greenacres, FL 33463, USA",http://www.iberiagrill.com/
Portuguese,Walmart Supercenter,"1215 16th Ave E, Cordele, GA 31015, USA",https://www.walmart.com/store/1006-cordele-ga
Portuguese,Cordelia's,"2459 US-280 West, Cordele, GA 31015, USA",https://www.lakeblackshearresort.com/dining/cordelias/
Turkish,Cypress Grill,"2459 US-280 B, Cordele, GA 31015, USA",http://www.lakeblackshearresort.com/dining/cypress-grill/
Turkish,Gyro City Mediterranean Grill,"116 W Lamar St, Americus, GA 31709, USA",
Turkish,Shishkebab Restaurant,"648 N Belair Rd, Evans, GA 30809, USA",https://www.shishkebabevans.com/
Turkish,Ephesus Greek&Turkish kabob place,"3102 Washington Rd, Augusta, GA 30907, USA",https://ephesusgreekturkishga.com/
Turkish,Cordelia's,"2459 US-280 West, Cordele, GA 31015, USA",https://www.lakeblackshearresort.com/dining/cordelias/
Haitian,Ninny's Delight,"511 5th Ave E Apt. F, Cordele, GA 31015, USA",
Haitian,Jamaican Jerk Restaurant,"106 16th Ave E, Cordele, GA 31015, USA",
Haitian,16 East Bar and Grill,"1309 16th Ave E, Cordele, GA 31015, USA",
Haitian,Cordelia's,"2459 US-280 West, Cordele, GA 31015, USA",https://www.lakeblackshearresort.com/dining/cordelias/
Tahitian,Daphne Lodge Restaurant,"2502 US-280, Cordele, GA 31015, USA",http://daphnelodge.com/
Tahitian,RailHouse Tavern,"129 W 11th Ave, Cordele, GA 31015, USA",https://www.railhousetavern.com/
Tahitian,16 East Bar and Grill,"1309 16th Ave E, Cordele, GA 31015, USA",
Tahitian,Pancho's Cantina & Grill,"2536 US-280, Cordele, GA 31015, USA",
Tahitian,Cypress Grill,"2459 US-280 B, Cordele, GA 31015, USA",http://www.lakeblackshearresort.com/dining/cypress-grill/
Tahitian,Tri-County Seafood,"401 Pecan St S, Cordele, GA 31015, USA",https://m.facebook.com/tricountyseafood
Tahitian,Cordelia's,"2459 US-280 West, Cordele, GA 31015, USA",https://www.lakeblackshearresort.com/dining/cordelias/
Tahitian,Buoy’s on Blackshear,"4262 US-280, Cobb, GA 31735, USA",
Kenyan,African Street Bites - Nigerian Cuisine,"215 Warhawk Dr, Kathleen, GA 31047, USA",https://african-street-bites.square.site/
Korean,Iron Age Korean Steakhouse - Newnan,"236 Newnan Crossing Bypass, Newnan, GA 30265, USA",https://ironagenewnan.wixsite.com/ashleypark
Algerian,Daphne Lodge Restaurant,"2502 US-280, Cordele, GA 31015, USA",http://daphnelodge.com/
Algerian,Hachi Sushi and Japanese Grill,"1817 La Porte Dr, Cordele, GA 31015, USA",https://www.facebook.com/Hachi-Sushi-and-Japanese-Grill-1598297467126640/
Algerian,El Girasol,"102 E 14th Ave Suite F, Cordele, GA 31015, USA",
Algerian,RailHouse Tavern,"129 W 11th Ave, Cordele, GA 31015, USA",https://www.railhousetavern.com/
Algerian,Cypress Grill,"2459 US-280 B, Cordele, GA 31015, USA",http://www.lakeblackshearresort.com/dining/cypress-grill/
Algerian,16 East Bar and Grill,"1309 16th Ave E, Cordele, GA 31015, USA",
Algerian,Denny's,"2115 16th Ave E, Cordele, GA 31015, USA",https://locations.dennys.com/GA/CORDELE/246484?utm_source=yext&utm_medium=local-listing&utm_campaign=yext-listing&y_source=1_MjIyODI2Ni03MTUtbG9jYXRpb24ud2Vic2l0ZQ%3D%3D
Algerian,Tri-County Seafood,"401 Pecan St S, Cordele, GA 31015, USA",https://m.facebook.com/tricountyseafood
Algerian,Chick-fil-A,"1711 E 16th Ave, Cordele, GA 31015, USA",https://www.chick-fil-a.com/locations/ga/cordele?utm_source=yext&utm_medium=link
Algerian,Cove At Lake Blackshear,"2528 US-280, Cordele, GA 31015, USA",http://www.thecoveatlakeblackshear.com/
Algerian,McDonald's,"1613 E 16th Ave, Cordele, GA 31015, USA",https://www.mcdonalds.com/us/en-us/location/GA/CORDELE/1613-EAST-16TH-AVENUE/3985.html?cid=RF:YXT:GMB::Clicks
Algerian,Cordelia's,"2459 US-280 West, Cordele, GA 31015, USA",https://www.lakeblackshearresort.com/dining/cordelias/
Nigerian,African Street Bites - Nigerian Cuisine,"215 Warhawk Dr, Kathleen, GA 31047, USA",https://african-street-bites.square.site/
Libyan,Daphne Lodge Restaurant,"2502 US-280, Cordele, GA 31015, USA",http://daphnelodge.com/
Libyan,Cypress Grill,"2459 US-280 B, Cordele, GA 31015, USA",http://www.lakeblackshearresort.com/dining/cypress-grill/
Libyan,Hachi Sushi and Japanese Grill,"1817 La Porte Dr, Cordele, GA 31015, USA",https://www.facebook.com/Hachi-Sushi-and-Japanese-Grill-1598297467126640/
Libyan,Cove At Lake Blackshear,"2528 US-280, Cordele, GA 31015, USA",http://www.thecoveatlakeblackshear.com/
Libyan,El Girasol,"102 E 14th Ave Suite F, Cordele, GA 31015, USA",
Libyan,Chick-fil-A,"1711 E 16th Ave, Cordele, GA 31015, USA",https://www.chick-fil-a.com/locations/ga/cordele?utm_source=yext&utm_medium=link
Libyan,RailHouse Tavern,"129 W 11th Ave, Cordele, GA 31015, USA",https://www.railhousetavern.com/
Libyan,Denny's,"2115 16th Ave E, Cordele, GA 31015, USA",https://locations.dennys.com/GA/CORDELE/246484?utm_source=yext&utm_medium=local-listing&utm_campaign=yext-listing&y_source=1_MjIyODI2Ni03MTUtbG9jYXRpb24ud2Vic2l0ZQ%3D%3D
Libyan,McDonald's,"1613 E 16th Ave, Cordele, GA 31015, USA",https://www.mcdonalds.com/us/en-us/location/GA/CORDELE/1613-EAST-16TH-AVENUE/3985.html?cid=RF:YXT:GMB::Clicks
Libyan,Lake Blackshear Resort & Golf Club,"2459-H, 2459 US-280 West, Cordele, GA 31015, USA",http://www.lakeblackshearresort.com/
Libyan,Cordelia's,"2459 US-280 West, Cordele, GA 31015, USA",https://www.lakeblackshearresort.com/dining/cordelias/
Libyan,Buoy’s on Blackshear,"4262 US-280, Cobb, GA 31735, USA",
Moroccan,Hachi Sushi and Japanese Grill,"1817 La Porte Dr, Cordele, GA 31015, USA",https://www.facebook.com/Hachi-Sushi-and-Japanese-Grill-1598297467126640/
Moroccan,Daphne Lodge Restaurant,"2502 US-280, Cordele, GA 31015, USA",http://daphnelodge.com/
Moroccan,Cove At Lake Blackshear,"2528 US-280, Cordele, GA 31015, USA",http://www.thecoveatlakeblackshear.com/
Moroccan,Denny's,"2115 16th Ave E, Cordele, GA 31015, USA",https://locations.dennys.com/GA/CORDELE/246484?utm_source=yext&utm_medium=local-listing&utm_campaign=yext-listing&y_source=1_MjIyODI2Ni03MTUtbG9jYXRpb24ud2Vic2l0ZQ%3D%3D
Moroccan,RailHouse Tavern,"129 W 11th Ave, Cordele, GA 31015, USA",https://www.railhousetavern.com/
Moroccan,Cypress Grill,"2459 US-280 B, Cordele, GA 31015, USA",http://www.lakeblackshearresort.com/dining/cypress-grill/
Moroccan,Chick-fil-A,"1711 E 16th Ave, Cordele, GA 31015, USA",https://www.chick-fil-a.com/locations/ga/cordele?utm_source=yext&utm_medium=link
Moroccan,McDonald's,"1613 E 16th Ave, Cordele, GA 31015, USA",https://www.mcdonalds.com/us/en-us/location/GA/CORDELE/1613-EAST-16TH-AVENUE/3985.html?cid=RF:YXT:GMB::Clicks
Moroccan,Cordelia's,"2459 US-280 West, Cordele, GA 31015, USA",https://www.lakeblackshearresort.com/dining/cordelias/
Lebanese,Hachi Sushi and Japanese Grill,"1817 La Porte Dr, Cordele, GA 31015, USA",https://www.facebook.com/Hachi-Sushi-and-Japanese-Grill-1598297467126640/
Lebanese,16 East Bar and Grill,"1309 16th Ave E, Cordele, GA 31015, USA",
Lebanese,Daphne Lodge Restaurant,"2502 US-280, Cordele, GA 31015, USA",http://daphnelodge.com/
Lebanese,El Girasol,"102 E 14th Ave Suite F, Cordele, GA 31015, USA",
Lebanese,Cypress Grill,"2459 US-280 B, Cordele, GA 31015, USA",http://www.lakeblackshearresort.com/dining/cypress-grill/
Lebanese,Cove At Lake Blackshear,"2528 US-280, Cordele, GA 31015, USA",http://www.thecoveatlakeblackshear.com/
Lebanese,RailHouse Tavern,"129 W 11th Ave, Cordele, GA 31015, USA",https://www.railhousetavern.com/
Lebanese,Arby's,"2201 16th Ave E, Cordele, GA 31015, USA",https://locations.arbys.com/ga/cordele/2201-e-16th-ave.html?utm_source=google%20my%20business&utm_medium=organic&utm_campaign=website%20link
Lebanese,Chick-fil-A,"1711 E 16th Ave, Cordele, GA 31015, USA",https://www.chick-fil-a.com/locations/ga/cordele?utm_source=yext&utm_medium=link
Lebanese,Denny's,"2115 16th Ave E, Cordele, GA 31015, USA",https://locations.dennys.com/GA/CORDELE/246484?utm_source=yext&utm_medium=local-listing&utm_campaign=yext-listing&y_source=1_MjIyODI2Ni03MTUtbG9jYXRpb24ud2Vic2l0ZQ%3D%3D
Lebanese,McDonald's,"1613 E 16th Ave, Cordele, GA 31015, USA",https://www.mcdonalds.com/us/en-us/location/GA/CORDELE/1613-EAST-16TH-AVENUE/3985.html?cid=RF:YXT:GMB::Clicks
Lebanese,Gyro City Mediterranean Grill,"116 W Lamar St, Americus, GA 31709, USA",
Lebanese,Crisp Aesthetics,"1329 5th St N Ext, Cordele, GA 31015, USA",https://crispregional.org/services/aesthetics-and-weight-loss/?utm_source=GMBSocialClimb&utm_medium=CrispAesthetics
Lebanese,Zakia Modern Lebanese Restaurant,"3699 Lenox Rd NE Ste 3, Atlanta, GA 30305, USA",http://www.zakiarestaurant.com/
Lebanese,Zaxby's Chicken Fingers & Buffalo Wings,"812 E Washington Ave, Ashburn, GA 31714, USA",https://www.zaxbys.com/locations/ga/ashburn/812-e-washington-ave/?utm_source=local&utm_medium=organic&utm_campaign=fb
Lebanese,Arabi,"Arabi, GA, USA",
Lebanese,Subway,"310 Cordele Rd, US 82 &, GA-300, Albany, GA 31705, USA",https://restaurants.subway.com/united-states/ga/albany/310-cordele-rd?utm_source=yxt-goog&utm_medium=local&utm_term=acq&utm_content=41301&utm_campaign=evergreen-2020&y_source=1_MTQ4OTY2NDAtNzE1LWxvY2F0aW9uLndlYnNpdGU%3D
Lebanese,Cordelia's,"2459 US-280 West, Cordele, GA 31015, USA",https://www.lakeblackshearresort.com/dining/cordelias/
Vietnamese,16 East Bar and Grill,"1309 16th Ave E, Cordele, GA 31015, USA",
Vietnamese,Viet Pho,"717 N Westover Blvd #1406, Albany, GA 31707, USA",http://facebook.com/vietpho229
Vietnamese,96 Vietnamese Cuisine,"810 SR 96 Suite 600, Warner Robins, GA 31088, USA",https://96vietnamesecuisinega.com/
Vietnamese,VN Pho,"6363 Jonesboro Rd, Morrow, GA 30260, USA",https://www.vnphoatlanta.com/
Vietnamese,Pho Viet Augusta,"3031 Washington Rd, Augusta, GA 30907, USA",
Vietnamese,Saigon Pho,"760 Scranton Rd #100, Brunswick, GA 31525, USA",http://runinout.com/Saigon-Pho-Brunswick-GA
Vietnamese,Pho Ngon So 1,"5372 Jonesboro Rd, Lake City, GA 30260, USA",
Vietnamese,Banh Mi Dang,"4431 Washington Rd Suite 1, Evans, GA 30809, USA",https://www.facebook.com/people/B%C3%A1nh-m%C3%AC-%C4%90%C4%82NG/100067380247419/
Vietnamese,Phở #1 and Asian Market,"5437 Altama Ave, Brunswick, GA 31525, USA",https://pho1.eat24hour.com/
Vietnamese,Super Banh Mi Pho,"1560 Indian Trail Lilburn Rd NW, Norcross, GA 30093, USA",https://superbanhmipho.com/
Vietnamese,Pho Augusta,"4045 Jimmie Dyess Pkwy, Augusta, GA 30909, USA",http://www.pho-augusta.com/
Vietnamese,Pho Dai Loi,"4061 Jonesboro Rd, Forest Park, GA 30297, USA",
Vietnamese,Thanh Thanh Restaurant,"4446 Jonesboro Rd, Forest Park, GA 30297, USA",
Vietnamese,Nam Phuong Vietnamese Restaurant,"5495 Jimmy Carter Blvd, Norcross, GA 30093, USA",https://www.namphuongjimmycarter.com/
Vietnamese,Cơm Gà Houston,"3350 Steve Reynolds Blvd, Duluth, GA 30096, USA",http://www.comgahoustonduluth.com/
Vietnamese,Pho Dai Viet Restaurant,"4279 Roswell Rd NE Ste 206, Atlanta, GA 30342, USA",https://www.phodaiviet.com/
Vietnamese,Banh Mi Station,"1235 Chattahoochee Ave NW Suite 130, Atlanta, GA 30318, USA",https://banhmistationatl.com/
Vietnamese,Asian Cuisine & Boba Tea,"111 Longview Plaza Driveway, St Simons Island, GA 31522, USA",https://www.asiancuisinestsimons.com/
Vietnamese,Quoc Huong Banh Mi Fast Food,"5150 Buford Hwy NE, Doraville, GA 30340, USA",https://banhmiquochuong.com/
Vietnamese,Phở Cue,"925 Garrett St ste l, Atlanta, GA 30316, USA",http://www.instagram.com/eatphocue
Hungarian,Daphne Lodge Restaurant,"2502 US-280, Cordele, GA 31015, USA",http://daphnelodge.com/
Hungarian,RailHouse Tavern,"129 W 11th Ave, Cordele, GA 31015, USA",https://www.railhousetavern.com/
Hungarian,Cypress Grill,"2459 US-280 B, Cordele, GA 31015, USA",http://www.lakeblackshearresort.com/dining/cypress-grill/
Hungarian,16 East Bar and Grill,"1309 16th Ave E, Cordele, GA 31015, USA",
Hungarian,Krystal,"1815 E 16th Ave, Cordele, GA 31015, USA",https://locations.krystal.com/ga/cordele/1815-east-16th-avenue
Hungarian,Cordelia's,"2459 US-280 West, Cordele, GA 31015, USA",https://www.lakeblackshearresort.com/dining/cordelias/
Mediterranean,Daphne Lodge Restaurant,"2502 US-280, Cordele, GA 31015, USA",http://daphnelodge.com/
Mediterranean,Gyro City Mediterranean Grill,"116 W Lamar St, Americus, GA 31709, USA",
Mediterranean,Cypress Grill,"2459 US-280 B, Cordele, GA 31015, USA",http://www.lakeblackshearresort.com/dining/cypress-grill/
Mediterranean,16 East Bar and Grill,"1309 16th Ave E, Cordele, GA 31015, USA",
Mediterranean,El Girasol,"102 E 14th Ave Suite F, Cordele, GA 31015, USA",
Mediterranean,Crisp County,"Crisp County, GA, USA",
Mediterranean,Crisp Aesthetics,"1329 5th St N Ext, Cordele, GA 31015, USA",https://crispregional.org/services/aesthetics-and-weight-loss/?utm_source=GMBSocialClimb&utm_medium=CrispAesthetics
Mediterranean,Crisp Regional Hospital,"902 7th St N, Cordele, GA 31015, USA",http://www.crispregional.org/
Mediterranean,Gardenia Mediterranean Restaurant,"4335 Bethelview Rd, Cumming, GA 30040, USA",https://www.gardeniarestaurant.com/
Mediterranean,Arby's,"2201 16th Ave E, Cordele, GA 31015, USA",https://locations.arbys.com/ga/cordele/2201-e-16th-ave.html?utm_source=google%20my%20business&utm_medium=organic&utm_campaign=website%20link
Mediterranean,Real Olive,"755 Lawrenceville-Suwanee Rd #1710, Lawrenceville, GA 30043, USA",https://www.orderrealolive.com/
Mediterranean,Franks @ the Old Mill Mediterranean Grill & Bar,"1095 HWY 54 West, 1095 GA-54, Fayetteville, GA 30214, USA",http://franksattheoldmill.com/
Mediterranean,Adriatic Grill | Mediterranean Restaurant,"396 W Pike St, Lawrenceville, GA 30046, USA",http://theadriaticgrill.com/?utm_source=google&utm_medium=gmb&utm_campaign=seo
Mediterranean,Ameer's Mediterranean Grill & Catering,"2168 Briarcliff Rd NE, Atlanta, GA 30329, USA",http://www.ameersmediterranean.com/
Mediterranean,Pita Corner,"911 Duluth Hwy Suite C1A, Lawrenceville, GA 30043, USA",http://www.pitacorners.com/
Mediterranean,Crisp Regional Convenient Care,"1701 E 16th Ave, Cordele, GA 31015, USA",https://crispregional.org/?utm_source=GMBSocialClimb&utm_medium=CrispRegionalConvenientCare
Mediterranean,Mo's Gyro and Kabob,"4296 Old Suwanee Rd Suite 2, Buford, GA 30518, USA",https://www.mosgyroandkabob.com/
Mediterranean,Yalda Persian & Middle Eastern Restaurant,"6500 Aria Blvd Suite 500, Sandy Springs, GA 30328, USA",http://yaldaatl.com/
Mediterranean,Cordelia's,"2459 US-280 West, Cordele, GA 31015, USA",https://www.lakeblackshearresort.com/dining/cordelias/
Mediterranean,Greek Village,"1801 Watson Blvd, Warner Robins, GA 31093, USA",http://www.greekvillagerestaurant.com/
Ethiopian,Meskel ethiopian restaurant,"5030 Memorial Dr, Stone Mountain, GA 30083, USA",https://www.meskelethiopianrestaurant.com/
Caribbean,Jamaican Jerk Restaurant,"106 16th Ave E, Cordele, GA 31015, USA",
Caribbean,Ninny's Delight,"511 5th Ave E Apt. F, Cordele, GA 31015, USA",
Soul,Mom & Pop Soul Food & Bbq,"Cordele, GA 31015, USA",
Argentinian,16 East Bar and Grill,"1309 16th Ave E, Cordele, GA 31015, USA",
Argentinian,Daphne Lodge Restaurant,"2502 US-280, Cordele, GA 31015, USA",http://daphnelodge.com/
Argentinian,RailHouse Tavern,"129 W 11th Ave, Cordele, GA 31015, USA",https://www.railhousetavern.com/
Argentinian,El Girasol,"102 E 14th Ave Suite F, Cordele, GA 31015, USA",
Argentinian,Pancho's Cantina & Grill,"2536 US-280, Cordele, GA 31015, USA",
Argentinian,Cypress Grill,"2459 US-280 B, Cordele, GA 31015, USA",http://www.lakeblackshearresort.com/dining/cypress-grill/
Argentinian,Sabores Del Plata,"6200 Buford Hwy NE #1g, Norcross, GA 30071, USA",https://saboresatlanta.com/
Argentinian,Cordelia's,"2459 US-280 West, Cordele, GA 31015, USA",https://www.lakeblackshearresort.com/dining/cordelias/
Chilean,"Surcheros - Cordele, GA","903A 16th Ave E, Cordele, GA 31015, USA",https://www.surcheros.com/
Chilean,Los Compadres,"1116 16th Ave E, Cordele, GA 31015, USA",https://m.facebook.com/pages/Los-Compadres-Mexican-Restaurant/111553848884938
Chilean,El Girasol,"102 E 14th Ave Suite F, Cordele, GA 31015, USA",
Chilean,16 East Bar and Grill,"1309 16th Ave E, Cordele, GA 31015, USA",
Chilean,Pancho's Cantina & Grill,"2536 US-280, Cordele, GA 31015, USA",
Chilean,Denny's,"2115 16th Ave E, Cordele, GA 31015, USA",https://locations.dennys.com/GA/CORDELE/246484?utm_source=yext&utm_medium=local-listing&utm_campaign=yext-listing&y_source=1_MjIyODI2Ni03MTUtbG9jYXRpb24ud2Vic2l0ZQ%3D%3D
Chilean,Daphne Lodge Restaurant,"2502 US-280, Cordele, GA 31015, USA",http://daphnelodge.com/
Chilean,Dairy Queen Grill & Chill,"2302 Ga Hwy 300 Extended, Cordele, GA 31015, USA",https://www.dairyqueen.com/us-en/Locator/Detail/?localechange=1&store-id=13035&y_source=1_ODk5NTQyNi03MTUtbG9jYXRpb24ud2Vic2l0ZQ%3D%3D
Chilean,Dairy Queen Grill & Chill,"1401 16th Ave E, Cordele, GA 31015, USA",https://www.dairyqueen.com/en-us/locations/ga/cordele/1401-e-16th-ave/12858/?utm_source=organic&utm_campaign=yext%2F&y_source=1_ODk5NzgwOC03MTUtbG9jYXRpb24ud2Vic2l0ZQ%3D%3D
Chilean,RailHouse Tavern,"129 W 11th Ave, Cordele, GA 31015, USA",https://www.railhousetavern.com/
Chilean,Burger King,"1109 16th Ave E, Cordele, GA 31015, USA",https://burgerking.com/store-locator/store/restaurant_2530
Chilean,Tienda y Taqueria Mi Familia,"117 3rd St, Vienna, GA 31092, USA",
Chilean,La Hacienda Mexican Restaurant,"247 E Monroe Ave, Ashburn, GA 31714, USA",http://eatlahacienda.com/
Chilean,Chili's Grill & Bar,"2821 Ledo Rd, Albany, GA 31707, USA",https://www.chilis.com/locations/us/georgia/albany/albany?utm_source=google&utm_medium=local&utm_campaign=Chilis
Chilean,El Taquito Olympico LLC,"533 E Washington Ave, Ashburn, GA 31714, USA",https://m.facebook.com/El-Taquito-Olympico-1075709952521215/
Chilean,Old Mexico Bar & Grill,"127 Cherry St, Montezuma, GA 31063, USA",
Chilean,Dairy Queen Grill & Chill,"756 E Washington Ave, Ashburn, GA 31714, USA",https://www.dairyqueen.com/en-us/locations/ga/ashburn/756-e-washington-ave/12850/?y_source=1_ODk5NzYxMC03MTUtbG9jYXRpb24ud2Vic2l0ZQ%3D%3D
Chilean,Pancho's Grill,"227 Walnut Ave S, Leesburg, GA 31763, USA",
Chilean,El Maya,"1561 U.S. Hwy 19 S #12, Leesburg, GA 31763, USA",http://www.elmayamex.com/
Chilean,Subway,"310 Cordele Rd, US 82 &, GA-300, Albany, GA 31705, USA",https://restaurants.subway.com/united-states/ga/albany/310-cordele-rd?utm_source=yxt-goog&utm_medium=local&utm_term=acq&utm_content=41301&utm_campaign=evergreen-2020&y_source=1_MTQ4OTY2NDAtNzE1LWxvY2F0aW9uLndlYnNpdGU%3D
Colombian,Los Compadres,"1116 16th Ave E, Cordele, GA 31015, USA",https://m.facebook.com/pages/Los-Compadres-Mexican-Restaurant/111553848884938
Colombian,El Girasol,"102 E 14th Ave Suite F, Cordele, GA 31015, USA",
Colombian,Pancho's Cantina & Grill,"2536 US-280, Cordele, GA 31015, USA",
Colombian,Cypress Grill,"2459 US-280 B, Cordele, GA 31015, USA",http://www.lakeblackshearresort.com/dining/cypress-grill/
Colombian,Mi Bella Colombia,"2785 Cruse Rd NW #2, Lawrenceville, GA 30044, USA",https://mibellacolombiaga.com/
Colombian,Las Arepas De Julia,"4044 Lawrenceville Hwy, Lilburn, GA 30047, USA",https://www.lasarepasdejuliarestaurant.com/
Colombian,Casa Vieja,"3652 Shallowford Rd, Doraville, GA 30340, USA",
Colombian,Pimenton Parrilla & Bar,"1570 Buford Hwy NE, Buford, GA 30518, USA",
Colombian,Trigos Colombian Restaurant,"860 Duluth Hwy Suite 190, Lawrenceville, GA 30043, USA",
Colombian,La Ruana Colombian Restaurant,"4015 Holcomb Bridge Rd, Norcross, GA 30071, USA",
Colombian,La Casona Colombian Restaurant,"3820 Stewart Rd, Doraville, GA 30340, USA",
Colombian,Los Recuerdos Colombian Restaurant,"1455 Pleasant Hill Rd #807b, Lawrenceville, GA 30044, USA",http://restaurantecolombianorecuerdos.com/
Colombian,La Churreria Cafe & Bakery,"5730 Buford Hwy Ste. G, Norcross, GA 30071, USA",https://lachurreriabakery.com/
Colombian,Antojo Latino,"44 Posey St, Savannah, GA 31406, USA",
Colombian,Cordelia's,"2459 US-280 West, Cordele, GA 31015, USA",https://www.lakeblackshearresort.com/dining/cordelias/
Costa Rican,El Girasol,"102 E 14th Ave Suite F, Cordele, GA 31015, USA",
Czech,VJ's Diner,"904 S 7th St, Cordele, GA 31015, USA",
Czech,16 East Bar and Grill,"1309 16th Ave E, Cordele, GA 31015, USA",
Czech,Cracker Barrel Old Country Store,"1905 Central Ave, Cordele, GA 31015, USA",https://www.crackerbarrel.com/Locations/States/ga/cordele/456/?utm_source=google&utm_medium=maps&utm_campaign=crackerbarrelurl
Czech,RailHouse Tavern,"129 W 11th Ave, Cordele, GA 31015, USA",https://www.railhousetavern.com/
Czech,Carter's Fried Chicken,"1213 S 7th St, Cordele, GA 31015, USA",
Czech,Hachi Sushi and Japanese Grill,"1817 La Porte Dr, Cordele, GA 31015, USA",https://www.facebook.com/Hachi-Sushi-and-Japanese-Grill-1598297467126640/
Czech,"Surcheros - Cordele, GA","903A 16th Ave E, Cordele, GA 31015, USA",https://www.surcheros.com/
Czech,Cypress Grill,"2459 US-280 B, Cordele, GA 31015, USA",http://www.lakeblackshearresort.com/dining/cypress-grill/
Czech,Denny's,"2115 16th Ave E, Cordele, GA 31015, USA",https://locations.dennys.com/GA/CORDELE/246484?utm_source=yext&utm_medium=local-listing&utm_campaign=yext-listing&y_source=1_MjIyODI2Ni03MTUtbG9jYXRpb24ud2Vic2l0ZQ%3D%3D
Czech,Chick-fil-A,"1711 E 16th Ave, Cordele, GA 31015, USA",https://www.chick-fil-a.com/locations/ga/cordele?utm_source=yext&utm_medium=link
Czech,Hardee’s,"1702 E 16th Ave, Cordele, GA 31015, USA",https://locations.hardees.com/ga/cordele/1702-e-16th-ave
Czech,Daphne Lodge Restaurant,"2502 US-280, Cordele, GA 31015, USA",http://daphnelodge.com/
Czech,McDonald's,"1613 E 16th Ave, Cordele, GA 31015, USA",https://www.mcdonalds.com/us/en-us/location/GA/CORDELE/1613-EAST-16TH-AVENUE/3985.html?cid=RF:YXT:GMB::Clicks
Czech,Cook Out,"1405 16th Ave E, Cordele, GA 31015, USA",http://www.cookout.com/
Czech,Cove At Lake Blackshear,"2528 US-280, Cordele, GA 31015, USA",http://www.thecoveatlakeblackshear.com/
Czech,Pancho's Cantina & Grill,"2536 US-280, Cordele, GA 31015, USA",
Czech,Cordelia's,"2459 US-280 West, Cordele, GA 31015, USA",https://www.lakeblackshearresort.com/dining/cordelias/
Danish,Daphne Lodge Restaurant,"2502 US-280, Cordele, GA 31015, USA",http://daphnelodge.com/
Danish,King's Deli - Cordele,"1411 16th Ave E, Cordele, GA 31015, USA",
Danish,Denny's,"2115 16th Ave E, Cordele, GA 31015, USA",https://locations.dennys.com/GA/CORDELE/246484?utm_source=yext&utm_medium=local-listing&utm_campaign=yext-listing&y_source=1_MjIyODI2Ni03MTUtbG9jYXRpb24ud2Vic2l0ZQ%3D%3D
Danish,RailHouse Tavern,"129 W 11th Ave, Cordele, GA 31015, USA",https://www.railhousetavern.com/
Danish,Cracker Barrel Old Country Store,"1905 Central Ave, Cordele, GA 31015, USA",https://www.crackerbarrel.com/Locations/States/ga/cordele/456/?utm_source=google&utm_medium=maps&utm_campaign=crackerbarrelurl
Danish,Hachi Sushi and Japanese Grill,"1817 La Porte Dr, Cordele, GA 31015, USA",https://www.facebook.com/Hachi-Sushi-and-Japanese-Grill-1598297467126640/
Danish,16 East Bar and Grill,"1309 16th Ave E, Cordele, GA 31015, USA",
Danish,Cove At Lake Blackshear,"2528 US-280, Cordele, GA 31015, USA",http://www.thecoveatlakeblackshear.com/
Danish,BJ's Diner 2,"102-C E 14th Ave, Cordele, GA 31015, USA",
Danish,Cypress Grill,"2459 US-280 B, Cordele, GA 31015, USA",http://www.lakeblackshearresort.com/dining/cypress-grill/
Danish,Chick-fil-A,"1711 E 16th Ave, Cordele, GA 31015, USA",https://www.chick-fil-a.com/locations/ga/cordele?utm_source=yext&utm_medium=link
Danish,Cordele Recreation Parlor,"4237, 105 W 11th Ave, Cordele, GA 31015, USA",https://m.facebook.com/cordelerecreationparlor
Danish,McDonald's,"1613 E 16th Ave, Cordele, GA 31015, USA",https://www.mcdonalds.com/us/en-us/location/GA/CORDELE/1613-EAST-16TH-AVENUE/3985.html?cid=RF:YXT:GMB::Clicks
Danish,Starbucks,"1211 16th Ave E, Cordele, GA 31015, USA",https://www.starbucks.ca/store-locator/store/1039221/16th-pecan-1211-e-16th-ave-a-cordele-ga-31015-us
Danish,Cordelia's,"2459 US-280 West, Cordele, GA 31015, USA",https://www.lakeblackshearresort.com/dining/cordelias/
Dutch,Daphne Lodge Restaurant,"2502 US-280, Cordele, GA 31015, USA",http://daphnelodge.com/
Dutch,Cracker Barrel Old Country Store,"1905 Central Ave, Cordele, GA 31015, USA",https://www.crackerbarrel.com/Locations/States/ga/cordele/456/?utm_source=google&utm_medium=maps&utm_campaign=crackerbarrelurl
Dutch,RailHouse Tavern,"129 W 11th Ave, Cordele, GA 31015, USA",https://www.railhousetavern.com/
Dutch,16 East Bar and Grill,"1309 16th Ave E, Cordele, GA 31015, USA",
Dutch,King's Deli - Cordele,"1411 16th Ave E, Cordele, GA 31015, USA",
Dutch,VJ's Diner,"904 S 7th St, Cordele, GA 31015, USA",
Dutch,Jamaican Jerk Restaurant,"106 16th Ave E, Cordele, GA 31015, USA",
Dutch,Burger King,"1109 16th Ave E, Cordele, GA 31015, USA",https://burgerking.com/store-locator/store/restaurant_2530
Dutch,Hardee’s,"1702 E 16th Ave, Cordele, GA 31015, USA",https://locations.hardees.com/ga/cordele/1702-e-16th-ave
Dutch,Cypress Grill,"2459 US-280 B, Cordele, GA 31015, USA",http://www.lakeblackshearresort.com/dining/cypress-grill/
Dutch,BJ's Diner 2,"102-C E 14th Ave, Cordele, GA 31015, USA",
Dutch,El Girasol,"102 E 14th Ave Suite F, Cordele, GA 31015, USA",
Dutch,Cordele Recreation Parlor,"4237, 105 W 11th Ave, Cordele, GA 31015, USA",https://m.facebook.com/cordelerecreationparlor
Dutch,Cordelia's,"2459 US-280 West, Cordele, GA 31015, USA",https://www.lakeblackshearresort.com/dining/cordelias/
Ecuadorian,El Girasol,"102 E 14th Ave Suite F, Cordele, GA 31015, USA",
Finnish,Daphne Lodge Restaurant,"2502 US-280, Cordele, GA 31015, USA",http://daphnelodge.com/
Finnish,RailHouse Tavern,"129 W 11th Ave, Cordele, GA 31015, USA",https://www.railhousetavern.com/
Finnish,16 East Bar and Grill,"1309 16th Ave E, Cordele, GA 31015, USA",
Finnish,Cypress Grill,"2459 US-280 B, Cordele, GA 31015, USA",http://www.lakeblackshearresort.com/dining/cypress-grill/
Finnish,Cove At Lake Blackshear,"2528 US-280, Cordele, GA 31015, USA",http://www.thecoveatlakeblackshear.com/
Finnish,Hachi Sushi and Japanese Grill,"1817 La Porte Dr, Cordele, GA 31015, USA",https://www.facebook.com/Hachi-Sushi-and-Japanese-Grill-1598297467126640/
Finnish,Tri-County Seafood,"401 Pecan St S, Cordele, GA 31015, USA",https://m.facebook.com/tricountyseafood
Finnish,Denny's,"2115 16th Ave E, Cordele, GA 31015, USA",https://locations.dennys.com/GA/CORDELE/246484?utm_source=yext&utm_medium=local-listing&utm_campaign=yext-listing&y_source=1_MjIyODI2Ni03MTUtbG9jYXRpb24ud2Vic2l0ZQ%3D%3D
Finnish,Chick-fil-A,"1711 E 16th Ave, Cordele, GA 31015, USA",https://www.chick-fil-a.com/locations/ga/cordele?utm_source=yext&utm_medium=link
Finnish,McDonald's,"1613 E 16th Ave, Cordele, GA 31015, USA",https://www.mcdonalds.com/us/en-us/location/GA/CORDELE/1613-EAST-16TH-AVENUE/3985.html?cid=RF:YXT:GMB::Clicks
Finnish,Cordelia's,"2459 US-280 West, Cordele, GA 31015, USA",https://www.lakeblackshearresort.com/dining/cordelias/
Ghanaian,African Street Bites - Nigerian Cuisine,"215 Warhawk Dr, Kathleen, GA 31047, USA",https://african-street-bites.square.site/
Guatemalan,El Girasol,"102 E 14th Ave Suite F, Cordele, GA 31015, USA",
Honduran,El Girasol,"102 E 14th Ave Suite F, Cordele, GA 31015, USA",
Icelandic,Daphne Lodge Restaurant,"2502 US-280, Cordele, GA 31015, USA",http://daphnelodge.com/
Icelandic,Cypress Grill,"2459 US-280 B, Cordele, GA 31015, USA",http://www.lakeblackshearresort.com/dining/cypress-grill/
Icelandic,RailHouse Tavern,"129 W 11th Ave, Cordele, GA 31015, USA",https://www.railhousetavern.com/
Icelandic,Cove At Lake Blackshear,"2528 US-280, Cordele, GA 31015, USA",http://www.thecoveatlakeblackshear.com/
Icelandic,Hachi Sushi and Japanese Grill,"1817 La Porte Dr, Cordele, GA 31015, USA",https://www.facebook.com/Hachi-Sushi-and-Japanese-Grill-1598297467126640/
Icelandic,16 East Bar and Grill,"1309 16th Ave E, Cordele, GA 31015, USA",
Icelandic,Denny's,"2115 16th Ave E, Cordele, GA 31015, USA",https://locations.dennys.com/GA/CORDELE/246484?utm_source=yext&utm_medium=local-listing&utm_campaign=yext-listing&y_source=1_MjIyODI2Ni03MTUtbG9jYXRpb24ud2Vic2l0ZQ%3D%3D
Icelandic,Chick-fil-A,"1711 E 16th Ave, Cordele, GA 31015, USA",https://www.chick-fil-a.com/locations/ga/cordele?utm_source=yext&utm_medium=link
Icelandic,Krystal,"1815 E 16th Ave, Cordele, GA 31015, USA",https://locations.krystal.com/ga/cordele/1815-east-16th-avenue
Icelandic,McDonald's,"1613 E 16th Ave, Cordele, GA 31015, USA",https://www.mcdonalds.com/us/en-us/location/GA/CORDELE/1613-EAST-16TH-AVENUE/3985.html?cid=RF:YXT:GMB::Clicks
Icelandic,Cordelia's,"2459 US-280 West, Cordele, GA 31015, USA",https://www.lakeblackshearresort.com/dining/cordelias/
Indonesian,Hachi Sushi and Japanese Grill,"1817 La Porte Dr, Cordele, GA 31015, USA",https://www.facebook.com/Hachi-Sushi-and-Japanese-Grill-1598297467126640/
Indonesian,Daphne Lodge Restaurant,"2502 US-280, Cordele, GA 31015, USA",http://daphnelodge.com/
Indonesian,Denny's,"2115 16th Ave E, Cordele, GA 31015, USA",https://locations.dennys.com/GA/CORDELE/246484?utm_source=yext&utm_medium=local-listing&utm_campaign=yext-listing&y_source=1_MjIyODI2Ni03MTUtbG9jYXRpb24ud2Vic2l0ZQ%3D%3D
Indonesian,RailHouse Tavern,"129 W 11th Ave, Cordele, GA 31015, USA",https://www.railhousetavern.com/
Indonesian,Cypress Grill,"2459 US-280 B, Cordele, GA 31015, USA",http://www.lakeblackshearresort.com/dining/cypress-grill/
Indonesian,Cove At Lake Blackshear,"2528 US-280, Cordele, GA 31015, USA",http://www.thecoveatlakeblackshear.com/
Indonesian,Batavia,"3640 Shallowford Rd, Doraville, GA 30340, USA",https://www.bataviadoraville.com/
Indonesian,Chick-fil-A,"1711 E 16th Ave, Cordele, GA 31015, USA",https://www.chick-fil-a.com/locations/ga/cordele?utm_source=yext&utm_medium=link
Indonesian,McDonald's,"1613 E 16th Ave, Cordele, GA 31015, USA",https://www.mcdonalds.com/us/en-us/location/GA/CORDELE/1613-EAST-16TH-AVENUE/3985.html?cid=RF:YXT:GMB::Clicks
Indonesian,Cordelia's,"2459 US-280 West, Cordele, GA 31015, USA",https://www.lakeblackshearresort.com/dining/cordelias/
Iranian,Cypress Grill,"2459 US-280 B, Cordele, GA 31015, USA",http://www.lakeblackshearresort.com/dining/cypress-grill/
Iraqi,Cordelia's,"2459 US-280 West, Cordele, GA 31015, USA",https://www.lakeblackshearresort.com/dining/cordelias/
Israeli,Daphne Lodge Restaurant,"2502 US-280, Cordele, GA 31015, USA",http://daphnelodge.com/
Israeli,Cypress Grill,"2459 US-280 B, Cordele, GA 31015, USA",http://www.lakeblackshearresort.com/dining/cypress-grill/
Israeli,Hachi Sushi and Japanese Grill,"1817 La Porte Dr, Cordele, GA 31015, USA",https://www.facebook.com/Hachi-Sushi-and-Japanese-Grill-1598297467126640/
Israeli,RailHouse Tavern,"129 W 11th Ave, Cordele, GA 31015, USA",https://www.railhousetavern.com/
Israeli,Cove At Lake Blackshear,"2528 US-280, Cordele, GA 31015, USA",http://www.thecoveatlakeblackshear.com/
Israeli,Denny's,"2115 16th Ave E, Cordele, GA 31015, USA",https://locations.dennys.com/GA/CORDELE/246484?utm_source=yext&utm_medium=local-listing&utm_campaign=yext-listing&y_source=1_MjIyODI2Ni03MTUtbG9jYXRpb24ud2Vic2l0ZQ%3D%3D
Israeli,Chick-fil-A,"1711 E 16th Ave, Cordele, GA 31015, USA",https://www.chick-fil-a.com/locations/ga/cordele?utm_source=yext&utm_medium=link
Israeli,McDonald's,"1613 E 16th Ave, Cordele, GA 31015, USA",https://www.mcdonalds.com/us/en-us/location/GA/CORDELE/1613-EAST-16TH-AVENUE/3985.html?cid=RF:YXT:GMB::Clicks
Israeli,Cordelia's,"2459 US-280 West, Cordele, GA 31015, USA",https://www.lakeblackshearresort.com/dining/cordelias/
Jamaican,Jamaican Jerk Restaurant,"106 16th Ave E, Cordele, GA 31015, USA",
Jamaican,Ninny's Delight,"511 5th Ave E Apt. F, Cordele, GA 31015, USA",
Jordanian,Daphne Lodge Restaurant,"2502 US-280, Cordele, GA 31015, USA",http://daphnelodge.com/
Kuwaiti,Daphne Lodge Restaurant,"2502 US-280, Cordele, GA 31015, USA",http://daphnelodge.com/
Kuwaiti,16 East Bar and Grill,"1309 16th Ave E, Cordele, GA 31015, USA",
Kuwaiti,Cypress Grill,"2459 US-280 B, Cordele, GA 31015, USA",http://www.lakeblackshearresort.com/dining/cypress-grill/
Kuwaiti,Cove At Lake Blackshear,"2528 US-280, Cordele, GA 31015, USA",http://www.thecoveatlakeblackshear.com/
Kuwaiti,RailHouse Tavern,"129 W 11th Ave, Cordele, GA 31015, USA",https://www.railhousetavern.com/
Kuwaiti,Tri-County Seafood,"401 Pecan St S, Cordele, GA 31015, USA",https://m.facebook.com/tricountyseafood
Kuwaiti,Denny's,"2115 16th Ave E, Cordele, GA 31015, USA",https://locations.dennys.com/GA/CORDELE/246484?utm_source=yext&utm_medium=local-listing&utm_campaign=yext-listing&y_source=1_MjIyODI2Ni03MTUtbG9jYXRpb24ud2Vic2l0ZQ%3D%3D
Kuwaiti,Hachi Sushi and Japanese Grill,"1817 La Porte Dr, Cordele, GA 31015, USA",https://www.facebook.com/Hachi-Sushi-and-Japanese-Grill-1598297467126640/
Kuwaiti,Chick-fil-A,"1711 E 16th Ave, Cordele, GA 31015, USA",https://www.chick-fil-a.com/locations/ga/cordele?utm_source=yext&utm_medium=link
Kuwaiti,Paradise fast food and wings,"604 Joe Wright Dr, Cordele, GA 31015, USA",
Kuwaiti,McDonald's,"1613 E 16th Ave, Cordele, GA 31015, USA",https://www.mcdonalds.com/us/en-us/location/GA/CORDELE/1613-EAST-16TH-AVENUE/3985.html?cid=RF:YXT:GMB::Clicks
Kuwaiti,Crisp Regional Hospital,"902 7th St N, Cordele, GA 31015, USA",http://www.crispregional.org/
Kuwaiti,Cordelia's,"2459 US-280 West, Cordele, GA 31015, USA",https://www.lakeblackshearresort.com/dining/cordelias/
Lithuanian,RailHouse Tavern,"129 W 11th Ave, Cordele, GA 31015, USA",https://www.railhousetavern.com/
Lithuanian,16 East Bar and Grill,"1309 16th Ave E, Cordele, GA 31015, USA",
Lithuanian,Daphne Lodge Restaurant,"2502 US-280, Cordele, GA 31015, USA",http://daphnelodge.com/
Lithuanian,Cypress Grill,"2459 US-280 B, Cordele, GA 31015, USA",http://www.lakeblackshearresort.com/dining/cypress-grill/
Lithuanian,Smoakies Bar-B-Que,"602 S Greer St, Cordele, GA 31015, USA",http://smoakies.com/
Lithuanian,China One,"1217 E 16th Ave L, Cordele, GA 31015, USA",http://www.chinaonecordele.com/
Lithuanian,Cordelia's,"2459 US-280 West, Cordele, GA 31015, USA",https://www.lakeblackshearresort.com/dining/cordelias/
Malaysian,RailHouse Tavern,"129 W 11th Ave, Cordele, GA 31015, USA",https://www.railhousetavern.com/
Mongolian,Dragon Buffet,"1217L 16th Ave E L, Cordele, GA 31015, USA",
Nepalese,Daphne Lodge Restaurant,"2502 US-280, Cordele, GA 31015, USA",http://daphnelodge.com/
Nepalese,Jamaican Jerk Restaurant,"106 16th Ave E, Cordele, GA 31015, USA",
Nepalese,RailHouse Tavern,"129 W 11th Ave, Cordele, GA 31015, USA",https://www.railhousetavern.com/
Nepalese,Cypress Grill,"2459 US-280 B, Cordele, GA 31015, USA",http://www.lakeblackshearresort.com/dining/cypress-grill/
Nepalese,16 East Bar and Grill,"1309 16th Ave E, Cordele, GA 31015, USA",
Nepalese,Cordelia's,"2459 US-280 West, Cordele, GA 31015, USA",https://www.lakeblackshearresort.com/dining/cordelias/
Nicaraguan,Mi Linda Managua Restaurant,"5530 Buford Hwy NE Suite 302, Norcross, GA 30071, USA",
Norwegian,RailHouse Tavern,"129 W 11th Ave, Cordele, GA 31015, USA",https://www.railhousetavern.com/
Norwegian,Daphne Lodge Restaurant,"2502 US-280, Cordele, GA 31015, USA",http://daphnelodge.com/
Norwegian,16 East Bar and Grill,"1309 16th Ave E, Cordele, GA 31015, USA",
Norwegian,Cypress Grill,"2459 US-280 B, Cordele, GA 31015, USA",http://www.lakeblackshearresort.com/dining/cypress-grill/
Norwegian,Tri-County Seafood,"401 Pecan St S, Cordele, GA 31015, USA",https://m.facebook.com/tricountyseafood
Norwegian,Cordelia's,"2459 US-280 West, Cordele, GA 31015, USA",https://www.lakeblackshearresort.com/dining/cordelias/
Pakistani,Daphne Lodge Restaurant,"2502 US-280, Cordele, GA 31015, USA",http://daphnelodge.com/
Panamanian,16 East Bar and Grill,"1309 16th Ave E, Cordele, GA 31015, USA",
Paraguayan,Daphne Lodge Restaurant,"2502 US-280, Cordele, GA 31015, USA",http://daphnelodge.com/
Peruvian,16 East Bar and Grill,"1309 16th Ave E, Cordele, GA 31015, USA",
Peruvian,Pancho's Cantina & Grill,"2536 US-280, Cordele, GA 31015, USA",
Peruvian,El Girasol,"102 E 14th Ave Suite F, Cordele, GA 31015, USA",
Peruvian,Costa Verde Restaurant,"6200 Buford Hwy, Norcross, GA 30071, USA",
Peruvian,The Freakin Incan,"4651 Woodstock Rd Suite 305, Roswell, GA 30075, USA",https://www.thefreakinincan.com/
Peruvian,Las Brasas,"614 Church St, Decatur, GA 30030, USA",http://lasbrasasdecatur.com/
Peruvian,La Casita Peruvian Restaurant,"104 Dogwood Ave, Richmond Hill, GA 31324, USA",https://lacasitaperuvianrestaurantrichmondhill.com/
Peruvian,Quechuas Peru Restaurant,"4825 Sugarloaf Pkwy STE G, Lawrenceville, GA 30044, USA",https://quechuasrestaurant.com/
Peruvian,Krystal,"1815 E 16th Ave, Cordele, GA 31015, USA",https://locations.krystal.com/ga/cordele/1815-east-16th-avenue
Peruvian,Tio Lucho's,"675 North Highland Avenue Northeast Suite 6000, Atlanta, GA 30306, USA",http://www.tioluchos.com/
Peruvian,Cordelia's,"2459 US-280 West, Cordele, GA 31015, USA",https://www.lakeblackshearresort.com/dining/cordelias/
Philippine,Lor's Philippine Cuisine LLC,"1806 Russell Pkwy unit 900, Warner Robins, GA 31088, USA",
Polish,Daphne Lodge Restaurant,"2502 US-280, Cordele, GA 31015, USA",http://daphnelodge.com/
Polish,RailHouse Tavern,"129 W 11th Ave, Cordele, GA 31015, USA",https://www.railhousetavern.com/
Polish,Cypress Grill,"2459 US-280 B, Cordele, GA 31015, USA",http://www.lakeblackshearresort.com/dining/cypress-grill/
Polish,16 East Bar and Grill,"1309 16th Ave E, Cordele, GA 31015, USA",
Polish,Cove At Lake Blackshear,"2528 US-280, Cordele, GA 31015, USA",http://www.thecoveatlakeblackshear.com/
Polish,Polonia Cafe,"7419 County Rd Z, Custer, WI 54423, USA",
Polish,Hachi Sushi and Japanese Grill,"1817 La Porte Dr, Cordele, GA 31015, USA",https://www.facebook.com/Hachi-Sushi-and-Japanese-Grill-1598297467126640/
Polish,Staropolska Restaurant,"3030 N Milwaukee Ave, Chicago, IL 60618, USA",http://staropolskarestaurant.com/
Polish,Chick-fil-A,"1711 E 16th Ave, Cordele, GA 31015, USA",https://www.chick-fil-a.com/locations/ga/cordele?utm_source=yext&utm_medium=link
Polish,McDonald's,"1613 E 16th Ave, Cordele, GA 31015, USA",https://www.mcdonalds.com/us/en-us/location/GA/CORDELE/1613-EAST-16TH-AVENUE/3985.html?cid=RF:YXT:GMB::Clicks
Polish,Denny's,"2115 16th Ave E, Cordele, GA 31015, USA",https://locations.dennys.com/GA/CORDELE/246484?utm_source=yext&utm_medium=local-listing&utm_campaign=yext-listing&y_source=1_MjIyODI2Ni03MTUtbG9jYXRpb24ud2Vic2l0ZQ%3D%3D
Polish,Polska Chata LLC,"32 Vinedale Ave, Rochester, NY 14622, USA",http://polskachatallc.com/
Polish,Gladys Kitchen,"Perlis Plaza Shopping Center, 1009 Martin Luther King Jr Blv, Americus, GA 31719, USA",https://gladys-kitchen.square.site/
Polish,Krzysiak's House Restaurant,"1605 Michigan Ave, Bay City, MI 48708, USA",https://www.krzysiaks.com/
Polish,Polonus Restaurant,"1744 Biddle Ave, Wyandotte, MI 48192, USA",http://www.instagram.com/polonus_restaurant
Polish,Zagloba Polish Bar & Restaurant,"700 NY-27A, Amityville, NY 11701, USA",http://www.facebook.com/people/Zagloba-Bar/100001301755640
Polish,Polka Restaurant,"4112 Verdugo Rd, Los Angeles, CA 90065, USA",http://polkarestaurant.com/
Polish,The Home Depot,"2011 Central Ave, Cordele, GA 31015, USA",https://www.homedepot.com/l/Cordele/GA/Cordele/31015/1773
Polish,Waylon's Family Restaurant,"77 E Oak St, McRae-Helena, GA 31055, USA",https://www.facebook.com/Waylonsfb
Polish,Laszlo's Iron Skillet Restaurant,"1020 Ohio Pike, Cincinnati, OH 45245, USA",http://www.laszlosironskillet.com/
Puerto Rican,El Girasol,"102 E 14th Ave Suite F, Cordele, GA 31015, USA",
Puerto Rican,"Surcheros - Cordele, GA","903A 16th Ave E, Cordele, GA 31015, USA",https://www.surcheros.com/
Puerto Rican,Los Compadres,"1116 16th Ave E, Cordele, GA 31015, USA",https://m.facebook.com/pages/Los-Compadres-Mexican-Restaurant/111553848884938
Puerto Rican,16 East Bar and Grill,"1309 16th Ave E, Cordele, GA 31015, USA",
Puerto Rican,Cypress Grill,"2459 US-280 B, Cordele, GA 31015, USA",http://www.lakeblackshearresort.com/dining/cypress-grill/
Puerto Rican,Pancho's Cantina & Grill,"2536 US-280, Cordele, GA 31015, USA",
Puerto Rican,Waffle House,"1007 Arc Wy, Cordele, GA 31015, USA",https://locations.wafflehouse.com/cordele-ga-130
Puerto Rican,Vic’s Grill Puerto Rican Cuisine,"3755 Wheeler Rd, Augusta, GA 30909, USA",https://www.facebook.com/ChefTaino?mibextid=LQQJ4d
Puerto Rican,Coquí VIP restaurant,"475 Pleasant Hill Rd #115, Lilburn, GA 30047, USA",https://alcapurriasspotga.com/
Puerto Rican,Cordelia's,"2459 US-280 West, Cordele, GA 31015, USA",https://www.lakeblackshearresort.com/dining/cordelias/
Puerto Rican,Mi Casita Boricua Restaurant,"550 Pleasant Hill Rd Suite A205, Lilburn, GA 30047, USA",
Romanian,RailHouse Tavern,"129 W 11th Ave, Cordele, GA 31015, USA",https://www.railhousetavern.com/
Saudi Arabian,Arby's,"2201 16th Ave E, Cordele, GA 31015, USA",https://locations.arbys.com/ga/cordele/2201-e-16th-ave.html?utm_source=google%20my%20business&utm_medium=organic&utm_campaign=website%20link
Saudi Arabian,Hachi Sushi and Japanese Grill,"1817 La Porte Dr, Cordele, GA 31015, USA",https://www.facebook.com/Hachi-Sushi-and-Japanese-Grill-1598297467126640/
Singaporean,Cypress Grill,"2459 US-280 B, Cordele, GA 31015, USA",http://www.lakeblackshearresort.com/dining/cypress-grill/
Slovak,VJ's Diner,"904 S 7th St, Cordele, GA 31015, USA",
Slovak,Cypress Grill,"2459 US-280 B, Cordele, GA 31015, USA",http://www.lakeblackshearresort.com/dining/cypress-grill/
Slovak,Cracker Barrel Old Country Store,"1905 Central Ave, Cordele, GA 31015, USA",https://www.crackerbarrel.com/Locations/States/ga/cordele/456/?utm_source=google&utm_medium=maps&utm_campaign=crackerbarrelurl
Slovak,Daphne Lodge Restaurant,"2502 US-280, Cordele, GA 31015, USA",http://daphnelodge.com/
Slovak,16 East Bar and Grill,"1309 16th Ave E, Cordele, GA 31015, USA",
Slovak,Smoakies Bar-B-Que,"602 S Greer St, Cordele, GA 31015, USA",http://smoakies.com/
Slovak,Cove At Lake Blackshear,"2528 US-280, Cordele, GA 31015, USA",http://www.thecoveatlakeblackshear.com/
Slovak,RailHouse Tavern,"129 W 11th Ave, Cordele, GA 31015, USA",https://www.railhousetavern.com/
Slovak,Chick-fil-A,"1711 E 16th Ave, Cordele, GA 31015, USA",https://www.chick-fil-a.com/locations/ga/cordele?utm_source=yext&utm_medium=link
Slovak,Hachi Sushi and Japanese Grill,"1817 La Porte Dr, Cordele, GA 31015, USA",https://www.facebook.com/Hachi-Sushi-and-Japanese-Grill-1598297467126640/
Slovak,El Girasol,"102 E 14th Ave Suite F, Cordele, GA 31015, USA",
Slovak,Tri-County Seafood,"401 Pecan St S, Cordele, GA 31015, USA",https://m.facebook.com/tricountyseafood
Slovak,Denny's,"2115 16th Ave E, Cordele, GA 31015, USA",https://locations.dennys.com/GA/CORDELE/246484?utm_source=yext&utm_medium=local-listing&utm_campaign=yext-listing&y_source=1_MjIyODI2Ni03MTUtbG9jYXRpb24ud2Vic2l0ZQ%3D%3D
Slovak,McDonald's,"1613 E 16th Ave, Cordele, GA 31015, USA",https://www.mcdonalds.com/us/en-us/location/GA/CORDELE/1613-EAST-16TH-AVENUE/3985.html?cid=RF:YXT:GMB::Clicks
Slovak,Pancho's Cantina & Grill,"2536 US-280, Cordele, GA 31015, USA",
Slovak,Cordelia's,"2459 US-280 West, Cordele, GA 31015, USA",https://www.lakeblackshearresort.com/dining/cordelias/
Slovenian,Daphne Lodge Restaurant,"2502 US-280, Cordele, GA 31015, USA",http://daphnelodge.com/
Slovenian,Cypress Grill,"2459 US-280 B, Cordele, GA 31015, USA",http://www.lakeblackshearresort.com/dining/cypress-grill/
Slovenian,El Girasol,"102 E 14th Ave Suite F, Cordele, GA 31015, USA",
Slovenian,16 East Bar and Grill,"1309 16th Ave E, Cordele, GA 31015, USA",
Slovenian,RailHouse Tavern,"129 W 11th Ave, Cordele, GA 31015, USA",https://www.railhousetavern.com/
Slovenian,Cove At Lake Blackshear,"2528 US-280, Cordele, GA 31015, USA",http://www.thecoveatlakeblackshear.com/
Slovenian,Denny's,"2115 16th Ave E, Cordele, GA 31015, USA",https://locations.dennys.com/GA/CORDELE/246484?utm_source=yext&utm_medium=local-listing&utm_campaign=yext-listing&y_source=1_MjIyODI2Ni03MTUtbG9jYXRpb24ud2Vic2l0ZQ%3D%3D
Slovenian,Krystal,"1815 E 16th Ave, Cordele, GA 31015, USA",https://locations.krystal.com/ga/cordele/1815-east-16th-avenue
Slovenian,Chick-fil-A,"1711 E 16th Ave, Cordele, GA 31015, USA",https://www.chick-fil-a.com/locations/ga/cordele?utm_source=yext&utm_medium=link
Slovenian,Hachi Sushi and Japanese Grill,"1817 La Porte Dr, Cordele, GA 31015, USA",https://www.facebook.com/Hachi-Sushi-and-Japanese-Grill-1598297467126640/
Slovenian,McDonald's,"1613 E 16th Ave, Cordele, GA 31015, USA",https://www.mcdonalds.com/us/en-us/location/GA/CORDELE/1613-EAST-16TH-AVENUE/3985.html?cid=RF:YXT:GMB::Clicks
Slovenian,Cordelia's,"2459 US-280 West, Cordele, GA 31015, USA",https://www.lakeblackshearresort.com/dining/cordelias/
Somali,Smoakies Bar-B-Que,"602 S Greer St, Cordele, GA 31015, USA",http://smoakies.com/
Somali,Cypress Grill,"2459 US-280 B, Cordele, GA 31015, USA",http://www.lakeblackshearresort.com/dining/cypress-grill/
Somali,Cordelia's,"2459 US-280 West, Cordele, GA 31015, USA",https://www.lakeblackshearresort.com/dining/cordelias/
South African,Daphne Lodge Restaurant,"2502 US-280, Cordele, GA 31015, USA",http://daphnelodge.com/
Sri Lankan,RailHouse Tavern,"129 W 11th Ave, Cordele, GA 31015, USA",https://www.railhousetavern.com/
Sri Lankan,Daphne Lodge Restaurant,"2502 US-280, Cordele, GA 31015, USA",http://daphnelodge.com/
Sri Lankan,Cypress Grill,"2459 US-280 B, Cordele, GA 31015, USA",http://www.lakeblackshearresort.com/dining/cypress-grill/
Sri Lankan,Tri-County Seafood,"401 Pecan St S, Cordele, GA 31015, USA",https://m.facebook.com/tricountyseafood
Sri Lankan,Denny's,"2115 16th Ave E, Cordele, GA 31015, USA",https://locations.dennys.com/GA/CORDELE/246484?utm_source=yext&utm_medium=local-listing&utm_campaign=yext-listing&y_source=1_MjIyODI2Ni03MTUtbG9jYXRpb24ud2Vic2l0ZQ%3D%3D
Sri Lankan,Cove At Lake Blackshear,"2528 US-280, Cordele, GA 31015, USA",http://www.thecoveatlakeblackshear.com/
Sri Lankan,Hachi Sushi and Japanese Grill,"1817 La Porte Dr, Cordele, GA 31015, USA",https://www.facebook.com/Hachi-Sushi-and-Japanese-Grill-1598297467126640/
Sri Lankan,Chick-fil-A,"1711 E 16th Ave, Cordele, GA 31015, USA",https://www.chick-fil-a.com/locations/ga/cordele?utm_source=yext&utm_medium=link
Sri Lankan,McDonald's,"1613 E 16th Ave, Cordele, GA 31015, USA",https://www.mcdonalds.com/us/en-us/location/GA/CORDELE/1613-EAST-16TH-AVENUE/3985.html?cid=RF:YXT:GMB::Clicks
Sri Lankan,Cordelia's,"2459 US-280 West, Cordele, GA 31015, USA",https://www.lakeblackshearresort.com/dining/cordelias/
Swiss,RailHouse Tavern,"129 W 11th Ave, Cordele, GA 31015, USA",https://www.railhousetavern.com/
Swiss,16 East Bar and Grill,"1309 16th Ave E, Cordele, GA 31015, USA",
Swiss,Daphne Lodge Restaurant,"2502 US-280, Cordele, GA 31015, USA",http://daphnelodge.com/
Swiss,Cypress Grill,"2459 US-280 B, Cordele, GA 31015, USA",http://www.lakeblackshearresort.com/dining/cypress-grill/
Swiss,"Surcheros - Cordele, GA","903A 16th Ave E, Cordele, GA 31015, USA",https://www.surcheros.com/
Swiss,Cove At Lake Blackshear,"2528 US-280, Cordele, GA 31015, USA",http://www.thecoveatlakeblackshear.com/
Swiss,The Hushed Puppy at Buoy's on Blackshear,"4262 US-280, Cobb, GA 31735, USA",
Swiss,Denny's,"2115 16th Ave E, Cordele, GA 31015, USA",https://locations.dennys.com/GA/CORDELE/246484?utm_source=yext&utm_medium=local-listing&utm_campaign=yext-listing&y_source=1_MjIyODI2Ni03MTUtbG9jYXRpb24ud2Vic2l0ZQ%3D%3D
Swiss,Paradise fast food and wings,"604 Joe Wright Dr, Cordele, GA 31015, USA",
Swiss,Hachi Sushi and Japanese Grill,"1817 La Porte Dr, Cordele, GA 31015, USA",https://www.facebook.com/Hachi-Sushi-and-Japanese-Grill-1598297467126640/
Swiss,El Girasol,"102 E 14th Ave Suite F, Cordele, GA 31015, USA",
Swiss,Cracker Barrel Old Country Store,"1905 Central Ave, Cordele, GA 31015, USA",https://www.crackerbarrel.com/Locations/States/ga/cordele/456/?utm_source=google&utm_medium=maps&utm_campaign=crackerbarrelurl
Swiss,The Rustic Bistro and Bakery,"70 N Lumpkin St, Hawkinsville, GA 31036, USA",
Swiss,Chick-fil-A,"1711 E 16th Ave, Cordele, GA 31015, USA",https://www.chick-fil-a.com/locations/ga/cordele?utm_source=yext&utm_medium=link
Swiss,Wendy's,"1515 E 16th Ave, Cordele, GA 31015, USA",https://locations.wendys.com/united-states/ga/cordele/1515-e-16th-avenue?utm_source=Yext&utm_medium=Google_My_Business&utm_campaign=Local_Search&utm_content=EN_US
Swiss,Hardee’s,"1702 E 16th Ave, Cordele, GA 31015, USA",https://locations.hardees.com/ga/cordele/1702-e-16th-ave
Swiss,McDonald's,"1613 E 16th Ave, Cordele, GA 31015, USA",https://www.mcdonalds.com/us/en-us/location/GA/CORDELE/1613-EAST-16TH-AVENUE/3985.html?cid=RF:YXT:GMB::Clicks
Swiss,Arby's,"2201 16th Ave E, Cordele, GA 31015, USA",https://locations.arbys.com/ga/cordele/2201-e-16th-ave.html?utm_source=google%20my%20business&utm_medium=organic&utm_campaign=website%20link
Swiss,Pearly's Famous Country Cooking,"814 N Slappey Blvd, Albany, GA 31701, USA",http://www.pearlyscookin.com/
Swiss,Gladys Kitchen,"Perlis Plaza Shopping Center, 1009 Martin Luther King Jr Blv, Americus, GA 31719, USA",https://gladys-kitchen.square.site/
Syrian,WRAP & KEBAB Restaurant & Middle Eastern Grocery,"103 Gunn Rd, Centerville, GA 31028, USA",
Syrian,El Girasol,"102 E 14th Ave Suite F, Cordele, GA 31015, USA",
Syrian,Cypress Grill,"2459 US-280 B, Cordele, GA 31015, USA",http://www.lakeblackshearresort.com/dining/cypress-grill/
Syrian,Gyro City Mediterranean Grill,"116 W Lamar St, Americus, GA 31709, USA",
Syrian,Yalda Persian & Middle Eastern Restaurant,"6500 Aria Blvd Suite 500, Sandy Springs, GA 30328, USA",http://yaldaatl.com/
Syrian,16 East Bar and Grill,"1309 16th Ave E, Cordele, GA 31015, USA",
Syrian,Metropolis Grill Warner Robins,"866 SR 96 #104, Warner Robins, GA 31088, USA",http://www.metropolisgrill.com/
Syrian,PITA Mediterranean Street Food,"3030 Watson Blvd #600, Warner Robins, GA 31093, USA",
Syrian,Papouli's Mediterranean Cafe and Market,"121 Tom Hill Sr Blvd, Macon, GA 31210, USA",http://www.papouliscafe.com/
Syrian,Cordelia's,"2459 US-280 West, Cordele, GA 31015, USA",https://www.lakeblackshearresort.com/dining/cordelias/
Taiwanese,China One,"1217 E 16th Ave L, Cordele, GA 31015, USA",http://www.chinaonecordele.com/
Tanzanian,African Street Bites - Nigerian Cuisine,"215 Warhawk Dr, Kathleen, GA 31047, USA",https://african-street-bites.square.site/
Thai,16 East Bar and Grill,"1309 16th Ave E, Cordele, GA 31015, USA",
Thai,Cove At Lake Blackshear,"2528 US-280, Cordele, GA 31015, USA",http://www.thecoveatlakeblackshear.com/
Thai,Tina's Kitchen Thai Cuisine,"328 Oneal Dr, Waverly Hall, GA 31831, USA",
Thai,Thai Garden,"Battlefield Pkwy, Fort Oglethorpe, GA 30742, USA",
Thai,Nakorn Thai Cuisine,"5448 New Jesup Hwy, Brunswick, GA 31525, USA",http://www.nakornthaicuisine.com/
Thai,Tup Tim Thai cuisine,"250 Golden Isles Plaza, Brunswick, GA 31520, USA",https://www.tuptimthaibrunswick.com/
Thai,Taste of Thailand,"121 Jonesboro Rd, Jonesboro, GA 30326, USA",
Thai,Inseethai asian cuisine,"622 Eagles Landing Pkwy, Stockbridge, GA 30281, USA",https://inseethaistockbridge.com/
Thai,Thai Norcross,"1200 Rockbridge Rd NW, Norcross, GA 30093, USA",http://www.thairestaurantnorcross.com/
Thai,Thai Basil Kitchen,"1475 Peachtree Pkwy, Cumming, GA 30041, USA",http://www.thaibasilkitchen.com/
Thai,Thai Basil Cuisine,"921 S Carroll Rd, Villa Rica, GA 30180, USA",http://thaibasilvr.com/
Thai,Tara Thai & Sushi,"307 Longview Plaza Driveway, St Simons Island, GA 31522, USA",http://www.tarathaisushi.com/
Thai,Siam Thai Restaurant,"123 Sycamore St, Decatur, GA 30030, USA",http://www.siamthaidecatur.com/
Thai,Tani Thai Restaurant,"15 E Main St NE, Buford, GA 30518, USA",http://www.tanithai.com/
Thai,Pad Thai,"2180 Pleasant Hill Rd b3, Duluth, GA 30096, USA",https://padthaiduluthga.smiledining.com/
Thai,Surina Thai,"2390 Chamblee Tucker Rd, Chamblee, GA 30341, USA",http://www.surinathai.com/
Thai,Papaya Thai Cuisine and Sushi Bar,"2457 Hwy 17, Richmond Hill, GA 31324, USA",https://www.facebook.com/Papaya-Thai-Cuisine-and-Sushi-Bar-Richmond-Hill-2305842136138161/
Thai,Klom Klom Thai,"7201 Hodgson Memorial Dr c, Savannah, GA 31406, USA",https://linktr.ee/eatklomklomthai
Thai,thai in decatur,"2670 E College Ave, Decatur, GA 30030, USA",http://www.thaiindecatur.com/
Thai,Sri Thai Kitchen & Sushi Bar,"1380 Atlantic Dr NW #14275, Atlanta, GA 30363, USA",http://www.srithaikitchen.com/
Tunisian,Daphne Lodge Restaurant,"2502 US-280, Cordele, GA 31015, USA",http://daphnelodge.com/
Tunisian,Hachi Sushi and Japanese Grill,"1817 La Porte Dr, Cordele, GA 31015, USA",https://www.facebook.com/Hachi-Sushi-and-Japanese-Grill-1598297467126640/
Tunisian,Jamaican Jerk Restaurant,"106 16th Ave E, Cordele, GA 31015, USA",
Tunisian,Denny's,"2115 16th Ave E, Cordele, GA 31015, USA",https://locations.dennys.com/GA/CORDELE/246484?utm_source=yext&utm_medium=local-listing&utm_campaign=yext-listing&y_source=1_MjIyODI2Ni03MTUtbG9jYXRpb24ud2Vic2l0ZQ%3D%3D
Tunisian,Cypress Grill,"2459 US-280 B, Cordele, GA 31015, USA",http://www.lakeblackshearresort.com/dining/cypress-grill/
Tunisian,RailHouse Tavern,"129 W 11th Ave, Cordele, GA 31015, USA",https://www.railhousetavern.com/
Tunisian,Cove At Lake Blackshear,"2528 US-280, Cordele, GA 31015, USA",http://www.thecoveatlakeblackshear.com/
Tunisian,Krystal,"1815 E 16th Ave, Cordele, GA 31015, USA",https://locations.krystal.com/ga/cordele/1815-east-16th-avenue
Tunisian,Chick-fil-A,"1711 E 16th Ave, Cordele, GA 31015, USA",https://www.chick-fil-a.com/locations/ga/cordele?utm_source=yext&utm_medium=link
Tunisian,Smoakies Bar-B-Que,"602 S Greer St, Cordele, GA 31015, USA",http://smoakies.com/
Tunisian,McDonald's,"1613 E 16th Ave, Cordele, GA 31015, USA",https://www.mcdonalds.com/us/en-us/location/GA/CORDELE/1613-EAST-16TH-AVENUE/3985.html?cid=RF:YXT:GMB::Clicks
Tunisian,Cordelia's,"2459 US-280 West, Cordele, GA 31015, USA",https://www.lakeblackshearresort.com/dining/cordelias/
Ukrainian,RailHouse Tavern,"129 W 11th Ave, Cordele, GA 31015, USA",https://www.railhousetavern.com/
Venezuelan,Cylantros Venezuelan Cuisine,"9595 Main St B, Woodstock, GA 30188, USA",https://cylantros.net/
Vietnamese,16 East Bar and Grill,"1309 16th Ave E, Cordele, GA 31015, USA",
Vietnamese,Viet Pho,"717 N Westover Blvd #1406, Albany, GA 31707, USA",http://facebook.com/vietpho229
Vietnamese,96 Vietnamese Cuisine,"810 SR 96 Suite 600, Warner Robins, GA 31088, USA",https://96vietnamesecuisinega.com/
Vietnamese,VN Pho,"6363 Jonesboro Rd, Morrow, GA 30260, USA",https://www.vnphoatlanta.com/
Vietnamese,Pho Viet Augusta,"3031 Washington Rd, Augusta, GA 30907, USA",
Vietnamese,Saigon Pho,"760 Scranton Rd #100, Brunswick, GA 31525, USA",http://runinout.com/Saigon-Pho-Brunswick-GA
Vietnamese,Pho Ngon So 1,"5372 Jonesboro Rd, Lake City, GA 30260, USA",
Vietnamese,Banh Mi Dang,"4431 Washington Rd Suite 1, Evans, GA 30809, USA",https://www.facebook.com/people/B%C3%A1nh-m%C3%AC-%C4%90%C4%82NG/100067380247419/
Vietnamese,Phở #1 and Asian Market,"5437 Altama Ave, Brunswick, GA 31525, USA",https://pho1.eat24hour.com/
Vietnamese,Super Banh Mi Pho,"1560 Indian Trail Lilburn Rd NW, Norcross, GA 30093, USA",https://superbanhmipho.com/
Vietnamese,Pho Augusta,"4045 Jimmie Dyess Pkwy, Augusta, GA 30909, USA",http://www.pho-augusta.com/
Vietnamese,Pho Dai Loi,"4061 Jonesboro Rd, Forest Park, GA 30297, USA",
Vietnamese,Thanh Thanh Restaurant,"4446 Jonesboro Rd, Forest Park, GA 30297, USA",
Vietnamese,Nam Phuong Vietnamese Restaurant,"5495 Jimmy Carter Blvd, Norcross, GA 30093, USA",https://www.namphuongjimmycarter.com/
Vietnamese,Cơm Gà Houston,"3350 Steve Reynolds Blvd, Duluth, GA 30096, USA",http://www.comgahoustonduluth.com/
Vietnamese,Pho Dai Viet Restaurant,"4279 Roswell Rd NE Ste 206, Atlanta, GA 30342, USA",https://www.phodaiviet.com/
Vietnamese,Banh Mi Station,"1235 Chattahoochee Ave NW Suite 130, Atlanta, GA 30318, USA",https://banhmistationatl.com/
Vietnamese,Asian Cuisine & Boba Tea,"111 Longview Plaza Driveway, St Simons Island, GA 31522, USA",https://www.asiancuisinestsimons.com/
Vietnamese,Quoc Huong Banh Mi Fast Food,"5150 Buford Hwy NE, Doraville, GA 30340, USA",https://banhmiquochuong.com/
Vietnamese,Phở Cue,"925 Garrett St ste l, Atlanta, GA 30316, USA",http://www.instagram.com/eatphocue
Yemeni,Hachi Sushi and Japanese Grill,"1817 La Porte Dr, Cordele, GA 31015, USA",https://www.facebook.com/Hachi-Sushi-and-Japanese-Grill-1598297467126640/
Yemeni,Cypress Grill,"2459 US-280 B, Cordele, GA 31015, USA",http://www.lakeblackshearresort.com/dining/cypress-grill/
Yemeni,Cordelia's,"2459 US-280 West, Cordele, GA 31015, USA",https://www.lakeblackshearresort.com/dining/cordelias/
Zambian,Jamaican Jerk Restaurant,"106 16th Ave E, Cordele, GA 31015, USA",
Zambian,Daphne Lodge Restaurant,"2502 US-280, Cordele, GA 31015, USA",http://daphnelodge.com/
Zambian,Cypress Grill,"2459 US-280 B, Cordele, GA 31015, USA",http://www.lakeblackshearresort.com/dining/cypress-grill/
Zambian,El Girasol,"102 E 14th Ave Suite F, Cordele, GA 31015, USA",
Zambian,16 East Bar and Grill,"1309 16th Ave E, Cordele, GA 31015, USA",
Zambian,Cordelia's,"2459 US-280 West, Cordele, GA 31015, USA",https://www.lakeblackshearresort.com/dining/cordelias/
Zimbabwean,Daphne Lodge Restaurant,"2502 US-280, Cordele, GA 31015, USA",http://daphnelodge.com/
