Cuisine Type,Name,Address,Website
Mexican,Taqueria Playa Tropical,"334 6th St, New Westminster, BC V3L 3A8, Canada",http://www.facebook.com/TaqueriaPlayaTropical
Mexican,Taqueria Jalisco Restaurant,"10675 King George Blvd, Surrey, BC V3T 2X6, Canada",https://taqueriajaliscoo.business.site/
Mexican,Guacamole Mexican Grill,"10671A King George Blvd, Surrey, BC V3T 2X6, Canada",http://www.guacmexgrill.ca/
Mexican,El Ranchito Family Mexican Restaurant,"8138 WA-539, Lynden, WA 98264, USA",
Mexican,Chimayo En El Dia,"112 Haven Rd, Eastsound, WA 98245, USA",
Mexican,Miltomates Taqueria,"9613 192 St #4, Surrey, BC V4N 4C7, Canada",https://miltomatesfoods.com/
Mexican,Cancun Mexican Restaurant,"8874 Bender Rd STE 107, Lynden, WA 98264, USA",http://www.cancunmexrest.com/
Mexican,Mucho Burrito Fresh Mexican Grill,"2105 Hawkins Street #120, Port Coquitlam, BC V3B 0G6, Canada",https://locations.muchoburrito.com/ll/CA/BC/Port-Coquitlam/2105-Hawkins-St_
Mexican,Quesada Burritos & Tacos,"1502 Broadway St, Port Coquitlam, BC V3C 2M8, Canada",http://www.quesada.ca/
Mexican,Quesada Burritos & Tacos,"800 Carnarvon St, New Westminster, BC V3M 0G3, Canada",http://www.quesada.ca/
Mexican,Hermosa,"140 A First St S, Friday Harbor, WA 98250, USA",http://www.hermosasji.com/
Mexican,Mijitas Mexican Kitchen,"310 A St, Eastsound, WA 98245, USA",http://www.mijitasorcas.com/
Mexican,Taco Del Mar,"805 Boyd St, New Westminster, BC V3M 5G7, Canada",https://www.tacodelmar.com/
Mexican,Don Chepe's Restaurant,"1122 5th Ave, New Westminster, BC V3M 1Y6, Canada",http://www.donchepesrestaurant.com/
Mexican,La Conquistadora,"10511 King George Blvd, Surrey, BC V3T 2X1, Canada",
Mexican,TacoTime Scott Road,"8942 120 St, Surrey, BC V3V 4B4, Canada",https://tacotimecanada.com/
Mexican,Frida's Gourmet Mexican Cuisine,"416 1/2 Commercial Ave, Anacortes, WA 98221, USA",http://www.fridasgourmet.net/
Mexican,Quesada Burritos & Tacos,"10355 120 St #103, Surrey, BC V3V 0C1, Canada",http://www.quesada.ca/
Mexican,Agave Taqueria,"2520 Commercial Ave, Anacortes, WA 98221, USA",https://agavetaqueriawa.com/
Mexican,Salsa & Guacamole,"13483 72 Ave LOWER LEVEL, Surrey, BC V3W 2N7, Canada",https://www.salsaandguacamole.com/
Swedish,Angelina's Dutch Corner,"810 Quayside Dr Unit 122, New Westminster, BC V3M 6B9, Canada",https://angelinasdutchcorner.ca/
Italian,The Old Spaghetti Factory (New Westminster),"50 Eighth St, New Westminster, BC V3M 3N8, Canada",http://www.oldspaghettifactory.ca/locations/new-westminster
Italian,Piva Modern Italian,"787 Columbia St, New Westminster, BC V3M 1B6, Canada",http://pivarestaurant.ca/
Italian,Pasta Polo and Brick Oven Pizza / catering,"2754 Barnet Hwy, Coquitlam, BC V3B 1B9, Canada",https://pastapolo.com/
Italian,Mamma Mia!,"1122 5th Ave, New Westminster, BC V3M 1Y6, Canada",
Italian,Vinny's Ristorante,"165 West St, Friday Harbor, WA 98250, USA",http://www.vinnysfridayharbor.com/
Italian,Rozzini's Restaurant,"211 Ewen Ave, New Westminster, BC V3M 5B3, Canada",https://www.rozzinisrestaurant.ca/
Italian,"Bozzini's Restaurant - Greek, Indian, Italian","13655 104 Ave #104, Surrey, BC V3T 1W3, Canada",http://bozzinis.ca/
Italian,Pasta Timo,"16033 108 Ave Unit 407, Surrey, BC V4N 1P2, Canada",http://www.pastatimo.ca/
Italian,Artusi Restaurant,"412 6th St, New Westminster, BC V3L 3B2, Canada",http://www.artusirestaurant.com/
Italian,Apollo Pizza + Pasta,"11161 84 Ave #9, Delta, BC V4C 2K4, Canada",http://www.apollopizza.ca/
Italian,The Old Spaghetti Factory (Langley),"20077 91A Ave, Langley Twp, BC V1M 3A2, Canada",http://www.oldspaghettifactory.ca/locations/langley
Italian,Zara's Pasta Production,"1560 Broadway St, Port Coquitlam, BC V3C 2M8, Canada",http://www.zarapasta.com/
Italian,The Old Spaghetti Factory (Richmond),"Riverport Entertainment Complex, 14200 Entertainment Blvd #110, Richmond, BC V6W 1K3, Canada",http://www.oldspaghettifactory.ca/locations/richmond
Italian,Olive Garden Italian Restaurant,"#4276, Bellingham, WA 98226, USA",https://www.olivegarden.com/locations/wa/bellingham/bellingham/1487?cmpid=br:og_ag:ie_ch:loc_ca:OGGMB_sn:gmb_gt:bellingham-wa-1487_pl:locurl_rd:1365
Italian,Olive Garden Italian Restaurant,"20080 Langley Bypass, Langley, BC V3A 9J7, Canada",https://www.olivegarden.com/locations/bc/langley/langley-rio-can-centre/4346?cmpid=br:og_ag:ie_ch:loc_ca:OGGMB_sn:gmb_gt:langley-bc-4346_pl:locurl_rd:1742
Italian,Poor Italian Ristorante,"3296 E 1st Ave, Vancouver, BC V5M 1B8, Canada",http://www.pooritalian.com/
Italian,Famoso Italian Pizzeria - Guildford,"10355 152 St, Surrey, BC V3R 7Z1, Canada",https://famoso.ca/locations/surrey-guildford-mall/
Italian,Aaron's Pizza Restaurant,"17665 57 Ave, Surrey, BC V3S 1H1, Canada",https://order.aaronspizza.ca/
Italian,Pizzeria Portofino,"Same as Island Skillet location, 325 Prune Alley, Eastsound, WA 98245, USA",http://www.pizzaorcas.com/
Italian,Monti,"382 Prune Alley, Eastsound, WA 98245, USA",http://www.montimontimonti.com/
Spanish,Don Chepe's Restaurant,"1122 5th Ave, New Westminster, BC V3M 1Y6, Canada",http://www.donchepesrestaurant.com/
Spanish,Chimayo En El Dia,"112 Haven Rd, Eastsound, WA 98245, USA",
Spanish,Paellas San Juan,"150 Nichols St, Friday Harbor, WA 98250, USA",http://www.paellassanjuan.com/
Spanish,Union Latino's Food,"13569 105A Ave, Surrey, BC V3T 2A9, Canada",https://www.unionlatinosrestaurant.com/
Spanish,Taqueria Playa Tropical,"334 6th St, New Westminster, BC V3L 3A8, Canada",http://www.facebook.com/TaqueriaPlayaTropical
Spanish,Hermosa,"140 A First St S, Friday Harbor, WA 98250, USA",http://www.hermosasji.com/
Spanish,Jamoneria by ARC,"1020-12471 Horseshoe Way, Richmond, BC V7A 4X6, Canada",https://arcimports.ca/pages/jamoneria-by-arc
Spanish,La Conquistadora,"10511 King George Blvd, Surrey, BC V3T 2X1, Canada",
Spanish,El Santo,"680 Columbia St, New Westminster, BC V3M 0E3, Canada",http://www.elsanto.ca/
Spanish,Tina's Place,"205 A St, Friday Harbor, WA 98250, USA",http://tinas-place.com/
Spanish,Mijitas Mexican Kitchen,"310 A St, Eastsound, WA 98245, USA",http://www.mijitasorcas.com/
Spanish,Mucho Burrito Fresh Mexican Grill,"2105 Hawkins Street #120, Port Coquitlam, BC V3B 0G6, Canada",https://locations.muchoburrito.com/ll/CA/BC/Port-Coquitlam/2105-Hawkins-St_
Spanish,Cachito Mio,"551 Sherling Pl #1140, Port Coquitlam, BC V3B 0J6, Canada",http://www.cachitomio.ca/
Spanish,Salsa & Guacamole,"13483 72 Ave LOWER LEVEL, Surrey, BC V3W 2N7, Canada",https://www.salsaandguacamole.com/
Spanish,Miltomates Taqueria,"9613 192 St #4, Surrey, BC V4N 4C7, Canada",https://miltomatesfoods.com/
Spanish,Taqueria Jalisco Restaurant,"10675 King George Blvd, Surrey, BC V3T 2X6, Canada",https://taqueriajaliscoo.business.site/
Spanish,Quesada Burritos & Tacos,"800 Carnarvon St, New Westminster, BC V3M 0G3, Canada",http://www.quesada.ca/
Spanish,Guacamole Mexican Grill,"10671A King George Blvd, Surrey, BC V3T 2X6, Canada",http://www.guacmexgrill.ca/
Spanish,"The Madrona Bar & Grill, Orcas Island","310 Main St, Eastsound, WA 98245, USA",http://www.madronabarandgrill.com/
Spanish,Johanna's Catering,"Prune Alley, Eastsound, WA 98245, USA",
American,Dad's Diner,"4395 Largo St, Farmington, NM 87402, USA",https://www.facebook.com/pages/category/Breakfast---Brunch-Restaurant/Dads-Diner-111775218860183/
American,The Real McCoy,"33 Barboncito Dr, Shiprock, NM 87420, USA",http://shiprock.therealmccoybar.com/
American,The Potato Box,"1401 E Broadway Ave, Farmington, NM 87401, USA",http://potatobox.co/
American,Nataaní Nez,"101 Ayani'Neez Blvd, Shiprock, NM 87420, USA",
American,A&W All-American Food,"908 W Aztec Blvd #1866, Aztec, NM 87410, USA",http://www.awrestaurants.com/#about
American,Texas Roadhouse,"4601 E Main St Suite 160, Farmington, NM 87402, USA",https://www.texasroadhouse.com/locations/new-mexico/farmington?utm_source=listing&utm_medium=search
American,Porter's Restaurant and Smokehouse,"2210 E 20th St, Farmington, NM 87401, USA",http://www.porters-farmington.com/
American,Weck's,"2800 E Main St, Farmington, NM 87402, USA",https://www.wecksinc.com/farmington
American,Applebee's Grill + Bar,"4601-D, E Main St, Farmington, NM 87402, USA",https://restaurants.applebees.com/en-us/nm/farmington/4601-d-east-main-street-84073?utm_source=google&utm_medium=organic&utm_campaign=google_my_business&utm_term=84073&utm_content=website
American,Ashkii's Navajo Grill,"123 W Broadway, Farmington, NM 87401, USA",
American,The Grub Shack,"112 W Main St, Farmington, NM 87401, USA",
American,Denny's,"600 Scott Ave, Farmington, NM 87401, USA",https://locations.dennys.com/NM/FARMINGTON/247171?utm_source=yext&utm_medium=local-listing&utm_campaign=yext-listing&y_source=1_MjIyODkyNS03MTUtbG9jYXRpb24ud2Vic2l0ZQ%3D%3D
American,Chat & Chew,"US-64, Shiprock, NM 87420, USA",
American,Chili's Grill & Bar,"4915 E Main St, Farmington, NM 87402, USA",https://www.chilis.com/locations/us/new-mexico/farmington/farmington?utm_source=google&utm_medium=local&utm_campaign=Chilis
American,Fuddruckers,"4601 E Main St, Farmington, NM 87402, USA",https://www.fuddruckers.com/farmington
American,Outback Steakhouse,"4921 E Main St, Farmington, NM 87402, USA",https://locations.outback.com/new-mexico/farmington/4921-east-main-street?utm_source=gmb&utm_medium=local_search&utm_campaign=website_cta&y_source=1_MTU1MDI1MTEtNzE1LWxvY2F0aW9uLndlYnNpdGU%3D
American,Hometown Hamburgers,"2133 E Main St, Farmington, NM 87401, USA",http://hometown-hamburgers.com/
American,Red Lobster,"ON THE ANIMAS RIVER, 3451 E Main St, Farmington, NM 87402, USA",https://www.redlobster.com/seafood-restaurants/locations/nm/farmington/3451-e-main-street
American,IHOP,"3546 E Main St, Farmington, NM 87402, USA",https://restaurants.ihop.com/en-us/nm/farmington/breakfast-3546-e-main-st-1554?utm_source=google&utm_medium=organic&utm_campaign=google_my_business&utm_term=1554&utm_content=website
American,Three Rivers Eatery & Brewhouse,"101 E Main St, Farmington, NM 87401, USA",http://www.threeriversbrewery.com/
Scottish,The Lion Rampant Scottish Pub,"6777 Beaumont Ave, Duncan, BC V9L 5X4, Canada",http://www.lionrampantpub.com/
British,Golden Parrots Pub & Restaurant,"170 Golden Dr, Coquitlam, BC V3K 6J1, Canada",https://goldenparrotspub.com/
Thai,Golden Triangle,"140 First St N, Friday Harbor, WA 98250, USA",http://www.goldentrianglefh.com/
Thai,Naung Mai Thai Kitchen,"2216 Commercial Ave, Anacortes, WA 98221, USA",http://nmthaikitchen.com/
Thai,Patsara Thai,"528 Carnarvon St, New Westminster, BC V3L 1C4, Canada",https://www.patsara.ca/
Thai,"Tin House ""Thai Street Food""","3015 Commercial Ave Suite C, Anacortes, WA 98221, USA",http://www.tinhouse1.com/
Thai,Bamboo Bistro,"3401 Commercial Ave, Anacortes, WA 98221, USA",http://www.atbamboobistro.com/
Thai,Thai By Thai,"9164 120 St, Surrey, BC V3V 4B5, Canada",http://thaibythai-surrey.com/?utm_source=google&utm_medium=maps&utm_campaign=website
Thai,Ruby Siam Thai Kitchen Inc.,"176 Street Back alley #5723, Surrey, BC V3S 4C9, Canada",
Thai,Ma Now Thai Kitchen,"2755 Lougheed Hwy. #29, Port Coquitlam, BC V3B 5Y9, Canada",https://manowthaikitchen.ca/
Thai,Mai Thai Restaurant,"91 NE Midway Blvd, Oak Harbor, WA 98277, USA",https://www.maithairestaurant.net/
Thai,Chada Thai,"825 Peace Portal Dr, Blaine, WA 98230, USA",http://www.chadathaiusa.com/
Thai,Thai Chef Eatery,"3355 North Rd, Burnaby, BC V3J 1M3, Canada",https://thaichefeatery.com/
Thai,California Thai,"5000 Canoe Pass Wy #0B3, Delta, BC V4M 4G8, Canada",http://www.californiathai.ca/
Thai,Longtail Kitchen,"810 Quayside Dr Unit 116, New Westminster, BC V3M 6B9, Canada",http://longtailkitchen.com/
Thai,Rice and Noodle (Surrey),"13639 George Jct #105, Surrey, BC V3T 0R1, Canada",https://www.thericeandnoodle.com/
Thai,Kin Thai Kitchen & Bar,"2443 161a St #50, Surrey, BC V3Z 0M6, Canada",http://www.kinthai.ca/
Thai,Leela Thai Restaurant,"1558 George St, White Rock, BC V4B 3E8, Canada",
Thai,Thai Juan On,"31878 Del Obispo St #109, San Juan Capistrano, CA 92675, USA",https://www.thaijuanon.com/
Thai,BAAN LAO FINE THAI CUISINE,"4100 Bayview St, Richmond, BC V7E 6S8, Canada",http://baanlao.ca/?utm_source=gmb&utm_medium=organic
Thai,Pad Thai Restaurant,"12540 Harris Rd Unit 102, Pitt Meadows, BC V3Y 2J4, Canada",http://www.padthairestaurant.ca/
Thai,One More Thai Restaurant,"7158 120 St, Surrey, BC V3W 3M8, Canada",https://onemorethai.ca/
Japanese,Togo Sushi,"800 Carnarvon St #223, New Westminster, BC V3M 0G3, Canada",http://www.togosushi.ca/
Japanese,Kai Japanese Restaurant,"863 Village Dr #160, Port Coquitlam, BC V3B 0G9, Canada",http://www.kaipoco.ca/
Japanese,Kojima Sushi,"410 6th St, New Westminster, BC V3L 3B2, Canada",https://kojimasushinewwest.com/?utm_source=google&utm_medium=maps&utm_campaign=website
Japanese,Akari Japanese Restaurant,"7261 120 St, Delta, BC V4C 6P5, Canada",http://www.deltaakari.com/
Japanese,Minori Japanese Restaurant,"8356 112 St, Delta, BC V4C 7A2, Canada",https://minorisushi.ca/
Japanese,Sushi Bar Shyun,"1250 Dominion Ave #102, Port Coquitlam, BC V3B 8G7, Canada",https://sushibarshyun.wixsite.com/shyun
Japanese,Ki Sushi Restaurant,"45 Eighth St, New Westminster, BC V3M 1E6, Canada",https://kisushi.zomi.menu/
Japanese,Hyack Sushi,"55 Eighth St, New Westminster, BC V3M 3N9, Canada",https://hyacksushi.com/
Japanese,Sushi Shogun,"13591 King George Blvd, Surrey, BC V3T 2V1, Canada",http://www.sushishogun.ca/
Japanese,Sora Sushi House,"74 Eighth St, New Westminster, BC V3M 5Z5, Canada",https://sorasushihouse.com/?utm_source=google&utm_medium=maps&utm_campaign=website
Japanese,Umami Sushi Surrey,"17725 64 Ave #205, Surrey, BC V3S 1Z2, Canada",http://www.umami-sushi.ca/
Japanese,Toyama Express Sushi,"10153 102 Ave Unit 701, Surrey, BC V3T 2W1, Canada",
Japanese,Denji Sushi Japanese restaurant,"Canada, British Columbia, Surrey, 188 St, CA",http://denjisushi.ca/
Japanese,Sushi 990,"1125 Nicola Ave #110 Port Coquitlam, BC V3B 8B2, Canada",https://sushi990.com/
Japanese,Sushi Street,"13660 George Jct Unit 170, Surrey, BC V3T 0R1, Canada",http://sushistreet.ca/
Japanese,Maguro Japanese Restaurant,"10090 152 St, Surrey, BC V3R 8X8, Canada",
Japanese,Kami Strawberry Hill Japanese Restaurant,"12101 72 Ave #122, Surrey, BC V3W 2M1, Canada",http://sushi-kami.com/
Japanese,Sushi Simagoya(작은 섬 생선초밥),"1102 Ewen Ave #103, New Westminster, BC V3M 5E3, Canada",http://sushisimagoya.ca/
Japanese,Ichthus Sushi,"950 Seaborne Ave, Port Coquitlam, BC V3E 3G7, Canada",
Japanese,Sushi Topia,"6350 120 St #120, Surrey, BC V3X 3K1, Canada",http://www.sushi-topia.ca/
Chinese,Fú Express,"2080 United Blvd, Coquitlam, BC V3K 6W3, Canada",
Chinese,China Pearl Restaurant [UNDER NEW MANAGEMENT],"51 Spring St, Friday Harbor, WA 98250, USA",http://www.chinapearldining.com/
Chinese,North Noodle House,"800 Carnarvon St #356, New Westminster, BC V3M 0G3, Canada",
Chinese,Hong Kong Garden Restaurant,"2501 Commercial Ave, Anacortes, WA 98221, USA",https://www.facebook.com/pages/Hong-Kong-Gardens/113910448640661
Chinese,一品香 Sichuan Yummy Food Chinese Food Restaurant (Order from our website & SAVE MORE!),"441 12th St, New Westminster, BC V3M 4H7, Canada",https://sichuanyummyfood.zomi.menu/
Chinese,Jade Valley Chinese Restaurant,"10090 152 St, Surrey, BC V3R 8X8, Canada",https://qmenu.us/#/jade-valley-chinese-restaurant-surrey?target=http://www.jadevalley.ca/
Chinese,Han Lin Noodle House,"408 6th St, New Westminster, BC V3L 3B2, Canada",https://www.hanlinnewwest.com/
Chinese,Rickshaw Chinese Food,"10505 King George Blvd, Surrey, BC V3T 2X1, Canada",https://rickshawchinese.ca/
Chinese,Hang Lee Wok,"7031 120 St #53, Delta, BC V4E 2A9, Canada",
Chinese,On Yuen Chinese Restaurant,"9014 152 St, Surrey, BC V3R 4E7, Canada",https://www.onyuenchineserestaurant.ca/
Chinese,ChongQing on Scott Road,"8220 120 St, Surrey, BC V3W 3N4, Canada",http://www.cqrestaurant.com/
Chinese,Dragon Bowl Kitchen Lab,"406 6th St, New Westminster, BC V3L 3B1, Canada",https://www.dragonbowl.ca/
Chinese,Top Kings Restaurant & Cafe,"10294 City Pkwy, Surrey, BC V3T 4C2, Canada",
Chinese,King Do Seafood Restaurant,"13922 104 Ave, Surrey, BC V3T 1X2, Canada",https://www.kingdo.ca/
Chinese,Ladner Ming Court Restaurant,"4770 47a St, Delta, BC V4K 2P7, Canada",http://www.ladnermingcourtrestaurant.ca/
Chinese,Manchu Wok,"9855 Austin Rd Unit #908, Burnaby, BC V3J 1N4, Canada",https://locations.manchuwok.com/stores/lougheed-mall/?utm_source=G&utm_medium=LPM&utm_campaign=MTY
Chinese,Golden Medal Restaurant,"5619 176a St, Surrey, BC V3S 4G8, Canada",http://www.goldenmedal.ca/
Chinese,Manchu Wok,"10153 King George Blvd #703, Surrey, BC V3T 2W1, Canada",https://locations.manchuwok.com/stores/central-city-s-c/?utm_source=G&utm_medium=LPM&utm_campaign=MTY
Chinese,Kel-Fen's Kitchen Chinese Restaurant,"14783 108 Ave, Surrey, BC V3R 1V9, Canada",https://kel-fens.com/?utm_source=google&utm_medium=maps&utm_campaign=website
Chinese,Golden Panda Restaurant,"6355 152 St, Surrey, BC V3S 3K8, Canada",https://goldenpandasurrey.com/
Indian,Royal Tandoori,"83 6th St, New Westminster, BC V3L 2Z8, Canada",https://royaltandoorirestaurant.com/?utm_source=google&utm_medium=maps&utm_campaign=website
Indian,Mirch Masala Indian Cuisine,"9545 120 St, Delta, BC V4C 6S3, Canada",http://mirchmasaladelta.ca/
Indian,Pinch Of Spice | Indian Cuisine • Banquet Hall,"Next to Dollarama, 8655 120 St, Delta, BC V4C 6R4, Canada",https://pinchofspice.ca/
Indian,4 Seasons Chaat House,"420 6th St, New Westminster, BC V3L 3B2, Canada",https://www.4seasonschaathouse.com/
Indian,Green Indian Cuisine,"12565 88 Ave #112, Surrey, BC V3W 3J7, Canada",https://greenindiancuisine.com/
Indian,Mahaveer Chef's Choice,"10227 King George Blvd, Surrey, BC V3T 2W6, Canada",http://mccsurrey.com/
Indian,Mahek Indian Restaurant and Lounge,"9470 120 St, Surrey, BC V3V 4B9, Canada",https://maheksurrey.com/?utm_source=google&utm_medium=maps&utm_campaign=website
Indian,Happy Singh Street Eats,"8821 120 St, Delta, BC V4C 6R6, Canada",https://happysingh.com/ueats-order-page/#/
Indian,Spice Club Indian Cuisine,"9570 120 St, Surrey, BC V3V 4C1, Canada",https://spiceclubrestaurant.ca/
Indian,Dana Pani Indian Cuisine,"805 Boyd St J120, New Westminster, BC V3M 5X2, Canada",http://www.danapaniindian.com/
Indian,The Indian Club,"13648 105A Ave, Surrey, BC V3T 2X3, Canada",https://www.theindianclub.ca/
Indian,Maharani Sweets & Restaurant,"9320 120 St, Surrey, BC V3V 4B8, Canada",https://maharanirestaurant.ca/
Indian,Jaipur Indian Cuisine,"8840 120 St, Surrey, BC V3V 4B4, Canada",
Indian,Delta Indian Cuisine,"8320 112 St, Delta, BC V4C 4W8, Canada",https://deltaindiancuisine.ca/
Indian,Desi Dosa Madras Restaurant Inc,"8859 120 St, Delta, BC V4C 6R6, Canada",http://www.desidosamadras.ca/
Indian,Kerala Kitchen,"9386 120 St #103, Surrey, BC V3V 4B9, Canada",https://keralakitchen.ca/
Indian,Jagga Sweets - Home of Indian Vegetarian Cuisine,"9277 120 St, Delta, BC V4C 6R8, Canada",
Indian,Swagat Indian Sweets & Restaurant,"9547 152 St Unit#111, Surrey, BC V3R 5Y5, Canada",https://orderorbook.com/listings/7256/menus/categories
Indian,Ustaad G Scott Road,"9436 120 St, Surrey, BC V3V 4B9, Canada",https://order.ustaadgscottroad.ca/
Indian,Bikaner Indian Sweets,"15161 56 Ave #109, Surrey, BC V3S 9A5, Canada",http://www.bikanerindiansweets.com/
Canadian,The Restaurant at Friday Harbor House,"130 West St #101, Friday Harbor, WA 98250, USA",http://www.fridayharborhouse.com/dining.php
Canadian,Duck Soup,"50 Duck Soup Ln, Friday Harbor, WA 98250, USA",http://www.ducksoupsanjuans.com/
Canadian,San Juan food truck,"Eng bay bathhouse, Vancouver, BC V6E 1V2, Canada",
Russian,Pel'meni Restaurant,"1211 N State St, Bellingham, WA 98225, USA",https://bhampelmeni.wixsite.com/pelmeni
Jewish,Omnitsky Kosher (BC) Ltd. Plant,"1610 Derwent Wy, Delta, BC V3M 6W1, Canada",https://omnitskykosher.com/
Polish,Izba Bistro,"1545 Lougheed Hwy., Port Coquitlam, BC V3B 1A5, Canada",https://www.izbabistro.com/
German,The Old Bavaria Haus Restaurant,"233 6th St, New Westminster, BC V3L 3A5, Canada",http://www.oldbavariahaus.com/
German,The Tannenbaum Restaurant,"66 10th St #110, New Westminster, BC V3M 3X3, Canada",http://www.thetannenbaum.com/
German,Schweinhaus Biergarten,"1330 N State St, Bellingham, WA 98225, USA",http://www.schweinhaus.com/
German,Eva Schnitzelhaus,"509 Fisgard St, Victoria, BC V8W 3K3, Canada",http://www.evaschnitzel.com/
German,German Doner Kebab,"15551 Fraser Hwy Unit #105, Surrey, BC V3S 2V8, Canada",https://www.germandonerkebab.com/?utm_source=GMBlisting&utm_medium=organic
German,ALTMAERKER German Sausage House and Deli,"11150 84 Ave, Delta, BC V4C 2L7, Canada",http://www.altmaerker.ca/
French,Old Surrey Restaurant,"13483 72 Ave, Surrey, BC V3W 2N7, Canada",http://www.oldsurreyrestaurant.ca/
Hawaiian,Hawaii BBQ & Noodle House,"1212 E Sunset Dr, Bellingham, WA 98226, USA",
Brazilian,Rio Brazilian Steak House Coquitlam,"2729 Barnet Hwy, Coquitlam, BC V3E 1K9, Canada",https://riobraziliansteakhouse.ca/
Brazilian,Sweet Holidays,"888 Carnarvon St, New Westminster, BC V3M 0C6, Canada",
Brazilian,WhataFood,"800 Carnarvon St #255, New Westminster, BC V3M 0G3, Canada",http://whatafood.ca/
Peruvian,Cafe Rumba,"1140 N State St, Bellingham, WA 98225, USA",http://caferumbabham.com/
Peruvian,Inkantu Peru Canada,"19166 McMyn Rd, Pitt Meadows, BC V3Y 2J3, Canada",https://www.inkantuperu.ca/
Peruvian,Ceviche Market Cocina Peruana,"667 PR-25, San Juan, 00907, Puerto Rico",
Peruvian,La Mar Cocina Peruana,"PIER 1 1/2 The Embarcadero N, San Francisco, CA 94105, USA",http://lamarsf.com/
Peruvian,Inka Mama's San Clemente,"111 W Avenida Palizada #303, San Clemente, CA 92672, USA",https://inkamamas.com/
Peruvian,Toyitos Chicken,"8510 Paramount Blvd, Downey, CA 90240, USA",https://www.facebook.com/pages/Toyitos-Chicken/159942657359285
Peruvian,Don Chepe's Restaurant,"1122 5th Ave, New Westminster, BC V3M 1Y6, Canada",http://www.donchepesrestaurant.com/
Peruvian,Pollo Mania,"11910 Garvey Ave, El Monte, CA 91732, USA",http://www.pollomania-usa.com/
Salvadorian,Morazan Salvadorian Restaurant,"410 W Bakerview Rd #108, Bellingham, WA 98226, USA",https://morazansalvadorianrestaurantwa.com/
Salvadorian,Sabor Latino Restaurante y Pupuseria,"5687 3rd Ave, Ferndale, WA 98248, USA",https://saborlatinorestauranteypupuseriawa.com/
Salvadorian,Pupuseria y Tienda Latina,"409 State Ave, Marysville, WA 98270, USA",https://order.spoton.com/so-pupuseria-y-tienda-latina-13956/marysville-wa/64527eec83c6e0003df4d72e
Salvadorian,Mama Ana's Salvadorean Cuisine,"720 Station Ave, Victoria, BC V9B 2S1, Canada",https://mamaanasfoodtruck.square.site/
Salvadorian,Cuscatlan Restaurant,"410 W Bakerview Rd #108, Bellingham, WA 98226, USA",
Salvadorian,Vancouver Pupusas,"570 Sherling Pl, Port Coquitlam, BC V3B 0J6, Canada",
Salvadorian,El Rey Latino Restaurant,"2527 Meridian St, Bellingham, WA 98225, USA",https://elreylatinorestaurant.com/
Cuban,Lime Kiln Cafe,"248 Reuben Memorial Dr, Friday Harbor, WA 98250, USA",https://www.rocheharbor.com/dining/lime-kiln-cafe/
Tibetan,Kathmandu Bar and Grill,"9340 120 St, Surrey, BC V3V 4B8, Canada",https://kathmandugrill.ca/
Egyptian,al sharq sweet and bakery,"14727 108 Ave Unit 106, Surrey, BC V3R 1V9, Canada",
Greek,Pallas Athena Greek Kousina,"1250 Dominion Ave, Port Coquitlam, BC V3B 8G7, Canada",http://www.pallasathena.org/
Greek,Greek Village Restaurant,"7953 120 St, Delta, BC V4C 6P6, Canada",http://www.greekvillagedelta.com/
Greek,Stefanos Restaurant,"315 Columbia St, New Westminster, BC V3L 1A7, Canada",http://www.stefanos.ca/
Greek,Taverna Greka,"326 Columbia St, New Westminster, BC V3L 1A6, Canada",http://www.taverna.ca/
Greek,Primerose Greek Restaurant,"6165 BC-17A, Delta, BC V4K 5B8, Canada",http://www.theprimerose.com/
Greek,My Greek Taverna Surrey,"6450 120 St, Surrey, BC V3W 3M5, Canada",http://mygreektavernasurrey.com/
Greek,Greek Fellas Restaurant,"11008 River Rd, Delta, BC V4C 2S2, Canada",http://www.greekfellas.ca/
Greek,Sofi's Mediterranean Grill,"9540 120 St, Surrey, BC V3V 4C1, Canada",
Greek,OPA! of Greece Central City,"10153 King George Blvd, Surrey, BC V3T 2W1, Canada",http://www.opasouvlaki.ca/
Greek,OPA! of Greece Sullivan Centre,"14380 64 Ave unit 102, Surrey, BC V3W 1Z1, Canada",http://www.opasouvlaki.ca/
Greek,The Greek Corner,"7218 King George Blvd #123, Surrey, BC V3W 5A5, Canada",http://www.thegreekcorner.ca/
Greek,Galini Greek Kouzina & Grill,"19475 Fraser Hwy #101, Surrey, BC V3S 6K7, Canada",http://galini.ca/
Greek,Zythos Mediterranean Grill,"19828 Telegraph Trail, Langley Twp, BC V1M 3E5, Canada",http://www.zythos.ca/
Greek,Kikis Greek Restaurant,"1959 152 St #118, Surrey, BC V4A 9E3, Canada",http://www.kikiswhiterock.com/
Greek,Royal Oak Restaurant,"15336 Fraser Hwy, Surrey, BC V3R 3P5, Canada",https://royaloakrestaurant.com/
Greek,Cosmos Greek Restaurant,"14871 Marine Dr, White Rock, BC V4B 1C2, Canada",http://www.cosmosgreekrestaurant.com/
Greek,OPA! of Greece Queensborough,"805 Boyd St, New Westminster, BC V3M 5X2, Canada",http://www.opasouvlaki.ca/
Greek,New York New York Greek Restaurant,"6361 152 St, Surrey, BC V3S 3K8, Canada",https://newyorknewyorkgreek.com/
Greek,Zorban's Greek Kitchen,"8247 124 St #10, Surrey, BC V3W 0L6, Canada",https://order.online/business/zorbas-greek-kitchen-449043
Greek,"Bozzini's Restaurant - Greek, Indian, Italian","13655 104 Ave #104, Surrey, BC V3T 1W3, Canada",http://bozzinis.ca/
Belgian,The Wafflers -Belgian Waffle Bar,"14909 Marine Dr #102, White Rock, BC V4B 1C2, Canada",https://thewafflers.ca/
Irish,The White Horse Pub,"246 Main St, Eastsound, WA 98245, USA",
Irish,Dublin Crossing Irish Pub,"18789 Fraser Hwy #101, Surrey, BC V3S 7Y3, Canada",http://www.dublincrossing.com/
Irish,Irish Times Pub,"1200 Government St, Victoria, BC V8W 1Y2, Canada",http://www.irishtimespub.ca/
Irish,Shawn O'Donnell's at the Farmhouse,"13724 Laconner Whitney Rd, Mount Vernon, WA 98273, USA",https://www.shawnodonnells.com/
Irish,Donegal's Irish House / Donegal's Pub,"12054 96 Ave, Surrey, BC V3V 1W3, Canada",https://donegals.pub/
Irish,Kelly O'Bryan's Restaurant & Carlos O'Bryan's Pub,"800 Columbia St, New Westminster, BC V3M 5V2, Canada",https://www.kobcob.com/new-Westminster/
Irish,Paddy's Station,"26701 Verdugo St Suite B, San Juan Capistrano, CA 92675, USA",http://www.paddysstation.com/
Irish,Glynn's Shamrock Pub,"5309 Guide Meridian Rd, Bellingham, WA 98226, USA",https://facebook.com/Glynns-Shamrock-Pub-108176052574773/
Irish,O'Flaherty's Irish Pub,"25 N San Pedro St, San Jose, CA 95110, USA",http://www.oflahertyspub.com/
Irish,Rosie McCann's Irish Pub & Restaurant,"355 Santana Row #1060, San Jose, CA 95128, USA",http://www.rosiemccanns.com/
Irish,Cat & Fiddle Sports Bar & Restaurant,"1979 Brown St, Port Coquitlam, BC V3C 2N4, Canada",http://catandfiddlepub.ca/
Irish,Uisce Irish pub,"1319 Commercial St, Bellingham, WA 98225, USA",http://www.uisceirishpub.com/
Cajun,Battle's Kitchen,"4920 Rural Ave, Ferndale, WA 98248, USA",
Cajun,Bayou On Bay,"1300 Bay St, Bellingham, WA 98225, USA",http://www.bayouonbay.com/
Cajun,Brodeur's Bistro,"3550 Mount Lehman Rd, Abbotsford, BC V4X 2M9, Canada",http://www.bbistro.ca/
Cajun,Sharkey's Seafood Bar & Grille,"4953 Chisholm St, Ladner, BC V5S 2W3, Canada",http://sharkeys.ca/
Cajun,Orrange Kitchen + Bar,"1125 Nicola Ave #111, Port Coquitlam, BC V3B 8B2, Canada",http://www.orrange.com/
Cajun,Popeyes Louisiana Kitchen,"2170 Hawkins Street Unit 110, Port Coquitlam, BC V3B 0G6, Canada",https://www.popeyeschicken.ca/store-locator/store/restaurant_89938
Cajun,Popeyes Louisiana Kitchen,"16033 108 Ave, Surrey, BC V4N 1P2, Canada",https://www.popeyeschicken.ca/store-locator/store/restaurant_240431
Cajun,Popeyes Louisiana Kitchen,"14380 64 Ave, Surrey, BC V3W 1Z1, Canada",https://www.popeyeschicken.ca/store-locator/store/restaurant_234613
Cajun,Popeyes Louisiana Kitchen,"1750 152 St, Surrey, BC V4A 7Z7, Canada",https://www.popeyeschicken.ca/store-locator/store/restaurant_237555
Cajun,Popeyes Louisiana Kitchen,"20202 66 Ave, Langley, BC V2Y 1P3, Canada",https://www.popeyeschicken.ca/store-locator/store/restaurant_238010
Cajun,TugBoat Annie's Pub & Grille,"6911 Graybar Rd, Richmond, BC V6W 1H3, Canada",http://www.tugboatannies.ca/
Cajun,The Boathouse Restaurant,"900 Quayside Dr, New Westminster, BC V3M 6G1, Canada",https://www.boathouserestaurants.ca/location/boathouse-restaurants-new-westminster/
Cajun,Popeyes Louisiana Kitchen,"7988 Scott Rd, Surrey, BC V3W 3N2, Canada",http://www.popeyeschicken.ca/
Cajun,Charlie Don't Surf,"15011 Marine Dr, White Rock, BC V4B 1C3, Canada",http://charliedontsurf.ca/
Cajun,Haley's Sports Bar & Grill,"175 Spring St, Friday Harbor, WA 98250, USA",
Cajun,Golden Parrots Pub & Restaurant,"170 Golden Dr, Coquitlam, BC V3K 6J1, Canada",https://goldenparrotspub.com/
Cajun,Cockney Kings Fish & Chips,"Columbia Square Plaza, 66 10th St #130, New Westminster, BC V3M 1A6, Canada",http://cockneykings.ca/
Cajun,Vera's Burger Shack,"19800 Lougheed Hwy. #390, Pitt Meadows, BC V3Y 2W1, Canada",http://verasburgershack.com/
Portuguese,The Grelhados Restaurant,"855 Village Dr #110, Port Coquitlam, BC V3B 0G9, Canada",https://www.grelhadosrestaurant.ca/
Portuguese,Nando's PERi-PERi,"805 Boyd St T110, New Westminster, BC V3M 5X2, Canada",https://www.nandos.ca/find/queensborough?utm_source=google&utm_medium=organic&utm_campaign=local&utm_content=queensborough
Portuguese,Barcelos Flame Grilled Chicken - Guildford,"15280 101 Ave #136, Surrey, BC V3R 8X7, Canada",https://barceloscanada.ca/restaurant/guildford-surrey/?utm_source=google&utm_medium=organic&utm_campaign=gbp
Portuguese,Barcelos Flame Grilled Chicken- Nordel,"12499 88 Ave, Surrey, BC V3W 1P8, Canada",https://barceloscanada.ca/restaurant/nordel-surrey/?utm_source=google&utm_medium=organic&utm_campaign=gbp
Portuguese,Nando's PERi-PERi,"15190 101 Ave #104, Surrey, BC V3R 7V4, Canada",https://www.nandos.ca/find/guildford?utm_source=google&utm_medium=organic&utm_campaign=local&utm_content=guildford
Portuguese,Barcelos Flame Grilled Chicken,"17449 56 Ave, Surrey, BC V3S 8Y3, Canada",https://barceloscanada.ca/
Portuguese,Nando's PERi-PERi,"12101 72 Ave #144, Surrey, BC V3W 3M9, Canada",https://www.nandos.ca/find/surrey-strawberry-hill?utm_source=google&utm_medium=organic&utm_campaign=local&utm_content=surrey
Portuguese,Barcelos Flame Grilled Chicken- King George,"7577 King George Blvd, Surrey, BC V3W 5A8, Canada",https://barceloscanada.ca/restaurant/king-george-blvd-surrey/?utm_source=google&utm_medium=organic&utm_campaign=gbp
Portuguese,Nando's PERi-PERi,"3010 152 St Unit 101, Surrey, BC V4P 3N7, Canada",https://www.nandos.ca/find/white-rock-south-surrey?utm_source=google&utm_medium=organic&utm_campaign=local&utm_content=white_rock
Portuguese,Barcelo's Flame Grilled Chicken- Fraser Hwy Abbotsford,"10-30770 Fraser Hwy, Abbotsford, BC V2T 0E2, Canada",https://barceloscanada.ca/restaurant/abbotsford/?utm_source=google&utm_medium=organic&utm_campaign=gbp
Portuguese,Nando's PERi-PERi,"11380 Steveston Hwy #105, Richmond, BC V7A 5J5, Canada",https://www.nandos.ca/find/coppersmith-ironwood?utm_source=google&utm_medium=organic&utm_campaign=local&utm_content=coppersmith
Portuguese,Nando's PERi-PERi,"20159 88 Ave E Unit G101, Langley Twp, BC V1M 0A4, Canada",https://www.nandos.ca/find/restaurants/walnut-grove?utm_source=web&utm_medium=mf&utm_campaign=local
Portuguese,Nando's PERi-PERi,"20190 Langley Bypass Unit 30, Langley, BC V3A 9J9, Canada",https://www.nandos.ca/find/langley?utm_source=google&utm_medium=organic&utm_campaign=local&utm_content=langley
Portuguese,Barcelos Flame Grilled Chicken- Tsawwassen,"5000 Canoe Pass Wy #07, Tsawwassen, BC V4M 4G9, Canada",https://barceloscanada.ca/restaurant/tsawwassen-mills-food-court/?utm_source=google&utm_medium=organic&utm_campaign=gbp
Turkish,ZAZA MEDITERRANEAN & TURKISH COFFEE DRIVE-THRU,"1811 Commercial Ave, Anacortes, WA 98221, USA",http://www.zazacoffee.net/
Turkish,Jerusalem Grill & Shawarma,"15933 Fraser Hwy #105, Surrey, BC V4N 0Y3, Canada",https://jerusalemgrillshawarma.com/
Turkish,Palmyra Mediterranean Grill,"10020 152 St, Surrey, BC V3R 8X8, Canada",https://palmyragrill.ca/
Turkish,Layalina Restaurant,"15188 Fraser Hwy, Surrey, BC V3R 3P1, Canada",
Turkish,Donair & Kebab Extreme Shawarma,"9627 128 St, Surrey, BC V3T 2X8, Canada",
Turkish,German Doner Kebab,"15551 Fraser Hwy Unit #105, Surrey, BC V3S 2V8, Canada",https://www.germandonerkebab.com/?utm_source=GMBlisting&utm_medium=organic
Turkish,Istanbul Donair,"4061 200 St #117, Langley Twp, BC V3A 1K8, Canada",
Turkish,Zaza Turkish Coffee (ZAZA COFFEE Relocated to the new location 1519 Commercial Ave The Market At Anacortes inside the corner,"We moved to new location, 1519 Commercial Ave, Anacortes, WA 98221, USA",http://zazacoffee.net/
Turkish,Lazeez Pizza & Kabob House,"9014 152 St #303B, Surrey, BC V3R 4E7, Canada",
Turkish,Shannon Donair,"17581 57 Ave Unit B, Surrey, BC V3S 4C9, Canada",
Turkish,Lamajoun,"11782 River Rd Unit 128, Richmond, BC V6X 1Z7, Canada",https://lamajoun.com/
Turkish,Shawarma Palace,"11020 No 5 Rd #123, Richmond, BC V7A 4E7, Canada",https://shawarmapalacebc.com/
Turkish,Jerusalem Grill Langley,"19700 Langley Bypass #102, Langley, BC V3A 7B1, Canada",http://www.jerusalemgrill.ca/
Turkish,Lucky Donair,"26426 56 Ave, Langley Twp, BC V4W 3Z3, Canada",http://www.luckydonair.ca/
Haitian,Bodeau’s Haitian Seafood Soulfood Cuisine,"4922 E Tropicana Ave, Las Vegas, NV 89121, USA",
Tahitian,Islander Bar and Grill,"2864 Fisherman Bay Rd, Lopez Island, WA 98261, USA",https://lopezfun.com/islander-bar-grill/
Kenyan,Golden Safari,"22431 Foothill Blvd, Hayward, CA 94541, USA",https://www.goldensafari.net/
Korean,Bukchigo Jangguchigo,"341 North Rd, Coquitlam, BC V3K 3V8, Canada",https://www.bukjang.com/
Korean,Banchan Su,"1122 5th Ave, New Westminster, BC V3M 1Y6, Canada",https://www.banchansu.net/
Korean,Jin Soo Sung Chan Korean Restaurant,"10312 152A St, Surrey, BC V3R 7P8, Canada",https://www.jinsoosungchan.ca/
Korean,Bon Ga Korean Restaurant,"10356 Whalley Blvd, Surrey, BC V3T 4H4, Canada",http://www.bongakorea.ca/
Korean,Yory Korean Cuisine,"15940 Fraser Hwy #401, Surrey, BC V4N 0X8, Canada",
Korean,Meat table 육첩반상 (Hwaro Korean BBQ),"950 Seaborne Ave #1120, Port Coquitlam, BC V3B 0R9, Canada",https://www.meattable.com/
Korean,Onsam's Fam Korean Food(온샘이네),"Gong You Kitchen, 950 Seaborne Ave #1120, Port Coquitlam, BC V3B 0R9, Canada",https://marketvan.ca/collections/%EC%98%A8%EC%83%98%EC%9D%B4%EB%84%A4
Korean,Lee Gar Nei (BJS Korean Restaurant),"15280 101 Ave #128, Surrey, BC V3R 8X7, Canada",https://leegarnei.com/
Korean,Goraefood (고래푸드) Korean Meal kits,"Seaborne Ave, Port Coquitlam, BC V3B 0M3, Canada",http://goraefood.ca/
Korean,Arirang Restaurant,"14916 104 Ave, Surrey, BC V3R 1M8, Canada",
Korean,Chicko Chicken New Westminster Skytrain,"800 Carnarvon St #259, New Westminster, BC V3M 0G3, Canada",http://chickochicken.ca/store_detail.php?idx=7
Korean,Kim's Table,"15380 102a Ave #102, Surrey, BC V3R 7K1, Canada",http://kimstable.ca/
Korean,Woo Korean BBQ House,"16070 24 Ave #110, Surrey, BC V3Z 0R5, Canada",http://www.woobbqhouse.com/
Korean,Chamnamoo Korean Restaurant,"20349 88 Ave, Langley Twp, BC V1M 1E6, Canada",
Korean,Chuihong,"15665 104 Ave #101, Surrey, BC V4N 2H4, Canada",http://www.chuihong.ca/
Korean,GoGo Chicken,"105-2973 Glen Dr, Coquitlam, BC V3B 2P7, Canada",https://www.gogochickencoquitlam.ca/
Korean,Kim's Table (Guilford),"15380 102a Ave #102, Surrey, BC V3R 7K1, Canada",https://www.kimstable.ca/
Korean,South Castle Korean Restaurant,"141 2nd St E, North Vancouver, BC V7L 1C2, Canada",
Korean,Baik Mi Korean Restaurant,"19539 Fraser Hwy, Surrey, BC V3S 6K7, Canada",http://www.baikmi.ca/
Korean,Agoongyi (아궁이),"Inside of the H-Mart, 19555 Fraser Hwy, Surrey, BC V3S 6K7, Canada",https://agoongyi.ca/
Nigerian,Alebi African Cuisine,"10694 135a St, Surrey, BC V3T 4E2, Canada",http://alebiafricanrestaurant.com/
Nigerian,Taste of Africa,"10663 King George Blvd, Surrey, BC V3T 2X6, Canada",
Nigerian,Vansuya Restaurant and Lounge,"10767 King George Blvd, Surrey, BC V3T 2X6, Canada",https://vansuya.ca/
Nigerian,TRIPLE D AFRICAN DELICACIES,"8692 162a St, Surrey, BC V4N 1B7, Canada",
Nigerian,massawa restaurant,"418 6th St, New Westminster, BC V3L 3B2, Canada",
Libyan,1919 Restaurant,"1055 Ashford Ave, San Juan, 00907, Puerto Rico",https://www.condadovanderbilt.com/condado-1919-restaurant?utm_source=google-my-business&utm_medium=organic
Moroccan,Moltaqa Moroccan Restaurant Mainland Street Yaletown,"1002 Mainland St, Vancouver, BC V6B 6J8, Canada",https://www.moltaqarestaurant.ca/
Lebanese,Mashawee Lebanese Grill,"1558 Johnston Rd, White Rock, BC V4B 3Z7, Canada",http://mashaweegrill.ca/
Lebanese,Palmyra Mediterranean Grill,"10020 152 St, Surrey, BC V3R 8X8, Canada",https://palmyragrill.ca/
Lebanese,Layalina Restaurant,"15188 Fraser Hwy, Surrey, BC V3R 3P1, Canada",
Lebanese,Sofi's Mediterranean Grill,"9540 120 St, Surrey, BC V3V 4C1, Canada",
Lebanese,Donair Dude,"800 Carnarvon St Unit 230, New Westminster, BC V3M 0G3, Canada",http://www.donairdude.com/
Lebanese,Donair & Kebab Extreme Shawarma,"9627 128 St, Surrey, BC V3T 2X8, Canada",
Lebanese,Jerusalem Grill & Shawarma,"15933 Fraser Hwy #105, Surrey, BC V4N 0Y3, Canada",https://jerusalemgrillshawarma.com/
Lebanese,al sharq sweet and bakery,"14727 108 Ave Unit 106, Surrey, BC V3R 1V9, Canada",
Lebanese,Osmow's Shawarma,"12477 88 Ave Unit C170, Surrey, BC V3W 1P8, Canada",https://osmows.com/shawarma-surrey/
Lebanese,Crispy Falafel,"2408 King George Blvd, Surrey, BC V4P 1H5, Canada",https://www.crispyfalafel.ca/
Lebanese,SHAHRAYAR GRILL HOUSE,"14752 108a Ave, Surrey, BC V3R 1W8, Canada",https://ur-restaurant.business.site/
Lebanese,Donair Bite,"1090 Cliveden Ave, Delta, BC V3M 6E6, Canada",https://donair-bite.com/
Lebanese,Tasty Honkin Donairs,"1320 Kingsway Ave #109, Port Coquitlam, BC V3C 6P4, Canada",
Lebanese,Donair Affair,"15988 Fraser Hwy #301, Surrey, BC V4N 0X8, Canada",
Lebanese,Lazeez Pizza & Kabob House,"9014 152 St #303B, Surrey, BC V3R 4E7, Canada",
Lebanese,Donair Affair,"12080 Nordel Way, Surrey, BC V3W 1P6, Canada",https://orderorbook.com/listings/1162/menus/categories
Lebanese,massawa restaurant,"418 6th St, New Westminster, BC V3L 3B2, Canada",
Lebanese,Marven's Falafel,"Columbia St, New Westminster, BC V3L 5N8, Canada",https://marvensfalafel.com/?utm_source=google&utm_medium=maps&utm_campaign=website
Lebanese,Donair Affair,"10786 148 St, Surrey, BC V3R 3X6, Canada",
Lebanese,Shawarma Corner,"629 Columbia St, New Westminster, BC V3M 1A7, Canada",
Vietnamese,Pho 51 Vietnamese Restaurant,"2160 Hawkins Street, Port Coquitlam, BC V3B 0G6, Canada",https://m.facebook.com/pho51coq/
Vietnamese,Pho Angkor noodle house,"78 10th St #106, New Westminster, BC V3M 3X3, Canada",https://phoangkornoodlehouse.com/?
Vietnamese,Phở Tàu Bay,"10782 148 St, Surrey, BC V3R 1V1, Canada",
Vietnamese,Tina Vietnamese Cuisine (V-Cafe),"789 Carnarvon St, New Westminster, BC V3M 1E6, Canada",https://www.clover.com/online-ordering/tina-vietnamese-cuisine-new-westminster
Vietnamese,Phở Tâm Vietnamese Restaurant,"10302 City Pkwy, Surrey, BC V3T 4Y8, Canada",https://www.skipthedishes.com/pho-tam-10-10302-city-pkwy
Vietnamese,Taste of Pho,"13979 104 Ave #104, Surrey, BC V3T 1X1, Canada",https://tasteofphorestaurant.com/?utm_source=google&utm_medium=maps&utm_campaign=website
Vietnamese,Pho Bo Ga Ottawa,"Canada, British Columbia, Port Coquitlam, Nicola Ave, #106",http://www.phobogaottawa.ca/
Vietnamese,Pho Tau Bay,"7322 King George Blvd, Surrey, BC V3W 5A5, Canada",
Vietnamese,Phở Hòa + Jazen Tea (Surrey),"14357 104 Ave #102, Surrey, BC V3T 1Y2, Canada",http://www.phohoa.com/
Vietnamese,Pho An Nam,"10153 King George Blvd, Surrey, BC V3T 0A3, Canada",https://phoannam.com/
Vietnamese,Super Pho Vietnamese,"9554 120 St, Surrey, BC V3V 4C1, Canada",https://superphorestaurant.com/?utm_source=google&utm_medium=maps&utm_campaign=website
Vietnamese,Banh Mi Bar,"722 Carnarvon St, New Westminster, BC V3M 6V4, Canada",https://www.facebook.com/BANHMiBarNewWest/
Vietnamese,All About Pho,"10190 King George Blvd, Surrey, BC V3T 2W4, Canada",https://www.allaboutpho.ca/
Vietnamese,Pho Haven Restaurant,"150 - 4857 Elliott St, Delta, BC V4K 2X7, Canada",https://www.phohaven.ca/
Vietnamese,Pho Stanley Restaurant,"11184 84 Ave, Delta, BC V4C 2K4, Canada",
Vietnamese,Tuan Hang Deli & Catering (Vietnamese Restaurant),"10673 King George Blvd B, Surrey, BC V3T 2X6, Canada",
Vietnamese,Pho Hong Vietnamese Restaurant 24/7 Total 20% Off For Grand Opening,"10322 Whalley Blvd, Surrey, BC V3T 4H4, Canada",http://phohong.vancouverbusinessbc.com/
Vietnamese,Phở 99 Surrey,"8934 152 St, Surrey, BC V3R 4E4, Canada",http://pho99surrey.ca/?utm_source=google&utm_medium=maps&utm_campaign=website
Vietnamese,Pho Khang (Order from our website & SAVE MORE!),"1W6, 10111 No. 3 Rd unit 206, Richmond, BC V7A 1G3, Canada",https://phokhang.zomi.menu/
Vietnamese,Phở 101,"5937 Hastings St, Burnaby, BC V5B 1R7, Canada",http://www.pho101bby.com/
Hungarian,Budapest Bistro,"12926 Mukilteo Speedway, Lynnwood, WA 98037, USA",
Mediterranean,Sofi's Mediterranean Grill,"9540 120 St, Surrey, BC V3V 4C1, Canada",
Mediterranean,Palmyra Mediterranean Grill,"10020 152 St, Surrey, BC V3R 8X8, Canada",https://palmyragrill.ca/
Mediterranean,Donair Dude,"800 Carnarvon St Unit 230, New Westminster, BC V3M 0G3, Canada",http://www.donairdude.com/
Mediterranean,Donair & Kebab Extreme Shawarma,"9627 128 St, Surrey, BC V3T 2X8, Canada",
Mediterranean,Layalina Restaurant,"15188 Fraser Hwy, Surrey, BC V3R 3P1, Canada",
Mediterranean,Shannon Donair,"17581 57 Ave Unit B, Surrey, BC V3S 4C9, Canada",
Mediterranean,Zythos Mediterranean Grill,"19828 Telegraph Trail, Langley Twp, BC V1M 3E5, Canada",http://www.zythos.ca/
Mediterranean,Osmow's Shawarma,"12477 88 Ave Unit C170, Surrey, BC V3W 1P8, Canada",https://osmows.com/shawarma-surrey/
Mediterranean,Jerusalem Grill Langley,"19700 Langley Bypass #102, Langley, BC V3A 7B1, Canada",http://www.jerusalemgrill.ca/
Mediterranean,Jerusalem Grill & Shawarma,"15933 Fraser Hwy #105, Surrey, BC V4N 0Y3, Canada",https://jerusalemgrillshawarma.com/
Mediterranean,Primerose Greek Restaurant,"6165 BC-17A, Delta, BC V4K 5B8, Canada",http://www.theprimerose.com/
Mediterranean,Crispy Falafel,"2408 King George Blvd, Surrey, BC V4P 1H5, Canada",https://www.crispyfalafel.ca/
Mediterranean,ZAZA MEDITERRANEAN & TURKISH COFFEE DRIVE-THRU,"1811 Commercial Ave, Anacortes, WA 98221, USA",http://www.zazacoffee.net/
Mediterranean,Shawarma Palace,"11020 No 5 Rd #123, Richmond, BC V7A 4E7, Canada",https://shawarmapalacebc.com/
Mediterranean,Stefanos Restaurant,"315 Columbia St, New Westminster, BC V3L 1A7, Canada",http://www.stefanos.ca/
Mediterranean,SHAHRAYAR GRILL HOUSE,"14752 108a Ave, Surrey, BC V3R 1W8, Canada",https://ur-restaurant.business.site/
Mediterranean,Naami's Mediterranean,"1701 Douglas St, Victoria, BC V8W 2G7, Canada",https://www.naamis.com/
Mediterranean,massawa restaurant,"418 6th St, New Westminster, BC V3L 3B2, Canada",
Mediterranean,Med Grill Royal Oak,"4512 W Saanich Rd, Victoria, BC V8Z 3G4, Canada",https://medgrillroyaloak.com/
Mediterranean,Marven's Falafel,"Columbia St, New Westminster, BC V3L 5N8, Canada",https://marvensfalafel.com/?utm_source=google&utm_medium=maps&utm_campaign=website
Ethiopian,massawa restaurant,"418 6th St, New Westminster, BC V3L 3B2, Canada",
Ethiopian,Harambe Ethiopian Restaurant,"2149 Commercial Dr, Vancouver, BC V5N 4B3, Canada",
Ethiopian,Ambo Ethiopian Cuisine,"902 N State St, Bellingham, WA 98225, USA",https://www.amboethiopian.com/
Ethiopian,Alebi African Cuisine,"10694 135a St, Surrey, BC V3T 4E2, Canada",http://alebiafricanrestaurant.com/
Ethiopian,House of Tadu Ethiopian Kitchen,"1130 4th St, San Francisco, CA 94158, USA",http://taduethiopiankitchen.com/home-house-of-tadu/
Ethiopian,Taste of Africa,"10663 King George Blvd, Surrey, BC V3T 2X6, Canada",
Ethiopian,Messob Ethiopian Cuisine,"1109 McKenzie St, Victoria, BC V8V 2W3, Canada",http://www.messobethiopiancuisine.com/
Ethiopian,TRIPLE D AFRICAN DELICACIES,"8692 162a St, Surrey, BC V4N 1B7, Canada",
Ethiopian,Blue Nile African Restaurant,"612 Head St #3, Victoria, BC V9A 5S8, Canada",http://www.bluenilerestaurantvictoria.com/
Caribbean,Di Reggae Cafe,"13593 King George Blvd, Surrey, BC V3T 2V1, Canada",http://direggaecafe.com/
Caribbean,PG's Jamaican Restaurant,"1387 Johnston Rd, White Rock, BC V4B 3Z3, Canada",https://www.pgsjamaicanrestaurants.com/
Caribbean,Morgan's Harbour Jamaican Patties,"1850 Kingsway Ave Unit 9, Port Coquitlam, BC V3C 1S6, Canada",http://morgansharbour.ca/
Caribbean,Ital Eyez Catering,"3323 151 St, Surrey, BC V3Z 0L3, Canada",
Caribbean,Jamaica food Mijuicy,"Guildford, Surrey, BC V3R 7B7, Canada",
Caribbean,Tommie's Jerk,"5337 180 St, Surrey, BC V3S 4K5, Canada",http://www.tommiesjerk.com/
Caribbean,Caribbean Village Cafe,"2646 Quadra St, Victoria, BC V8T 4E4, Canada",http://caribbeanvillagecafe.ca/
Caribbean,Caribbean Lunchbox,"3175 N Goldie Rd, Oak Harbor, WA 98277, USA",
Caribbean,Trini To D Bone,"650 Burnside Rd W, Victoria, BC V8Z 1M9, Canada",http://trinitodbone.ca/
Caribbean,Stir It Up,"760 Yates St, Victoria, BC V8W 1L4, Canada",https://www.facebook.com/Stir-it-Up-133468816703389/
Caribbean,Lena's Foodies,"16617 21 Ave, Surrey, BC V3Z 9X8, Canada",
Caribbean,Yardie Grabz,"266 Raymur Ave, Vancouver, BC V6A 3K8, Canada",http://www.yardiegrabz.ca/
Soul,Jackie's Place,"840 N First St, San Jose, CA 95112, USA",http://www.jackiesplacesj.com/
Argentinian,Puerto La Boca,"2060 India St, San Diego, CA 92101, USA",https://www.puertolaboca.com/
Chilean,Chimayo En El Dia,"112 Haven Rd, Eastsound, WA 98245, USA",
Colombian,Macondo Colombian Kitchen,"1109 McKenzie St Unit E-D, Victoria, BC V8V 3X5, Canada",https://instagram.com/macondocolombiankitchen?igshid=YmMyMTA2M2Y=
Costa Rican,Restaurante Raíces,"315 C. Recinto Sur, San Juan, 00901, Puerto Rico",https://restauranteraices.com/?page_id=112
Czech,San Juan Island Brewing Co.,"410 A St, Friday Harbor, WA 98250, USA",http://sanjuanbrew.com/
Danish,Kozak Ukraїnian Eatery,"444 6th St, New Westminster, BC V3L 3B3, Canada",http://kozakeatery.ca/
Dutch,Angelina's Dutch Corner,"810 Quayside Dr Unit 122, New Westminster, BC V3M 6B9, Canada",https://angelinasdutchcorner.ca/
Dutch,De Dutch,"1035 Columbia St #102, New Westminster, BC V3M 1C4, Canada",https://dedutch.com/locations/columbia-square/
Dutch,De Dutch,"5630 176 St #200, Surrey, BC V3S 4C6, Canada",https://dedutch.com/locations/cloverdale/
Dutch,De Dutch,"4949 Canoe Pass Wy #504, Tsawwassen, BC V4M 4G9, Canada",https://dedutch.com/locations/tsawwassen/
Dutch,De Dutch,"2433 161a St Unit 10, Surrey, BC V3S 0M6, Canada",https://dedutch.com/locations/grandview-corners/
Dutch,De Dutch,"20395 Lougheed Hwy. #600, Maple Ridge, BC V2X 2P9, Canada",https://dedutch.com/locations/20395-lougheed-highway/
Dutch,Old Dutch Foods Ltd,"7800 Fraser Park Dr, Burnaby, BC V5J 5L8, Canada",
Ecuadorian,El Negro De Oro,"1855 S Broad St, Hamilton Township, NJ 08610, USA",http://elnegrodeororestaurant.com/
Ghanaian,Taste of Africa,"10663 King George Blvd, Surrey, BC V3T 2X6, Canada",
Guatemalan,Casa Mia Cafe Guatemalan Food,"9172 120 St #101, Surrey, BC V3V 4B5, Canada",
Honduran,El Paisa,"3322 Mission St, San Francisco, CA 94110, USA",
Icelandic,Old Iceland,"Laugavegur 72, 101 Reykjavík, Iceland",http://www.oldiceland.is/
Indonesian,Bali Thai,"88 W Pender St, Vancouver, BC V6B 1R3, Canada",https://www.balithaivancouver.com/
Iranian,Pasargad Restaurant,"2565 Barnet Hwy #22, Coquitlam, BC V3H 4E2, Canada",http://pasargadrestaurant.ca/
Iranian,BaMa Catering,"1750 McLean Ave #10, Port Coquitlam, BC V3C 1M9, Canada",http://bamacatering.ca/
Iranian,Avishan,"20433 Douglas Cres, Langley, BC V3A 4B6, Canada",https://avishanrestaurant.com/
Iranian,Cazba Persian Grill,"19705 Fraser Hwy unit 515, Langley, BC V3A 7E9, Canada",https://www.cazbarestaurant.com/
Iranian,DAY 2 DAY HALAL RESTAURANT,"2540 Shaughnessy St #101, Port Coquitlam, BC V3C 3W4, Canada",https://day2dayhalal.com/home
Iranian,SARASHPAZ,"1205 E Hastings St, Vancouver, BC V6A 1S4, Canada",
Iranian,Cazba persian grill,"10355 152 St, Surrey, BC V3R 7C1, Canada",https://cazbarestaurant.com/
Israeli,Jerusalem Grill & Shawarma,"15933 Fraser Hwy #105, Surrey, BC V4N 0Y3, Canada",https://jerusalemgrillshawarma.com/
Jamaican,Di Reggae Cafe,"13593 King George Blvd, Surrey, BC V3T 2V1, Canada",http://direggaecafe.com/
Jamaican,PG's Jamaican Restaurant,"1387 Johnston Rd, White Rock, BC V4B 3Z3, Canada",https://www.pgsjamaicanrestaurants.com/
Jamaican,Jamaica food Mijuicy,"Guildford, Surrey, BC V3R 7B7, Canada",
Jamaican,Morgan's Harbour Jamaican Patties,"1850 Kingsway Ave Unit 9, Port Coquitlam, BC V3C 1S6, Canada",http://morgansharbour.ca/
Jamaican,Ital Eyez Catering,"3323 151 St, Surrey, BC V3Z 0L3, Canada",
Jamaican,Tommie's Jerk,"5337 180 St, Surrey, BC V3S 4K5, Canada",http://www.tommiesjerk.com/
Jamaican,Stir It Up,"760 Yates St, Victoria, BC V8W 1L4, Canada",https://www.facebook.com/Stir-it-Up-133468816703389/
Jamaican,Caribbean Lunchbox,"3175 N Goldie Rd, Oak Harbor, WA 98277, USA",
Jamaican,Caribbean Village Cafe,"2646 Quadra St, Victoria, BC V8T 4E4, Canada",http://caribbeanvillagecafe.ca/
Jamaican,Trini To D Bone,"650 Burnside Rd W, Victoria, BC V8Z 1M9, Canada",http://trinitodbone.ca/
Jamaican,Lena's Foodies,"16617 21 Ave, Surrey, BC V3Z 9X8, Canada",
Jamaican,Yardie Grabz,"266 Raymur Ave, Vancouver, BC V6A 3K8, Canada",http://www.yardiegrabz.ca/
Jordanian,The Restaurant at Friday Harbor House,"130 West St #101, Friday Harbor, WA 98250, USA",http://www.fridayharborhouse.com/dining.php
Laotian,Naka Bistro,"20080 Fraser Hwy, Langley, BC V3A 4E5, Canada",http://www.nakabistro.com/
Lithuanian,Smilga,"2819 83rd St, Darien, IL 60561, USA",http://www.smilgabakery.com/
Malaysian,Mek's Delight,"14910 104 Ave, Surrey, BC V3R 1M7, Canada",https://www.facebook.com/pages/category/Malaysian-Restaurant/Meks-Delight-916707621678141/
Malaysian,Malaysian Hut,"14727 108 Ave, Surrey, BC V3R 1V9, Canada",http://www.malaysianhutrestaurant.com/
Malaysian,Banana Leaf in Surrey,"3099 152 St Unit 450, Surrey, BC V4P 3K1, Canada",https://www.bananaleaf-vancouver.com/surrey
Malaysian,Ipoh Malay Cuisine,"1316 W 73rd Ave, Vancouver, BC V6P 4M9, Canada",https://www.ipohmalaycuisine.ca/
Malaysian,Nyonya House - Malaysian Restaurant - Please try to Order from Website,"3866 Bayview St #110, Richmond, BC V7E 3B6, Canada",http://nyonya.richmondpos.com/
Malaysian,Kari House Restaurant,"3900 Bayview St #130, Richmond, BC V7E 0A4, Canada",http://www.karihouse.com/
Malaysian,Penang Szechuan Cuisine Restaurant,"15228 Russell Ave, White Rock, BC V4B 2P6, Canada",https://www.penangszechuancuisine.com/
Mongolian,Flame On Mongolian Grill,"13631 100 Ave, Surrey, BC V3T 1H9, Canada",
Nepalese,Kathmandu Bar and Grill,"9340 120 St, Surrey, BC V3V 4B8, Canada",https://kathmandugrill.ca/
Nepalese,Spice of Nepal Restaurant,"13486 72 Ave, Surrey, BC V3W 2N8, Canada",https://spiceofnepal.ca/
Nepalese,The Momo Grill Nepali Kitchen,"16016 Fraser Hwy #104, Surrey, BC V4N 0G3, Canada",https://themomogrill.com/
Nepalese,Taste of Himalayas,"Next to Dairy Queen, 7115 138 St Unit 209, Surrey, BC V3W 7T9, Canada",https://www.tasteofhimalaya.ca/
Nepalese,Momo Factory,"11956 88 Ave, Delta, BC V4C 3C8, Canada",http://www.momofactory.ca/
Nepalese,Spice Of Nepal,"5732 176 St, Surrey, BC V3S 4C8, Canada",https://spiceofnepal.ca/menu/
Nepalese,Momo n Wings Nepalese Restaurant,"7322 King George Blvd, Surrey, BC V3W 5A5, Canada",
Nepalese,Royal Nepalese Momo Palace - #1 Place for Momos + Sugarcane Juice,"3490 Kingsway, Vancouver, BC V5R 5L7, Canada",https://www.royalmomopalace.com/
Nicaraguan,Oye Managua,"3385 Mission St, San Francisco, CA 94110, USA",
Norwegian,Pür & Simple,"815 Village Dr, Port Coquitlam, BC V3B 0G9, Canada",https://pursimple.com/portcoquitlam/
Pakistani,Taste of Lahore restaurant,"9526 120 St, Surrey, BC V3V 4C1, Canada",http://tasteoflahore.ca/
Pakistani,Zaiqa Restaurant,"9450 120 St, Surrey, BC V3V 4B9, Canada",http://zaiqarestaurant.ca/
Pakistani,Lahori Restaurant,"12877 80 Ave #109, Surrey, BC V3W 4E9, Canada",https://order.tbdine.com/pickup/44405
Pakistani,Pakwan House,"13030 76 Ave, Surrey, BC V3W 2V6, Canada",http://pakwanhouse.com/
Pakistani,Barney's Karahiwala Restaurant | Best Karahi in Surrey,"12889 84 Ave Unit 105, Surrey, BC V3W 0K5, Canada",http://www.barneyskarahiwala.com/
Pakistani,Pak Punjab Sweets & Samosa House,"12835 96 Ave, Surrey, BC V3V 6V9, Canada",
Pakistani,Gulberg Tandoor,"12578 72 Ave #119, Surrey, BC V3W 2M6, Canada",http://www.gulbergrestaurant.com/
Pakistani,Dewan-E-Khass,"5750 Fraser St, Vancouver, BC V5W 2Z5, Canada",http://dewanekhass.ca/dishes/
Pakistani,Desi Grill,"8005 King George Blvd, Surrey, BC V3W 5B4, Canada",http://www.desigrillsurrey.com/
Pakistani,KARACHI FLAME,"7750 128 St unit# 203 A, Surrey, BC V3W 0R6, Canada",https://karachiflame.com/
Pakistani,Pindi Dhaba,"10252 City Pkwy #100, Surrey, BC V3T 4C2, Canada",https://www.pindidhaba.com/
Pakistani,Panjab Tiffin Services,"10318 Whalley Blvd Unit 1, Surrey, BC V3T 4H4, Canada",https://panjabtiffinservice.ca/
Pakistani,DAY 2 DAY HALAL RESTAURANT,"2540 Shaughnessy St #101, Port Coquitlam, BC V3C 3W4, Canada",https://day2dayhalal.com/home
Pakistani,Chicken World Canada | Fried Chicken Surrey | Halal | Burgers,"12842 96 Ave, Surrey, BC V3V 6A8, Canada",http://www.chickenworldcanada.com/
Pakistani,Chachas Tandoor and Grill,"12855 80 Ave Unit 101, Surrey, BC V3W 4E9, Canada",https://www.chachas.ca/
Pakistani,King George Donair_ Halal,"13635 100 Ave, Surrey, BC V3T 1H9, Canada",https://kinggeorgedonair.ca/
Pakistani,Ustaad G Scott Road,"9436 120 St, Surrey, BC V3V 4B9, Canada",https://order.ustaadgscottroad.ca/
Pakistani,Pamir Diner Afghan Cuisine,"9535 120 St, Delta, BC V4C 6S3, Canada",https://www.pamirdiner.com/#
Pakistani,Hot Pan Pizza,"13634 104 Ave #1, Surrey, BC V3T 1W2, Canada",http://www.hotpanpizza.ca/
Pakistani,House of Chicken,"8223 120 St, Delta, BC V4C 6R1, Canada",
Panamanian,Panama House,"4148 Carey Rd, Victoria, BC V8Z 4G3, Canada",
Paraguayan,I Love Paraguay Restaurant,"4316 Greenpoint Ave, Queens, NY 11104, USA",http://www.ilovepy.com/
Peruvian,Cafe Rumba,"1140 N State St, Bellingham, WA 98225, USA",http://caferumbabham.com/
Peruvian,Inkantu Peru Canada,"19166 McMyn Rd, Pitt Meadows, BC V3Y 2J3, Canada",https://www.inkantuperu.ca/
Peruvian,Ceviche Market Cocina Peruana,"667 PR-25, San Juan, 00907, Puerto Rico",
Peruvian,La Mar Cocina Peruana,"PIER 1 1/2 The Embarcadero N, San Francisco, CA 94105, USA",http://lamarsf.com/
Peruvian,Inka Mama's San Clemente,"111 W Avenida Palizada #303, San Clemente, CA 92672, USA",https://inkamamas.com/
Peruvian,Toyitos Chicken,"8510 Paramount Blvd, Downey, CA 90240, USA",https://www.facebook.com/pages/Toyitos-Chicken/159942657359285
Peruvian,Don Chepe's Restaurant,"1122 5th Ave, New Westminster, BC V3M 1Y6, Canada",http://www.donchepesrestaurant.com/
Peruvian,Pollo Mania,"11910 Garvey Ave, El Monte, CA 91732, USA",http://www.pollomania-usa.com/
Philippine,Kulinarya Filipino Eatery,"2922 Glen Dr, Coquitlam, BC V3B 2P5, Canada",http://www.kulinarya.ca/
Philippine,Pampanga’s Cuisine Home of the Original Sisig,"5179 Joyce St, Vancouver, BC V5R 4G8, Canada",http://pampangascuisine.ca/
Philippine,PAMPANGA’S CUISINE Home of the Original Sisig,"6094 Fraser St, Vancouver, BC V5W 2Z7, Canada",https://pampangascuisine.ca/
Polish,Izba Bistro,"1545 Lougheed Hwy., Port Coquitlam, BC V3B 1A5, Canada",https://www.izbabistro.com/
Puerto Rican,J’s Kitchen,"1307 11th St, Bellingham, WA 98225, USA",https://www.jskitchenfairhaven.com/
Saudi Arabian,The Olives Branch Fine Lebanese Cuisine,"31105 Rancho Viejo Rd, San Juan Capistrano, CA 92675, USA",http://www.theolivesbranch.com/
Singaporean,Shiok Singaporean Cuisine,"1716 Kingsway, Vancouver, BC V5N 2S4, Canada",http://shiok.ca/
Singaporean,Prata-Man Singapore Cuisine,"9060 Capstan Wy, Richmond, BC V6X 3N6, Canada",https://prata-man-richmond.business.site/
Slovak,Izba Bistro,"1545 Lougheed Hwy., Port Coquitlam, BC V3B 1A5, Canada",https://www.izbabistro.com/
Somali,Alebi African Cuisine,"10694 135a St, Surrey, BC V3T 4E2, Canada",http://alebiafricanrestaurant.com/
South African,Kendejah Restaurant,"197 Pelton Center Way, San Leandro, CA 94577, USA",http://www.kendejahrestaurant.com/
Sri Lankan,East West Fusion Kitchen,"12043 88 Ave, Surrey, BC V3W 3J3, Canada",http://www.eastwestfusionkitchen.com/
Swiss,Swiss Bistro,"254 Avenue de Diego, San Juan, 00920, Puerto Rico",https://m.facebook.com/swissbistropr/
Syrian,Syriana Restaurant & Catering,"1258 Esquimalt Rd, Victoria, BC V9A 3P3, Canada",http://syrianacatering.ca/
Taiwanese,Bubble 88,"10209 King George Blvd #102, Surrey, BC V3T 2W6, Canada",https://bubble88.business.site/
Taiwanese,Bubble World-New Westminster,"601 Agnes St, New Westminster, BC V3M 1G9, Canada",http://www.bubbleworld.ca/
Taiwanese,CHJ Bistro,"12240 Second Ave #240, Richmond, BC V7E 3L8, Canada",https://www.chj-bistro.com/
Taiwanese,台風 Typhoon Bubble Tea Taiwanese Cuisine,"11700 Cambie Rd. #175, Richmond, BC V6X 1L5, Canada",https://typhoonbbt.ca/
Taiwanese,Chef Hung Taiwanese Beef Noodle,"3313 Shrum Lane #102, Vancouver, BC V6S 0C8, Canada",http://www.chefhungnoodle.com/
Taiwanese,Rong Rong by Lucky Bento Co.,"Eighth St B, New Westminster, BC V3M 5Z5, Canada",https://m.facebook.com/luckybentoco
Taiwanese,Bubble World Surrey,"10090 152 St #137, Surrey, BC V3R 8X8, Canada",http://www.bubbleworld.ca/
Taiwanese,Bubble World,"8850 Walnut Grove Dr #116, Langley Twp, BC V1M 2C9, Canada",http://www.bubbleworld.ca/
Tanzanian,Afro Vegana,"1181 Av. Américo Miranda, San Juan, 00921, Puerto Rico",http://www.afrovegana.com/
Thai,Golden Triangle,"140 First St N, Friday Harbor, WA 98250, USA",http://www.goldentrianglefh.com/
Thai,Naung Mai Thai Kitchen,"2216 Commercial Ave, Anacortes, WA 98221, USA",http://nmthaikitchen.com/
Thai,Patsara Thai,"528 Carnarvon St, New Westminster, BC V3L 1C4, Canada",https://www.patsara.ca/
Thai,"Tin House ""Thai Street Food""","3015 Commercial Ave Suite C, Anacortes, WA 98221, USA",http://www.tinhouse1.com/
Thai,Bamboo Bistro,"3401 Commercial Ave, Anacortes, WA 98221, USA",http://www.atbamboobistro.com/
Thai,Thai By Thai,"9164 120 St, Surrey, BC V3V 4B5, Canada",http://thaibythai-surrey.com/?utm_source=google&utm_medium=maps&utm_campaign=website
Thai,Ruby Siam Thai Kitchen Inc.,"176 Street Back alley #5723, Surrey, BC V3S 4C9, Canada",
Thai,Ma Now Thai Kitchen,"2755 Lougheed Hwy. #29, Port Coquitlam, BC V3B 5Y9, Canada",https://manowthaikitchen.ca/
Thai,Mai Thai Restaurant,"91 NE Midway Blvd, Oak Harbor, WA 98277, USA",https://www.maithairestaurant.net/
Thai,Chada Thai,"825 Peace Portal Dr, Blaine, WA 98230, USA",http://www.chadathaiusa.com/
Thai,Thai Chef Eatery,"3355 North Rd, Burnaby, BC V3J 1M3, Canada",https://thaichefeatery.com/
Thai,California Thai,"5000 Canoe Pass Wy #0B3, Delta, BC V4M 4G8, Canada",http://www.californiathai.ca/
Thai,Longtail Kitchen,"810 Quayside Dr Unit 116, New Westminster, BC V3M 6B9, Canada",http://longtailkitchen.com/
Thai,Rice and Noodle (Surrey),"13639 George Jct #105, Surrey, BC V3T 0R1, Canada",https://www.thericeandnoodle.com/
Thai,Kin Thai Kitchen & Bar,"2443 161a St #50, Surrey, BC V3Z 0M6, Canada",http://www.kinthai.ca/
Thai,Leela Thai Restaurant,"1558 George St, White Rock, BC V4B 3E8, Canada",
Thai,Thai Juan On,"31878 Del Obispo St #109, San Juan Capistrano, CA 92675, USA",https://www.thaijuanon.com/
Thai,BAAN LAO FINE THAI CUISINE,"4100 Bayview St, Richmond, BC V7E 6S8, Canada",http://baanlao.ca/?utm_source=gmb&utm_medium=organic
Thai,Pad Thai Restaurant,"12540 Harris Rd Unit 102, Pitt Meadows, BC V3Y 2J4, Canada",http://www.padthairestaurant.ca/
Thai,One More Thai Restaurant,"7158 120 St, Surrey, BC V3W 3M8, Canada",https://onemorethai.ca/
Tunisian,L'Harissa Tunisian Hot Sauce,"Salt Spring Island, 100 Clarinda Rd, Salt Spring Island, BC V8K 1W8, Canada",http://lharissa.ca/
Ukrainian,Kozak Ukraїnian Eatery,"444 6th St, New Westminster, BC V3L 3B3, Canada",http://kozakeatery.ca/
Ukrainian,A Taste of Ukraine,"1611 Broadway St #105, Port Coquitlam, BC V3C 2M7, Canada",
Ukrainian,Ukrainian Village,"815 Denman St, Vancouver, BC V6G 2L7, Canada",https://ukrainianvillage.wixsite.com/canada
Venezuelan,Los Chamos Arepas,"CXVC+HH6, PR-37, Carolina, 00979, Puerto Rico",
Vietnamese,Pho 51 Vietnamese Restaurant,"2160 Hawkins Street, Port Coquitlam, BC V3B 0G6, Canada",https://m.facebook.com/pho51coq/
Vietnamese,Pho Angkor noodle house,"78 10th St #106, New Westminster, BC V3M 3X3, Canada",https://phoangkornoodlehouse.com/?
Vietnamese,Phở Tàu Bay,"10782 148 St, Surrey, BC V3R 1V1, Canada",
Vietnamese,Tina Vietnamese Cuisine (V-Cafe),"789 Carnarvon St, New Westminster, BC V3M 1E6, Canada",https://www.clover.com/online-ordering/tina-vietnamese-cuisine-new-westminster
Vietnamese,Phở Tâm Vietnamese Restaurant,"10302 City Pkwy, Surrey, BC V3T 4Y8, Canada",https://www.skipthedishes.com/pho-tam-10-10302-city-pkwy
Vietnamese,Taste of Pho,"13979 104 Ave #104, Surrey, BC V3T 1X1, Canada",https://tasteofphorestaurant.com/?utm_source=google&utm_medium=maps&utm_campaign=website
Vietnamese,Pho Bo Ga Ottawa,"Canada, British Columbia, Port Coquitlam, Nicola Ave, #106",http://www.phobogaottawa.ca/
Vietnamese,Pho Tau Bay,"7322 King George Blvd, Surrey, BC V3W 5A5, Canada",
Vietnamese,Phở Hòa + Jazen Tea (Surrey),"14357 104 Ave #102, Surrey, BC V3T 1Y2, Canada",http://www.phohoa.com/
Vietnamese,Pho An Nam,"10153 King George Blvd, Surrey, BC V3T 0A3, Canada",https://phoannam.com/
Vietnamese,Super Pho Vietnamese,"9554 120 St, Surrey, BC V3V 4C1, Canada",https://superphorestaurant.com/?utm_source=google&utm_medium=maps&utm_campaign=website
Vietnamese,Banh Mi Bar,"722 Carnarvon St, New Westminster, BC V3M 6V4, Canada",https://www.facebook.com/BANHMiBarNewWest/
Vietnamese,All About Pho,"10190 King George Blvd, Surrey, BC V3T 2W4, Canada",https://www.allaboutpho.ca/
Vietnamese,Pho Haven Restaurant,"150 - 4857 Elliott St, Delta, BC V4K 2X7, Canada",https://www.phohaven.ca/
Vietnamese,Pho Stanley Restaurant,"11184 84 Ave, Delta, BC V4C 2K4, Canada",
Vietnamese,Tuan Hang Deli & Catering (Vietnamese Restaurant),"10673 King George Blvd B, Surrey, BC V3T 2X6, Canada",
Vietnamese,Pho Hong Vietnamese Restaurant 24/7 Total 20% Off For Grand Opening,"10322 Whalley Blvd, Surrey, BC V3T 4H4, Canada",http://phohong.vancouverbusinessbc.com/
Vietnamese,Phở 99 Surrey,"8934 152 St, Surrey, BC V3R 4E4, Canada",http://pho99surrey.ca/?utm_source=google&utm_medium=maps&utm_campaign=website
Vietnamese,Pho Khang (Order from our website & SAVE MORE!),"1W6, 10111 No. 3 Rd unit 206, Richmond, BC V7A 1G3, Canada",https://phokhang.zomi.menu/
Vietnamese,Phở 101,"5937 Hastings St, Burnaby, BC V5B 1R7, Canada",http://www.pho101bby.com/
Yemeni,Mashawee Lebanese Grill,"1558 Johnston Rd, White Rock, BC V4B 3Z7, Canada",http://mashaweegrill.ca/
Zambian,Afro Vegana,"1181 Av. Américo Miranda, San Juan, 00921, Puerto Rico",http://www.afrovegana.com/
