Cuisine Type,Name,Address,Website
Mexican,Veracruz Mexican Grill,"1201 S Falls Blvd, Wynne, AR 72396, USA",https://order.online/business/veracruz-mexican-grill-11515680
Mexican,El Jalapeño Mexican Restaurant,"105 A E Business, 105 US-36, St Francis, KS 67756, USA",https://www.facebook.com/people/El-Jalape%C3%B1o-Mexican-Restaurant/100070013243848/
Mexican,Don Jose,"Valli Vista Shopping Center, 200 Holiday Dr, Forrest City, AR 72335, USA",
Mexican,Moctezuma Grill,"737 N Washington St, Forrest City, AR 72335, USA",https://moctezumagrillar.com/
Mexican,Iguanas Mexican restaurant,"2241 N Washington St, Forrest City, AR 72335, USA",
Mexican,The Crazy Donkey Mexican Grill,"101 E Wood Ave, Palestine, AR 72372, USA",
Mexican,Cielito Lindo Mexican Grill,"3050 Service Rd, Marion, AR 72364, USA",https://www.clover.com/online-ordering/cielito-lindo-marion-marion
Mexican,Mexico Grill,"3669 Hwy 61 N, Suite A, Tunica, MS 38676, USA",https://mexicogrilldelta.com/
Mexican,El Amigo Feliz,"1304 E Mammoth Rd, Hazen, AR 72064, USA",
Mexican,Mi Pueblo Mexican Restaurant,"303 Bancario Rd, Marion, AR 72364, USA",https://mi-pueblo-marion-ar.webnode.mx/
Mexican,West Coast Burrito,"954 Main St, Southaven, MS 38671, USA",https://www.restaurantlogin.com/api/fb/70_m_mq
Mexican,Los Pinos Mexican Restaurant,"2005 N Main St, Brinkley, AR 72021, USA",https://voltd.top/los-pinos-mexican-restaurant-2
Mexican,Mi Pueblo West Memphis,"650 E Service Rd #121, West Memphis, AR 72301, USA",
Mexican,El Molino Restaurant,"2500 Goodman Rd W, Horn Lake, MS 38637, USA",https://elmolinohornlake.com/contact-us
Mexican,Ameca,"810 US-64, Wynne, AR 72396, USA",https://usmapz.me/ameca-749455-us
Mexican,Ameca Mexican Restaurant,"362 W Chestnut St, Marianna, AR 72360, USA",
Mexican,La Cascada Mexican Restaurant,"5510 Southwest Dr Suite A, Jonesboro, AR 72404, USA",https://www.lacascadamexicanrestaurantar.com/
Mexican,Las Margaritas,"1100 Ingram Blvd, West Memphis, AR 72301, USA",
Mexican,Guadalajara Grill,"7070 MS-301, Horn Lake, MS 38637, USA",https://www.guadalajaragrillmidsouth.com/locations-hours/
Mexican,El Charro Authentic Mexican,"1651 Goodman Rd W, Horn Lake, MS 38637, USA",https://www.elcharromidsouth.com/locations-hours/
Swedish,Ingrid's Scandinavian Food,"209 7th St, Oregon City, OR 97045, USA",http://ingridsscandinavianfood.com/
Italian,Sicily's,"108 Glen Bailey Dr, West Memphis, AR 72301, USA",
Italian,Off The Square Cafe,"25 S Poplar St, Marianna, AR 72360, USA",http://eatoffthesquare.com/
Italian,Coletta's Italian Restaurant,"1063 S Pkwy E, Memphis, TN 38106, USA",http://colettas.net/
Italian,Olive Garden Italian Restaurant,"6615 Airways Blvd, Southaven, MS 38671, USA",https://www.olivegarden.com/locations/ms/southaven/southaven-airways/1667?cmpid=br:og_ag:ie_ch:loc_ca:OGGMB_sn:gmb_gt:southaven-ms-1667_pl:locurl_rd:1520
Italian,Catherine & Mary's,"272 S Main St ste 105-a, Memphis, TN 38103, USA",https://catherineandmarys.com/
Italian,Pizza Hut,"2023 N Washington St, Forrest City, AR 72335, USA",https://locations.pizzahut.com/ar/forrest-city/2023-n-washington-st?utm_medium=organic&utm_source=local&utm_campaign=googlelistings&utm_content=website&utm_term=289878
Italian,Villa Castrioti Lakeland,"9861 Lake District Dr Suite 101, Lakeland, TN 38002, USA",https://www.villacastrioti.com/
Italian,Pizza Pie-Zazz,"511 Falls Blvd, Wynne, AR 72396, USA",
Italian,Sbarro,"1011 N Main St, Palestine, AR 72372, USA",https://sbarro.com/locations/ar/palestine/dk-express-palestine-sbarro/
Italian,Olive Garden Italian Restaurant,"1918 Red Wolf Blvd, Jonesboro, AR 72401, USA",https://www.olivegarden.com/locations/ar/jonesboro/jonesboro/1824?cmpid=br:og_ag:ie_ch:loc_ca:OGGMB_sn:gmb_gt:jonesboro-ar-1824_pl:locurl_rd:1669
Italian,Coletta's,"2850 Appling Rd, Memphis, TN 38133, USA",http://colettas.net/
Italian,Valle's Italian Rebel,"1636 Winchester Rd, Memphis, TN 38116, USA",http://www.italianrebel.com/
Italian,Amerigo Italian Restaurant,"1239 Ridgeway Rd, Memphis, TN 38119, USA",http://www.amerigo.net/
Italian,Pizza Inn,"988 S Falls Blvd, Wynne, AR 72396, USA",https://www.pizzainn.com/locations/wynne-ar/
Italian,Mazzio's Italian Eatery,"1508 Browns Lane Access Rd, Jonesboro, AR 72401, USA",https://www.mazzios.com/
Italian,Capriccio Grill,"149 Union Ave #10, Memphis, TN 38103, USA",https://www.peabodymemphis.com/dine/capriccio-grill
Italian,Carrabba's Italian Grill,"4600 Merchants Park Cir Suite 141, Collierville, TN 38017, USA",https://locations.carrabbas.com/tennessee/collierville/4600-merchants-park-circle?y_source=1_MTU1MDMwNDItNzE1LWxvY2F0aW9uLndlYnNpdGU%3D
Italian,Little Italy Downtown,"106 GE Patterson Ave, Memphis, TN 38103, USA",http://littleitaly-downtown.com/
Italian,Cocozza American Italian,"106 Harbor Town Square, Memphis, TN 38103, USA",http://www.eatcocozza.com/
Italian,Hot Stone Pizza,"2079, Cross County Bank Blvd, Wynne, AR 72396, USA",http://www.hotstonear.com/
Spanish,Iguanas Mexican restaurant,"2241 N Washington St, Forrest City, AR 72335, USA",
Spanish,Moctezuma Grill,"737 N Washington St, Forrest City, AR 72335, USA",https://moctezumagrillar.com/
Spanish,Don Jose,"Valli Vista Shopping Center, 200 Holiday Dr, Forrest City, AR 72335, USA",
Spanish,The Crazy Donkey Mexican Grill,"101 E Wood Ave, Palestine, AR 72372, USA",
Spanish,Veracruz Mexican Grill,"1201 S Falls Blvd, Wynne, AR 72396, USA",https://order.online/business/veracruz-mexican-grill-11515680
Spanish,Mi Pueblo Mexican Restaurant,"303 Bancario Rd, Marion, AR 72364, USA",https://mi-pueblo-marion-ar.webnode.mx/
Spanish,Los Pinos Mexican Restaurant,"2005 N Main St, Brinkley, AR 72021, USA",https://voltd.top/los-pinos-mexican-restaurant-2
Spanish,Don Jose Mexican Restaurant,"1732 Falls Blvd, Wynne, AR 72396, USA",http://www.donjosewynne.com/
Spanish,Cielito Lindo Mexican Grill,"3050 Service Rd, Marion, AR 72364, USA",https://www.clover.com/online-ordering/cielito-lindo-marion-marion
Spanish,Ameca,"810 US-64, Wynne, AR 72396, USA",https://usmapz.me/ameca-749455-us
Spanish,Blue Flame Cafe,"208 N Grant St, Forrest City, AR 72335, USA",
Spanish,Ameca Mexican Restaurant,"362 W Chestnut St, Marianna, AR 72360, USA",
Spanish,Mi Pueblo West Memphis,"650 E Service Rd #121, West Memphis, AR 72301, USA",
Spanish,Taco Bell,"2055 N Washington St, Forrest City, AR 72335, USA",https://locations.tacobell.com/ar/forrest-city/2055-n-washington.html?utm_source=yext&utm_campaign=googlelistings&utm_medium=referral&utm_term=027037&utm_content=website&y_source=1_NjE0NTMxMC03MTUtbG9jYXRpb24ud2Vic2l0ZQ%3D%3D
Spanish,La Consentida Food Truck,"131 E Military Rd, Marion, AR 72364, USA",
Spanish,El Molino Restaurant,"2500 Goodman Rd W, Horn Lake, MS 38637, USA",https://elmolinohornlake.com/contact-us
Spanish,Ole Sawmill Cafe,"2299 N Washington St, Forrest City, AR 72335, USA",http://olesawmillcafear.com/
Spanish,Taco Bell,"408 AR-149, Earle, AR 72331, USA",https://locations.tacobell.com/ar/earle/408-state-highway-149-north.html?utm_source=yext&utm_campaign=googlelistings&utm_medium=referral&utm_term=020027&utm_content=website&y_source=1_MTcyODM0NjktNzE1LWxvY2F0aW9uLndlYnNpdGU%3D
Spanish,Esco Memphis Restaurant & Tapas,"158 Lt. George W Lee Ave, Memphis, TN 38103, USA",https://escobaratlanta.com/
Spanish,Sophia's Authentic Mexican Restaurant,"106 Edmonds Ave, McCrory, AR 72101, USA",https://www.facebook.com/sophiasmexicanresturant/?ref=page_internal
American,Ole Sawmill Cafe,"2299 N Washington St, Forrest City, AR 72335, USA",http://olesawmillcafear.com/
American,Greg And Jims Restaurant,"46 Old Military Rd W, Colt, AR 72326, USA",https://www.facebook.com/Greg-Jims-167217366640864/
American,Waffle House,"2340 N Washington St, Forrest City, AR 72335, USA",https://locations.wafflehouse.com/forrestcity-ar-668
American,Treys Deli & Grill,"20093 US-70, Wheatley, AR 72392, USA",https://www.facebook.com/profile.php?id=100022943563041&mibextid=ZbWKwL
American,The Hollywood Cafe,"1585 Old Commerce Rd, Tunica Resorts, MS 38664, USA",http://thehollywoodcafe.com/
American,Betty B's Smokehouse BBQ,"144 W Broadway St, Forrest City, AR 72335, USA",
American,Popeyes Louisiana Kitchen,"3101 N Washington St, Forrest City, AR 72335, USA",https://www.popeyes.com/store-locator/store/restaurant_240038?utm_source=yext&utm_medium=referral&utm_campaign=organic-local-listings
American,McDonald's,"2301 N Washington St, Forrest City, AR 72335, USA",https://www.mcdonalds.com/us/en-us/location/AR/FORREST-CITY/2301-N-WASHINGTON-ST/4146.html?cid=RF:YXT:GMB::Clicks
American,Sonic Drive-In,"1811 N Division St, Forrest City, AR 72335, USA",https://www.sonicdrivein.com/locations/us/ar/forrest-city/1811-north-division/store-2005/?utm_source=google%20my%20business&utm_medium=organic&utm_campaign=website%20link
American,Burger King,"2080 N Washington St, Forrest City, AR 72335, USA",https://burgerking.com/store-locator/store/restaurant_21600
American,Subway,"2334 N Washington St, Forrest City, AR 72335, USA",https://restaurants.subway.com/united-states/ar/forrest-city/2334-n-washington?utm_source=yxt-goog&utm_medium=local&utm_term=acq&utm_content=11527&utm_campaign=evergreen-2020&y_source=1_MTQ5MTYyMjYtNzE1LWxvY2F0aW9uLndlYnNpdGU%3D
American,Waffle House,"1407 N Main St, Brinkley, AR 72021, USA",https://locations.wafflehouse.com/brinkley-ar-685
American,8 oz. Burger bar,"1021 Casino Center Drive Horseshoe Tunica, Tunica Resorts, MS 38664, USA",https://www.caesars.com/horseshoe-tunica/restaurants/8oz-burger-bar?utm_campaign=gmb&utm_source=google&utm_medium=local&utm_term=UTU16&utm_content=restaurant&y_source=1_MTAyNzc5ODIzNS03MTUtbG9jYXRpb24ud2Vic2l0ZQ%3D%3D
American,Blue & White,"1355 US-61, Tunica, MS 38676, USA",http://blueandwhiterestaurant.com/
American,Taco Bell,"2055 N Washington St, Forrest City, AR 72335, USA",https://locations.tacobell.com/ar/forrest-city/2055-n-washington.html?utm_source=yext&utm_campaign=googlelistings&utm_medium=referral&utm_term=027037&utm_content=website&y_source=1_NjE0NTMxMC03MTUtbG9jYXRpb24ud2Vic2l0ZQ%3D%3D
American,Delta Q & Deli,"1112 N Washington St, Forrest City, AR 72335, USA",
American,Kennon's Dairy Bar,"131 US-64, Wynne, AR 72396, USA",
American,Moctezuma Grill,"737 N Washington St, Forrest City, AR 72335, USA",https://moctezumagrillar.com/
American,Taco Bell,"408 AR-149, Earle, AR 72331, USA",https://locations.tacobell.com/ar/earle/408-state-highway-149-north.html?utm_source=yext&utm_campaign=googlelistings&utm_medium=referral&utm_term=020027&utm_content=website&y_source=1_MTcyODM0NjktNzE1LWxvY2F0aW9uLndlYnNpdGU%3D
American,Burger King,"North 408 Highway 149, Earle, AR 72331, USA",https://burgerking.com/store-locator/store/restaurant_12050
Scottish,The Scottish Arms,"8 S Sarah St, St. Louis, MO 63108, USA",https://www.thescottisharms.com/
British,Fuddruckers,"711 Lucky Ln, Tunica Resorts, MS 38664, USA",http://www.fuddruckers.com/
Thai,The Nine Authentic Thai Food,"121 Union Ave, Memphis, TN 38103, USA",
Thai,Mai Pai Thai Cuisine,"3009 E Highland Dr Suite F, Jonesboro, AR 72401, USA",https://www.maipaithai.com/
Thai,Spice Girls Thai Street Food,"401 W Huntington Ave, Jonesboro, AR 72401, USA",
Japanese,F.C.hibachi express,"120 Holiday Dr, Forrest City, AR 72335, USA",
Japanese,Sen Sushi & Hibachi Grill,"303 Bancario Rd #6, Marion, AR 72364, USA",https://sensushihibachi.com/
Japanese,Fuji Japanese Express,"1046 Church Rd W, Southaven, MS 38671, USA",
Japanese,One Japanese Cuisine,"203 W South, Harrisburg, AR 72432, USA",
Japanese,Osaka Japanese Cuisine,"7164 Hacks Cross Rd #114, Olive Branch, MS 38654, USA",https://www.osaka-cuisine.com/
Japanese,Tokyo House,"3874 Goodman Rd W Ste. E, Horn Lake, MS 38637, USA",http://www.tokyohousehornlake.com/
Japanese,SNOWFOX,"3926 Goodman Rd W, Horn Lake, MS 38637, USA",https://jfefood.com/
Japanese,South Main Sushi,"520 S Main St #4443, Memphis, TN 38103, USA",http://southmainsushi.com/
Japanese,Japan House,"4279 Elvis Presley Blvd, Memphis, TN 38116, USA",http://www.japanhouse4279.com/
Japanese,Tokyo Grill Poplar,"1400 Poplar Ave, Memphis, TN 38104, USA",http://www.tokyogrillmemphis.com/
Japanese,Sekisui Midtown,"25 S Belvedere Blvd, Memphis, TN 38104, USA",http://sekisuiusa.com/
Japanese,Takashi Bistro,"1680 Union Ave, Memphis, TN 38104, USA",https://takashibistromemphis.com/
Japanese,Sumo Japanese Steakhouse,"2801 Red Wolf Blvd, Jonesboro, AR 72401, USA",http://experiencesumo.com/locations
Japanese,Bamboo Japanese Cuisine,"300 S Main St ste a, Jonesboro, AR 72401, USA",http://www.bamboojapanesecuisine.com/
Japanese,Momoya,"135 S Main St, Memphis, TN 38103, USA",http://momoyamemphis.com/
Japanese,Usa Hibachi Express,"105 E S Harris St, Wynne, AR 72396, USA",http://usa-hibachi-express.keeq.io/
Japanese,Osaka Japanese Cuisine,"3670 S Houston Levee Rd #114, Collierville, TN 38017, USA",http://www.osaka-cuisine.com/
Japanese,Fuji Japanese Steak House,"2810 E Highland Dr G, Jonesboro, AR 72401, USA",http://pan-fire-inc-dba-fuji.square.site/
Japanese,Hiro Japanese Cuisine,"3006 E Highland Dr, Jonesboro, AR 72401, USA",http://hirojapanesecuisine.com/
Japanese,SNOWFOX Sushi,"1759 Union Ave, Memphis, TN 38104, USA",https://jfefood.com/
Chinese,Ho Ho Restaurant,"110 Barrow Hill Rd, Forrest City, AR 72335, USA",https://www.doordash.com/store/ho-ho-chinese-restaurant-forrest-city-23466302/
Chinese,F.C.hibachi express,"120 Holiday Dr, Forrest City, AR 72335, USA",
Chinese,Bin's Restaurant,"1724 Falls Blvd, Wynne, AR 72396, USA",
Chinese,Lucky Star,"378 W Chestnut St, Marianna, AR 72360, USA",
Chinese,New China Restaurant,"1401 Pinecrest St, Brinkley, AR 72021, USA",https://newchinarestaurantar.com/
Chinese,Chinatown Chinese Restaurant,"2921 AR-77, Marion, AR 72364, USA",https://order.mealkeyway.com/customer/release/index?mid=68514d4d562f51694f3250623164366e4f4c77315a773d3d#/main
Chinese,Lucky 8 Asian Bistro,"1021 Casino Center Drive Horseshoe Tunica, Tunica Resorts, MS 38664, USA",https://www.caesars.com/horseshoe-tunica/restaurants/lucky-8-asian-bistro?utm_campaign=gmb&utm_source=google&utm_medium=local&utm_term=UTU14&utm_content=restaurant&y_source=1_MTAyNzgxNDQ2NS03MTUtbG9jYXRpb24ud2Vic2l0ZQ%3D%3D
Chinese,Dragon china,"500 W Broadway #12-13, West Memphis, AR 72301, USA",http://www.dragonchinaorder.com/
Chinese,China Garden of Tunica,"1549 US-61, Tunica, MS 38676, USA",
Chinese,Lucky China,"975 Main St, Southaven, MS 38671, USA",https://luckychinasouthaven.com/
Chinese,China wok,"1796 Stateline Rd W, Southaven, MS 38671, USA",
Chinese,Grand Buffet,"7256 Interstate Blvd #5, Horn Lake, MS 38637, USA",http://www.imenuicoupon.com/grand-buffet-horn-lake.html
Chinese,Golden China Restaurant,"1160 S Bellevue Blvd, Memphis, TN 38106, USA",
Chinese,New Lin's Garden,"215 S Pauline St, Memphis, TN 38104, USA",
Chinese,Teaden Chinese Restaurant,"569 Oakland Ave, Helena, AR 72342, USA",
Chinese,Golden Dragon Restaurant,"3025 Goodman Rd W, Horn Lake, MS 38637, USA",http://www.goldendragonhornlake.com/
Chinese,New Hong Kong Restaurant,"1979 S 3rd St, Memphis, TN 38109, USA",
Chinese,Dragon Concourse,"579 Goodman Rd E, Southaven, MS 38671, USA",http://www.dragonconcoursems.com/
Chinese,Asian Grill,"1427 Goodman Rd W, Horn Lake, MS 38637, USA",https://www.asiangrillhornlakems.com/
Chinese,Chop Suey House,"2285 Elvis Presley Blvd, Memphis, TN 38106, USA",
Indian,Taste of Punjab,"111 Lawson Rd, Wheatley, AR 72392, USA",
Indian,India Palace,"1720 Poplar Ave, Memphis, TN 38104, USA",http://www.indiapalacememphis.com/
Indian,Curry Leaf Indian Cuisine,"2110 Fair Park Blvd., Jonesboro, AR 72401, USA",https://curryleafindiancuisine.com/
Indian,Puja’s kitchen,"45 S Idlewild St, Memphis, TN 38104, USA",
Indian,Ma Lins Restaurant & Catering,"West Memphis, AR 72301, USA",
Indian,Bombay Kitchen,"2815 Race St, Jonesboro, AR 72401, USA",
Indian,Nawab's Restaurant,"3750 S Houston Levee Rd Suite # 107, Collierville, TN 38017, USA",
Indian,Ameil the Meal hot wheel,"5618 Santa Barbara St, Memphis, TN 38116, USA",
Indian,Subway,"1010 N Main St, Palestine, AR 72372, USA",https://restaurants.subway.com/united-states/ar/palestine/1010-n-main-street?utm_source=yxt-goog&utm_medium=local&utm_term=acq&utm_content=17876&utm_campaign=evergreen-2020&y_source=1_MTQ5MDAwODMtNzE1LWxvY2F0aW9uLndlYnNpdGU%3D
Indian,Lunch Box,"1211 Union Ave # 155, Memphis, TN 38104, USA",
Indian,I-40 Cafe,"843 N Main St, Palestine, AR 72372, USA",https://i-40-cafe.business.site/?utm_source=gmb&utm_medium=referral
Russian,Horseshoe Tunica,"1021 Casino Center Dr, Tunica Resorts, MS 38664, USA",https://www.horseshoetunica.com/restaurants/jack-binions-steakhouse?utm_campaign=gmb&utm_source=google&utm_medium=local&utm_term=UTU4k&utm_content=restaurant&y_source=1_NDM2NjgwOS03MTUtbG9jYXRpb24ud2Vic2l0ZQ%3D%3D
Jewish,Crescent Center Deli,"6075 Poplar Ave Ste 102, Memphis, TN 38119, USA",
Polish,Ole Sawmill Cafe,"2299 N Washington St, Forrest City, AR 72335, USA",http://olesawmillcafear.com/
German,The Old Bavaria Haus Restaurant,"233 6th St, New Westminster, BC V3L 3A5, Canada",http://www.oldbavariahaus.com/
French,Erling Jensen The Restaurant,"1044 S Yates Rd, Memphis, TN 38119, USA",http://www.ejensen.com/
French,Paulette's Restaurant,"50 Harbor Town Square, Memphis, TN 38103, USA",http://www.paulettes.net/
French,Ole Sawmill Cafe,"2299 N Washington St, Forrest City, AR 72335, USA",http://olesawmillcafear.com/
French,CRSmalls And Company,"105 Sfc 815, Palestine, AR 72372, USA",
French,Bishop,"545 S Main St #111, Memphis, TN 38103, USA",https://bishopmemphis.com/
French,Waffle House,"2340 N Washington St, Forrest City, AR 72335, USA",https://locations.wafflehouse.com/forrestcity-ar-668
French,Legacy,"520 E Broadway Ave, Forrest City, AR 72335, USA",
French,Popeyes Louisiana Kitchen,"3101 N Washington St, Forrest City, AR 72335, USA",https://www.popeyes.com/store-locator/store/restaurant_240038?utm_source=yext&utm_medium=referral&utm_campaign=organic-local-listings
French,KFC,"2700 N Washington St, Forrest City, AR 72335, USA",https://locations.kfc.com/ar/forrest-city/2700-n-washington-street
French,Greg And Jims Restaurant,"46 Old Military Rd W, Colt, AR 72326, USA",https://www.facebook.com/Greg-Jims-167217366640864/
French,Cafe Provencal,"427 S Kirkwood Rd #6119, St. Louis, MO 63122, USA",http://cafeprovencal.com/
French,Mrs. Vernie’s,"4600 AR-1, Caldwell, AR 72322, USA",https://www.facebook.com/mrsvernies/
French,Brasserie by Niche,"4580 Laclede Ave, St. Louis, MO 63108, USA",http://brasseriebyniche.com/
French,Hughes Drive Inn Restaurant,"204 5th St, Hughes, AR 72348, USA",
French,Subway,"2334 N Washington St, Forrest City, AR 72335, USA",https://restaurants.subway.com/united-states/ar/forrest-city/2334-n-washington?utm_source=yxt-goog&utm_medium=local&utm_term=acq&utm_content=11527&utm_campaign=evergreen-2020&y_source=1_MTQ5MTYyMjYtNzE1LWxvY2F0aW9uLndlYnNpdGU%3D
French,Cecil's Cafe,"930 N Washington St, Forrest City, AR 72335, USA",
French,Burger King,"2080 N Washington St, Forrest City, AR 72335, USA",https://burgerking.com/store-locator/store/restaurant_21600
French,Sonic Drive-In,"1811 N Division St, Forrest City, AR 72335, USA",https://www.sonicdrivein.com/locations/us/ar/forrest-city/1811-north-division/store-2005/?utm_source=google%20my%20business&utm_medium=organic&utm_campaign=website%20link
French,Cajun Express,"5082 AR-78, Wheatley, AR 72392, USA",
French,Chester's Chicken,"1010 N Main St, Palestine, AR 72372, USA",http://chestersinternational.com/
Hawaiian,Aloha Island Grill,"1220 W Francis Ave, Spokane, WA 99205, USA",http://www.eataloha.com/
Brazilian,Botteco Brazil Restaurant,"14561 Bothell Way NE, Shoreline, WA 98155, USA",http://bottecobrazil.com/
Brazilian,Novilhos Brazilian Steakhouse,"12405 SE 38th St, Bellevue, WA 98006, USA",https://novilhos.com/
Brazilian,Boiada Brazilian Grill,"245 W Spokane Falls Blvd, Spokane, WA 99201, USA",https://boiadabraziliangrill.com/?utm_source=GMB&utm_medium=GMB&utm_campaign=GMBSpokane
Brazilian,Fogo de Chão Brazilian Steakhouse,"201 3rd St Suite 100, San Francisco, CA 94103, USA",https://fogodechao.com/location/san-francisco/
Brazilian,Botteco Brazil,"15 Nickerson St, Seattle, WA 98109, USA",http://www.bottecobrazil.com/
Brazilian,Boiada Brazilian Grill,"8418 W Gage Blvd, Kennewick, WA 99336, USA",https://boiadabraziliangrill.com/?utm_source=GMB&utm_medium=GMB&utm_campaign=GMB
Peruvian,Mi Lindo Peru,"3226 Mission St, San Francisco, CA 94110, USA",
Salvadorian,La Casita Pupuseria & Market,"8214 Piney Branch Rd, Silver Spring, MD 20910, USA",https://www.lacasitapupusas.com/?y_source=1_MzAwNjA3ODUtNzE1LWxvY2F0aW9uLndlYnNpdGU%3D
Cuban,Havana's Cuisine Restaurant,"1131 Washington Ave, St. Louis, MO 63101, USA",http://havanascuisine.com/
Tibetan,Café Tibet,"2020 University Ave, Berkeley, CA 94704, USA",http://cafetibetberkeley.com/contact/
Greek,Pella Cafe Greek and Mediterranean Cuisine,"1903 Grant Ave Suite F, Jonesboro, AR 72401, USA",https://pellacafe.com/
Greek,Athens,"2116 S Caraway Rd, Jonesboro, AR 72401, USA",
Greek,Casablanca Restaurant,"1707 Madison Ave #103, Memphis, TN 38104, USA",https://www.casablancamemphis.com/
Greek,Greek Belly,"320 E Walnut St, Springfield, MO 65806, USA",http://www.greekbelly.com/
Greek,Frank's Pub and Grille,"2981 Harrah's Parkway South Extended #105, Tunica Resorts, MS 38664, USA",
Greek,Subway,"1010 N Main St, Palestine, AR 72372, USA",https://restaurants.subway.com/united-states/ar/palestine/1010-n-main-street?utm_source=yxt-goog&utm_medium=local&utm_term=acq&utm_content=17876&utm_campaign=evergreen-2020&y_source=1_MTQ5MDAwODMtNzE1LWxvY2F0aW9uLndlYnNpdGU%3D
Greek,Sufi's Mediterranean Grill & Bar,"7609 Poplar Pike, Germantown, TN 38138, USA",http://www.sufigrillbar.com/
Greek,Partovi's Gyros & Falafel,"2916 S Caraway Rd, Jonesboro, AR 72403, USA",https://www.facebook.com/partovigyros/
Belgian,THE BELGIAN DELIGHT,"c 1100 County C, Brussels, WI 54204, USA",http://www.belgiandelightbrussels.com/
Irish,The Brass Door Irish Pub,"152 Madison Ave, Memphis, TN 38103, USA",http://thebrassdoor.com/
Irish,Cregeen's Jonesboro,"201 S Main St, Jonesboro, AR 72401, USA",http://cregeens.com/
Irish,Silky O'Sullivan's,"183 Beale Street, Located on the corner of Beale St &, S B.B. King Blvd, Memphis, TN 38103, USA",https://www.silkyosullivans.com/
Irish,Frank's Pub and Grille,"2981 Harrah's Parkway South Extended #105, Tunica Resorts, MS 38664, USA",
Irish,McNamara's Irish Pub & Restaurant,"2740 Old Lebanon Rd, Nashville, TN 37214, USA",http://www.mcnamarasirishpub.com/
Welsh,Welch's Riverside Restaurant,"505 Main St # 1, Carrollton, KY 41008, USA",
Cajun,Cajun Express,"5082 AR-78, Wheatley, AR 72392, USA",
Cajun,Red Pier Cajun Seafood & Bar - Service Rd.,"222 N Service Rd, West Memphis, AR 72301, USA",https://redpierseafood.com/
Cajun,New Boiling Cajun Seafood,"Jonesboro, AR 72401, USA",
Cajun,Crawfish Haven Seafood Restaurant,"2100 Goodman Rd W, Horn Lake, MS 38637, USA",http://crawfishhaven.ms/
Cajun,Popeyes Louisiana Kitchen,"3101 N Washington St, Forrest City, AR 72335, USA",https://www.popeyes.com/store-locator/store/restaurant_240038?utm_source=yext&utm_medium=referral&utm_campaign=organic-local-listings
Cajun,Red Pier Cajun Seafood & Bar - Church Rd / Pepper Chase,"4975 Pepper Chase Dr, Southaven, MS 38671, USA",https://www.redpierseafood.com/
Portuguese,"Petiscos ""Downtown""","399 S 1st St, San Jose, CA 95113, USA",http://petiscosadega.com/
Turkish,Arslans Turkish Street Food,"113 Walnut Ave, Santa Cruz, CA 95060, USA",https://www.arslansturkishstreetfood.com/
Haitian,My Marie Restaurant,"3147 Cherokee St, St. Louis, MO 63118, USA",http://mymariestl.com/
Tahitian,Tahiti Nui,"5122 Kuhio Hwy, Hanalei, HI 96714, USA",http://www.thenui.com/
Korean,Shilla Korean Restaurant,"1031 Kingsway, Vancouver, BC V5V 3C7, Canada",http://shillakorean.ca/
Algerian,KAYMA Algerian Eatery Food Truck,"701 Valencia St, San Francisco, CA 94110, USA",http://www.kaymaeatery.com/
Nigerian,House of Jollof,"503 Paul Ave, Florissant, MO 63031, USA",http://www.myhouseofjollof.com/
Moroccan,Casablanca Moroccan Restaurant,"4010 N Dupont Hwy, New Castle, DE 19720, USA",https://casablancade.com/
Lebanese,Provence Marinaside,"1177 Marinaside Crescent, Vancouver, BC V6Z 2Y3, Canada",https://www.provencemarinaside.ca/
Vietnamese,Vietnam Restaurant,"74 N Cleveland St, Memphis, TN 38104, USA",
Vietnamese,Tuyen's Asian Bistro,"288 N Cleveland St, Memphis, TN 38104, USA",
Vietnamese,Pho House,"1278 Jefferson Ave, Memphis, TN 38104, USA",https://m.facebook.com/PhoHouseRestaruant/
Vietnamese,Saigon Craft Foods,"1918 Aggie Rd, Jonesboro, AR 72401, USA",
Vietnamese,Pho Long,"8435 Olive Blvd, St. Louis, MO 63132, USA",http://www.facebook.com/pholongstl
Vietnamese,Vien Dong Restaurant,"304 N Cleveland St, Memphis, TN 38104, USA",
Hungarian,Budapest Restaurant,"2183 Danforth Ave, Toronto, ON M4C 1K4, Canada",https://visitbudapestrestaurant.com/
Mediterranean,Provence Marinaside,"1177 Marinaside Crescent, Vancouver, BC V6Z 2Y3, Canada",https://www.provencemarinaside.ca/
Ethiopian,Axum Restaurant,"1279 E Hastings St, Vancouver, BC V6A 1S4, Canada",http://www.axumrestaurant.ca/
Ethiopian,Gojo Café Ethiopia I Ethiopian Cuisine,"2838 Commercial Dr, Vancouver, BC V5N 4C6, Canada",http://www.gojocafe.com/
Ethiopian,Ambo Ethiopian Cuisine,"902 N State St, Bellingham, WA 98225, USA",https://www.amboethiopian.com/
Ethiopian,Adey Abeba Ethiopian Restaurant,"2123 E Union St, Seattle, WA 98122, USA",https://adeyabeba.net/
Ethiopian,Zagol Ethiopian Restaurant,"2722 E Cherry St, Seattle, WA 98122, USA",http://www.zagolethiopianrestaurant.com/
Ethiopian,Agelgil Ethiopian Restaurant Seattle,"2800 E Cherry St a, Seattle, WA 98122, USA",https://www.seattleethiopianrestaurant.com/
Ethiopian,Ahadu Ethiopian Restaurant,"1508 NE 117th St, Seattle, WA 98125, USA",http://www.ahadu-ethiopian-restaurant.net/
Ethiopian,Ras Dashen Restaurant,"2801 E Cherry St, Seattle, WA 98122, USA",http://www.rasdashenseattle.com/
Ethiopian,Massawa Eritrean & Ethiopian Restaurant,"4411 S Mead St, Seattle, WA 98118, USA",
Ethiopian,Queen Sheba Ethiopian Restaurant,"916 E John St, Seattle, WA 98102, USA",
Ethiopian,Adulis Eritrean and Ethiopian Restaurant,"10515 Greenwood Ave N, Seattle, WA 98133, USA",http://adulisrestaurant.com/
Ethiopian,Enat Ethiopian Restaurant,"11546-11552, 11546 15th Ave NE, Seattle, WA 98125, USA",https://m.facebook.com/EnatEthiopianRestaurant/
Ethiopian,Habesha Cafe,"5710 Rainier Ave S, Seattle, WA 98118, USA",https://habesha.cafe/
Caribbean,Memphis Jamaican Kitchen,"237 Vance Ave, Memphis, TN 38126, USA",http://www.memphisjamaicankitchen.com/
Caribbean,Curry n Jerk,"150 Monroe Ave, Memphis, TN 38103, USA",https://currynjerk.com/
Caribbean,Caribbean Delight,"3526 Gravois Ave, St. Louis, MO 63118, USA",
Caribbean,Evelyn & Olive,"630 Madison Ave, Memphis, TN 38103, USA",http://www.evelynandolive.com/
Soul,Bubba's Soul Food Kitchen,"1331 S Washington St, Forrest City, AR 72335, USA",
Argentinian,El Gauchito 2,"158 15 Horace Harding Expy, Queens, NY 11365, USA",http://elgauchitonyc.com/
Chilean,Chile Lindo Empanadas,"2944 16th St, San Francisco, CA 94103, USA",http://chilelindo.com/
Colombian,Plantéis,"7415 US-31, Indianapolis, IN 46227, USA",http://www.mrpatakon.com/
Costa Rican,Costa Rica Restaurant,"6421, 6421, 2500 W Lincoln Ave, Anaheim, CA 92801, USA",
Danish,Pastries of Denmark,"12613 Olive Blvd, Creve Coeur, MO 63141, USA",
Dutch,Burger King,"2080 N Washington St, Forrest City, AR 72335, USA",https://burgerking.com/store-locator/store/restaurant_21600
Ecuadorian,Ecuadorian Food,"41-20 34th Ave, Astoria, NY 11101, USA",https://ecuadorianfood1.wixsite.com/mysite
Finnish,Finnish Bistro Coffee & Cafe,"2264 Como Ave, St Paul, MN 55108, USA",http://www.finnishbistro.com/
Ghanaian,African Restaurant,"3275 Millbranch Rd, Memphis, TN 38116, USA",
Guatemalan,Atitlan,"939 E NASA Pkwy, Webster, TX 77598, USA",
Honduran,Delights of Honduras Restaurant,"265 7th St, Kansas City, KS 66101, USA",
Icelandic,Icelandic Street Food,"Lækjargata 8, 101 Reykjavík, Iceland",http://www.icelandicfoods.com/
Indonesian,Bali Thai,"88 W Pender St, Vancouver, BC V6B 1R3, Canada",https://www.balithaivancouver.com/
Iranian,Suren Persian cuisine,"4624 Hastings St, Burnaby, BC V5C 2K5, Canada",https://linktr.ee/surenrestaurant
Iranian,Khaghan Restaurant North Shore,"935 Marine Dr Unit 66, North Vancouver, BC V7P 1S3, Canada",https://linktr.ee/khaghan
Iranian,SadraRestaurantرستوران صدراونكوور,"SADRA Persian Restaurant, 1615 Lonsdale Ave, North Vancouver, BC V7M 2J5, Canada",http://sadrarestaurant.ca/
Iranian,Pasargad Restaurant,"2565 Barnet Hwy #22, Coquitlam, BC V3H 4E2, Canada",http://pasargadrestaurant.ca/
Iranian,Farsi Food,"1480 Pemberton Ave, North Vancouver, BC V7P 2S1, Canada",http://www.farsifood.ca/
Iranian,Sahel Market & Restaurant,"3207 W Broadway, Vancouver, BC V6K 2H5, Canada",https://sahelpersianrestaurant.com/
Israeli,Sufi's Mediterranean Grill & Bar,"7609 Poplar Pike, Germantown, TN 38138, USA",http://www.sufigrillbar.com/
Jamaican,Caribbean Delight,"3526 Gravois Ave, St. Louis, MO 63118, USA",
Jordanian,Jordan's Touch Of Love Eatery L.L.C,"North Tunica, MS 38676, USA",
Laotian,Spice Girls Thai Street Food,"401 W Huntington Ave, Jonesboro, AR 72401, USA",
Lithuanian,Smilga,"2819 83rd St, Darien, IL 60561, USA",http://www.smilgabakery.com/
Malaysian,Green & Oak Malaysian Restaurant,"3760 Hastings St, Burnaby, BC V5C 2H5, Canada",https://www.greenandoak.com/
Malaysian,IPOH Malaysian Cuisine,"2127-4500 Kingsway, Burnaby, BC V5H 2A9, Canada",https://www.facebook.com/ipohmalaysiancuisine/
Malaysian,Penang Bistro Fine Malaysian Cuisine(10% OFF for Orders from Our Website!),"3932 Fraser St, Vancouver, BC V5V 4E4, Canada",https://penangbistro.zomi.menu/
Malaysian,Kopitiam Malaysia,"3885 Rupert St, Vancouver, BC V5R 2G7, Canada",https://kopitiammalaysia.ca/
Malaysian,Tropika,"2975 Cambie St, Vancouver, BC V5Z 2V7, Canada",http://www.tropikavancouver.ca/
Malaysian,Malaysian Hut,"14727 108 Ave, Surrey, BC V3R 1V9, Canada",http://www.malaysianhutrestaurant.com/
Malaysian,Ipoh Malay Cuisine,"1316 W 73rd Ave, Vancouver, BC V6P 4M9, Canada",https://www.ipohmalaycuisine.ca/
Malaysian,Mamalee - Broadway,"3144 W Broadway, Vancouver, BC V6K 2H3, Canada",http://www.mamalee.ca/
Malaysian,Nyonya House - Malaysian Restaurant - Please try to Order from Website,"3866 Bayview St #110, Richmond, BC V7E 3B6, Canada",http://nyonya.richmondpos.com/
Malaysian,Laksa King,"2546 E Hastings St, Vancouver, BC V5K 1Z3, Canada",https://laksaking.ca/
Malaysian,Malaysia St (10% OFF for Orders from our website!),"3471 No. 3 Rd, Richmond, BC V6X 2B8, Canada",https://malaysiastrmd.zomi.menu/
Malaysian,Kedai Makan,"1449 E Pine St, Seattle, WA 98122, USA",http://www.kedaimakansea.com/
Malaysian,Malay Satay Hut,"5540, 15230 NE 24th St, Redmond, WA 98052, USA",https://www.malaysatay.com/
Malaysian,Reunion Malaysian Cafe + Kitchen,"339 Kirkland Ave C, Kirkland, WA 98033, USA",
Mongolian,Ho Ho Restaurant,"110 Barrow Hill Rd, Forrest City, AR 72335, USA",https://www.doordash.com/store/ho-ho-chinese-restaurant-forrest-city-23466302/
Nepalese,Royal Nepalese Momo Palace - #1 Place for Momos + Sugarcane Juice,"3490 Kingsway, Vancouver, BC V5R 5L7, Canada",https://www.royalmomopalace.com/
Nicaraguan,Fritanga Nicaraguan Cuisine,"2208 S Jefferson Ave, St. Louis, MO 63104, USA",http://www.fritangastl.com/
Norwegian,Viking Soul Food - Belmont food cart,"4255 SE Belmont St, Portland, OR 97215, USA",http://www.vikingsoulfood.com/
Pakistani,Kabab House,"12041 124th Ave NE, Kirkland, WA 98034, USA",https://www.kababhousepk.com/
Pakistani,Lari Adda Food Truck,"1624 145th Pl SE, Bellevue, WA 98007, USA",https://www.lariaddafoodtruckwa.com/
Panamanian,Rincon De Panama,"205A N Gray St, Killeen, TX 76541, USA",
Paraguayan,I Love Paraguay Restaurant,"4316 Greenpoint Ave, Queens, NY 11104, USA",http://www.ilovepy.com/
Peruvian,Mi Lindo Peru,"3226 Mission St, San Francisco, CA 94110, USA",
Philippine,PLATO FILIPINO,"5175 Joyce St, Vancouver, BC V5R 4G8, Canada",
Philippine,Pampanga’s Cuisine Home of the Original Sisig,"5179 Joyce St, Vancouver, BC V5R 4G8, Canada",http://pampangascuisine.ca/
Philippine,Pampanga's Best Cafeteria,"4279 Fraser St, Vancouver, BC V5V 4G1, Canada",http://pampangasbestcafeteria.com/
Philippine,Kulinarya Filipino Eatery,"1134 Commercial Dr, Vancouver, BC V5L 3X2, Canada",http://www.kulinarya.ca/
Philippine,Pin Pin Restaurant,"6113 Fraser St, Vancouver, BC V5W 2Z9, Canada",http://www.pinpinrestaurant.com/
Philippine,Hapag Ihaw-Ihaw Restaurant,"5432 Victoria Dr, Vancouver, BC V5P 3V7, Canada",http://hapagrestaurant.com/
Philippine,PAMPANGA’S CUISINE Home of the Original Sisig,"6094 Fraser St, Vancouver, BC V5W 2Z7, Canada",https://pampangascuisine.ca/
Philippine,Kulinarya Filipino Eatery,"2922 Glen Dr, Coquitlam, BC V3B 2P5, Canada",http://www.kulinarya.ca/
Polish,Ole Sawmill Cafe,"2299 N Washington St, Forrest City, AR 72335, USA",http://olesawmillcafear.com/
Puerto Rican,Criollo Montanez Restaurant,"1017 NE Seward Ave, Topeka, KS 66616, USA",https://facebook.com/criollomontanez
Romanian,Dunarea Restaurant,"821 N Euclid St, Anaheim, CA 92801, USA",http://www.dunarea.us/
Singaporean,Shiok Singaporean Cuisine,"1716 Kingsway, Vancouver, BC V5N 2S4, Canada",http://shiok.ca/
Singaporean,Singapore Express,"2775 Laurel St Room 4145, Vancouver, BC V5Z 1M9, Canada",https://www.qooway.com/OLO/m-en?SingExpOnLaurel
Singaporean,Prata-Man Singapore Cuisine,"9060 Capstan Wy, Richmond, BC V6X 3N6, Canada",https://prata-man-richmond.business.site/
Slovak,Slovak,"Slovak, AR 72064, USA",
Somali,Dianka Restaurant - Senegalese cuisine,"3275 Millbranch Rd, Memphis, TN 38116, USA",
South African,Fannie's West African Cuisine,"4105 Troost Ave, Kansas City, MO 64110, USA",http://www.fanniescuisine.com/
Sri Lankan,Canra Sri-Lankan Cuisine,"88 W Pender St #2025, Vancouver, BC V6B 6N9, Canada",
Swiss,Swiss Restaurant,"516 N Broadway, Santa Maria, CA 93454, USA",http://www.swissrestaurantandbar.com/
Syrian,The Syrian Kitchen,"600 Business Loop 70 W, Columbia, MO 65203, USA",http://www.thesyriankitchen.com/
Taiwanese,Tai Ke Shabu Shabu,"9626 Olive Blvd, Olivette, MO 63132, USA",https://www.taikeshabushabu.com/
Tanzanian,African Restaurant,"3275 Millbranch Rd, Memphis, TN 38116, USA",
Thai,The Nine Authentic Thai Food,"121 Union Ave, Memphis, TN 38103, USA",
Thai,Mai Pai Thai Cuisine,"3009 E Highland Dr Suite F, Jonesboro, AR 72401, USA",https://www.maipaithai.com/
Thai,Spice Girls Thai Street Food,"401 W Huntington Ave, Jonesboro, AR 72401, USA",
Tunisian,Moun Of Tunis Restaurant,"7445 1/2 Sunset Blvd, Los Angeles, CA 90046, USA",http://www.mounoftunis.com/index.html
Ukrainian,Ukrainian Cuisine restaurant,"31811 WA-706, Ashford, WA 98304, USA",https://paradisevillagelodge.com/amenities/restaurant/
Venezuelan,Sabor Caribe,"662 Madison Ave, Memphis, TN 38103, USA",http://www.saborcaribememphis.com/
Vietnamese,Vietnam Restaurant,"74 N Cleveland St, Memphis, TN 38104, USA",
Vietnamese,Tuyen's Asian Bistro,"288 N Cleveland St, Memphis, TN 38104, USA",
Vietnamese,Pho House,"1278 Jefferson Ave, Memphis, TN 38104, USA",https://m.facebook.com/PhoHouseRestaruant/
Vietnamese,Saigon Craft Foods,"1918 Aggie Rd, Jonesboro, AR 72401, USA",
Vietnamese,Pho Long,"8435 Olive Blvd, St. Louis, MO 63132, USA",http://www.facebook.com/pholongstl
Vietnamese,Vien Dong Restaurant,"304 N Cleveland St, Memphis, TN 38104, USA",
Yemeni,مطعم صنعاء Sana'a Restaurant Yemeni Cuisine,"13277 Michigan Ave, Dearborn, MI 48126, USA",
Zimbabwean,House of Jollof,"503 Paul Ave, Florissant, MO 63031, USA",http://www.myhouseofjollof.com/
