Cuisine Type,Name,Address,Website
Mexican,Vallarta Mexican Restaurant,"23 Legion St, Ringgold, GA 30736, USA",https://m.facebook.com/Vallarta-Ringgold-981263375375384/
Mexican,El Cactus Mexican Grille,"90 Battlefield Station Drive, Ringgold, GA 30736, USA",
Mexican,EL TRIO #2,"6979 Nashville St, Ringgold, GA 30736, USA",http://www.eltriomr.com/
Mexican,El Agave 3,"4793 Battlefield Pkwy, Ringgold, GA 30736, USA",https://elagavemexican.org/
Mexican,Fiesta Mexicana Restaurant,"110 Kristin Dr, Ringgold, GA 30736, USA",https://fiestamexonline.getbento.com/online-ordering/fiesta-mexicana-ringgold-ga/menu
Mexican,El Matador | Mexican Restaurant,"2233 Lafayette Rd, Fort Oglethorpe, GA 30742, USA",
Mexican,Los Maguey Mexican Restaurant,"101 Cottonwood Mill Rd, Tunnel Hill, GA 30755, USA",
Mexican,Los Charros,"8019 US Hwy 27, Rock Spring, GA 30739, USA",https://www.loscharrosrockspring.com/
Mexican,Taco Bell,"5422 Alabama Hwy, Ringgold, GA 30736, USA",https://locations.tacobell.com/ga/ringgold/5422-alabama-hwy.html?utm_source=yext&utm_campaign=googlelistings&utm_medium=referral&utm_term=029030&utm_content=website&y_source=1_MzkxNzE1Mi03MTUtbG9jYXRpb24ud2Vic2l0ZQ%3D%3D
Mexican,Corazon de Mexico,"2681 Battlefield Pkwy, Fort Oglethorpe, GA 30742, USA",http://corazoncuisine.com/
Mexican,Los Potros Mexican Restaurant (East Ridge),"5611 Ringgold Rd, East Ridge, TN 37412, USA",https://irizarrym03.wixsite.com/lospotrosofficial
Mexican,Burrito Wings Mexican Grill,"1849 Battlefield Pkwy, Fort Oglethorpe, GA 30742, USA",https://burritowingsmexicangrillga.com/
Mexican,Don Juan Taqueria Mexicana,"6016 Ringgold Rd, East Ridge, TN 37412, USA",
Mexican,Chipotle Mexican Grill,"2989 Battlefield Pkwy, Fort Oglethorpe, GA 30742, USA",https://locations.chipotle.com/ga/fort-oglethorpe/2989-battlefield-pkwy?utm_source=google&utm_medium=yext&utm_campaign=yext_listings
Mexican,Taco Bell,"15 Major James Clark Gordon Dr, Chickamauga, GA 30707, USA",https://locations.tacobell.com/ga/chickamauga/15-major-james-clark-gordon-dr.html?utm_source=yext&utm_campaign=googlelistings&utm_medium=referral&utm_term=029064&utm_content=website&y_source=1_MzkxNjc2MC03MTUtbG9jYXRpb24ud2Vic2l0ZQ%3D%3D
Mexican,Taco Bell,"3022 Battlefield Pkwy, Fort Oglethorpe, GA 30742, USA",https://locations.tacobell.com/ga/fort-oglethorpe/3022-battlefield-parkway.html?utm_source=yext&utm_campaign=googlelistings&utm_medium=referral&utm_term=029045&utm_content=website&y_source=1_MzkxNjk3Mi03MTUtbG9jYXRpb24ud2Vic2l0ZQ%3D%3D
Mexican,Taqueria Azteca,"3920 Ringgold Rd, Chattanooga, TN 37412, USA",http://ordertaqueriaazteca.com/
Mexican,Del Taco,"564 Battlefield Pkwy, Fort Oglethorpe, GA 30742, USA",https://locations.deltaco.com/us/ga/fort-oglethorpe/564-battlefield-parkway?utm_source=G&utm_medium=local&utm_campaign=google-local
Mexican,Amigo Mexican Restaurant,"3805 Ringgold Rd, East Ridge, TN 37412, USA",http://amigomexicanrestaurant.online/
Mexican,Aunt Effie's Restaurant,"7808 Nashville St, Ringgold, GA 30736, USA",
Swedish,Spencer B's BBQ,"6581 US-41, Ringgold, GA 30736, USA",https://m.facebook.com/welikepigbutts/
Latvian,Logan's Roadhouse,"2584 Battlefield Pkwy, Fort Oglethorpe, GA 30742, USA",https://logansroadhouse.com/locations/us/ga/ft-oglethorpe/2584-battlefield-parkway/
Italian,Rafael's Pizzeria & Italian Restaurant,"7859 Nashville St, Ringgold, GA 30736, USA",
Italian,Fazoli's,"3016 Battlefield Pkwy, Fort Oglethorpe, GA 30742, USA",https://locations.fazolis.com/ga/fort-oglethorpe/3016-battlefield-parkway.html?utm_source=yext+GMB&utm_medium=local&utm_campaign=website&y_source=1_MzExNzAzNC03MTUtbG9jYXRpb24ud2Vic2l0ZQ%3D%3D
Spanish,Vallarta Mexican Restaurant,"23 Legion St, Ringgold, GA 30736, USA",https://m.facebook.com/Vallarta-Ringgold-981263375375384/
Spanish,EL TRIO #2,"6979 Nashville St, Ringgold, GA 30736, USA",http://www.eltriomr.com/
Spanish,El Cactus Mexican Grille,"90 Battlefield Station Drive, Ringgold, GA 30736, USA",
Spanish,El Agave 3,"4793 Battlefield Pkwy, Ringgold, GA 30736, USA",https://elagavemexican.org/
Spanish,El Matador | Mexican Restaurant,"2233 Lafayette Rd, Fort Oglethorpe, GA 30742, USA",
Spanish,Corazon de Mexico,"2681 Battlefield Pkwy, Fort Oglethorpe, GA 30742, USA",http://corazoncuisine.com/
Spanish,Los Maguey Mexican Restaurant,"101 Cottonwood Mill Rd, Tunnel Hill, GA 30755, USA",
Spanish,Los Charros,"8019 US Hwy 27, Rock Spring, GA 30739, USA",https://www.loscharrosrockspring.com/
Spanish,Pam's Place,"906 Lafayette St, Ringgold, GA 30736, USA",http://pamsplacega.com/
Spanish,El Sueño Mexican Restaurant #2,"3957 Cleveland Hwy, Dalton, GA 30721, USA",https://elsuenomexicanrestaurant2.com/
Spanish,Aunt Effie's Restaurant,"7808 Nashville St, Ringgold, GA 30736, USA",
Spanish,Fiesta Mexicana Restaurant,"110 Kristin Dr, Ringgold, GA 30736, USA",https://fiestamexonline.getbento.com/online-ordering/fiesta-mexicana-ringgold-ga/menu
Spanish,Taco Bell,"5422 Alabama Hwy, Ringgold, GA 30736, USA",https://locations.tacobell.com/ga/ringgold/5422-alabama-hwy.html?utm_source=yext&utm_campaign=googlelistings&utm_medium=referral&utm_term=029030&utm_content=website&y_source=1_MzkxNzE1Mi03MTUtbG9jYXRpb24ud2Vic2l0ZQ%3D%3D
Spanish,Don Juan Taqueria Mexicana,"6016 Ringgold Rd, East Ridge, TN 37412, USA",
Spanish,Burrito Wings Mexican Grill,"1849 Battlefield Pkwy, Fort Oglethorpe, GA 30742, USA",https://burritowingsmexicangrillga.com/
Spanish,Mas Tequila Bar And Grill,"4134 Ringgold Rd, Chattanooga, TN 37412, USA",https://www.cocktailbarchattanooga.com/
Spanish,Los Potros Mexican Restaurant (East Ridge),"5611 Ringgold Rd, East Ridge, TN 37412, USA",https://irizarrym03.wixsite.com/lospotrosofficial
Spanish,La Altena Mexican Restaurant Chattanooga Inc,"8644 E Brainerd Rd, Chattanooga, TN 37421, USA",https://www.laaltenatn.com/home
Spanish,Los Pablos Mexican Restaurant,"2204 Chattanooga Rd, Dalton, GA 30720, USA",
Spanish,Flako's Mexican Restaurant,"2311 Chattanooga Rd, Dalton, GA 30720, USA",https://flakosmexicanrestaurantga.com/
American,Farm To Fork,"120 General Lee Dr, Ringgold, GA 30736, USA",https://farmtoforkga.com/
American,Aunt Effie's Restaurant,"7808 Nashville St, Ringgold, GA 30736, USA",
American,Jefferson's,"86 Tennessee St, Ringgold, GA 30736, USA",https://jeffersons.com/?utm_source=gmb&utm_medium=Yext
American,Greg's Restaurant,"12560 US Hwy 27, Chickamauga, GA 30707, USA",http://gregsrestaurant.com/
American,Cracker Barrel Old Country Store,"50 Biscuit Way, Ringgold, GA 30736, USA",https://www.crackerbarrel.com/Locations/States/ga/ringgold/562/?utm_source=google&utm_medium=maps&utm_campaign=crackerbarrelurl
American,Park Place Restaurant,"2891 Lafayette Rd, Fort Oglethorpe, GA 30742, USA",https://www.parkplacerestaurant.biz/
American,Baby Hughy's Restaurant,"715 N Varnell Rd, Tunnel Hill, GA 30755, USA",http://babyhughys.com/
American,Bailey's Bar-B-Que,"5540 US-41, Ringgold, GA 30736, USA",https://baileysbbq.com/menu
American,Wanda's Restaurant,"20 Pin Oak Dr, Rock Spring, GA 30739, USA",https://www.facebook.com/Wandas-Restaurant-187974417898058/
American,Choo Choo Bar-B-Que,"1670 Old Mill Rd, Ringgold, GA 30736, USA",
American,O'Charley's Restaurant & Bar,"2542 Battlefield Pkwy, Fort Oglethorpe, GA 30742, USA",https://www.ocharleys.com/
American,Cheddar's Scratch Kitchen,"2014 Gunbarrel Rd, Chattanooga, TN 37421, USA",https://www.cheddars.com/locations/tn/chattanooga/chattanooga/2165?cmpid=br:csk_ag:ie_ch:loc_ca:CSKGMB_sn:gmb_gt:chattanooga-tn-2165_pl:locurl_rd:1137
American,Krystal,"5703 Alabama Hwy, Ringgold, GA 30736, USA",https://locations.krystal.com/ga/ringgold/5703-alabama-hwy?y_source=1_MjkzNjUxNS01NTktbG9jYXRpb24ud2Vic2l0ZQ%3D%3D
American,Logan's Roadhouse,"2584 Battlefield Pkwy, Fort Oglethorpe, GA 30742, USA",https://logansroadhouse.com/locations/us/ga/ft-oglethorpe/2584-battlefield-parkway/
American,Spencer B's BBQ,"6581 US-41, Ringgold, GA 30736, USA",https://m.facebook.com/welikepigbutts/
American,Smokey Bones Chattanooga,"2225 Gunbarrel Rd, Chattanooga, TN 37421, USA",https://locations.smokeybones.com/smokey-bones-e7656813ab93?y_source=1_MTM4MTc3MDEtNzE1LWxvY2F0aW9uLndlYnNpdGU%3D
American,Burger Den,"2620 Chattanooga Rd, Rocky Face, GA 30740, USA",
American,Armando's Restaurant,"1105 Lafayette Rd, Rossville, GA 30741, USA",http://armandos-rossville.poi.place/
American,Local Goat - New American Restaurant Ooltewah,"6108 Artesian Cir, Ooltewah, TN 37363, USA",https://www.localgoatpf.com/
American,75 Cafe,"400 Direct Connection Dr, Rossville, GA 30741, USA",
Scottish,Spencer B's BBQ,"6581 US-41, Ringgold, GA 30736, USA",https://m.facebook.com/welikepigbutts/
British,Logan's Roadhouse,"2584 Battlefield Pkwy, Fort Oglethorpe, GA 30742, USA",https://logansroadhouse.com/locations/us/ga/ft-oglethorpe/2584-battlefield-parkway/
Thai,Baan Thai,"33 Legion St, Ringgold, GA 30736, USA",https://www.facebook.com/TOJNO.2
Thai,Thai Garden,"Battlefield Pkwy, Fort Oglethorpe, GA 30742, USA",
Japanese,Kobe Hibachi & Sushi,"2603 Battlefield Pkwy, Fort Oglethorpe, GA 30742, USA",https://kobefortga.kwickmenu.com/
Japanese,Mango Sushi Bar & Grill,"98 Battlefield Station Drive, Fort Oglethorpe, GA 30742, USA",http://mango-sushi.com/
Japanese,Soho Hibachi,"1022 Battlefield Pkwy, Fort Oglethorpe, GA 30742, USA",
Japanese,Seasons Hibachi,"56 Battlefield Station Dr, Fort Oglethorpe, GA 30742, USA",https://www.seasonshibachiftoglethorpe.com/fvxwg3no/restaurant/order-online
Japanese,Teriyaki of Japan,"3992 Ringgold Rd #102, Chattanooga, TN 37412, USA",https://teriyakiofjapantn.com/
Japanese,Haiku Hibachi,"5318 Ringgold Rd, Chattanooga, TN 37412, USA",https://www.haikuhibachi.com/
Japanese,TAO ASIAN CUISINE,"114 Remco Shops Ln, Ringgold, GA 30736, USA",https://taoasiancuisine.kwickmenu.com/
Japanese,Baan Thai,"33 Legion St, Ringgold, GA 30736, USA",https://www.facebook.com/TOJNO.2
Japanese,Fuji Steak & Sushi Tennessee,"2207 Overnite Dr, Chattanooga, TN 37421, USA",http://www.fujichattanooga.com/
Japanese,Kumo Hibachi & Sushi,"1277 N Glenwood Ave, Dalton, GA 30721, USA",http://kumohibachidaltonga.com/
Japanese,Hana Steak & Sushi,"2200 Hamilton Pl Blvd, Chattanooga, TN 37421, USA",
Japanese,"100 Hibachi & Sushi, East Brainerd","8021 E Brainerd Rd #107, Chattanooga, TN 37421, USA",https://taste100.com/
Japanese,Oki Hibachi Plus,"1304 W Walnut Ave, Dalton, GA 30720, USA",http://okihibachiplus.com/
Japanese,Kumo Hibachi & Sushi,"6025 E Brainerd Rd #104, Chattanooga, TN 37421, USA",https://www.kumochattanooga.com/
Japanese,Seasons Hibachi & Sushi,"785 Shugart Rd #9a, Dalton, GA 30720, USA",https://www.seasonsdalton.com/
Japanese,"Volcano Express (Hibachi, Sushi & Wings)","7019 Shallowford Rd, Chattanooga, TN 37421, USA",http://volcanoatl.com/
Japanese,Sake Roll & Grill,"5621 Brainerd Rd, Chattanooga, TN 37411, USA",https://www.sakerollgrill.com/
Japanese,Sarku Japan,"2100 Hamilton Pl Blvd Space 310, Chattanooga, TN 37421, USA",https://www.sarkujapan.com/
Japanese,Hibachi & Wings: Asian Street Eats & Boba Tea,"6933 Lee Hwy Ste. 901, Chattanooga, TN 37421, USA",http://hibachiandwingstn.com/
Japanese,Sushi City,"6921 Lee Hwy, Chattanooga, TN 37421, USA",https://sushicitychattanooga.kwickmenu.com/index.php
Chinese,New China,"69 Poplar Springs Rd, Ringgold, GA 30736, USA",https://newchinaringgold.com/
Chinese,TAO ASIAN CUISINE,"114 Remco Shops Ln, Ringgold, GA 30736, USA",https://taoasiancuisine.kwickmenu.com/
Chinese,Ming Moon | Chinese Restaurant,"2467 Lafayette Rd, Fort Oglethorpe, GA 30742, USA",https://www.mingmoon.com/
Chinese,Panda Express,"1125 Battlefield Pkwy, Fort Oglethorpe, GA 30742, USA",https://www.pandaexpress.com/locations/ga/fort-oglethorpe/3303
Chinese,Great Wall Chinese Restaurant,"13311 US Hwy 27, Chickamauga, GA 30707, USA",https://www.newgreatwallga.com/
Indian,Apna Kitchen,"5908 Ringgold Rd, Chattanooga, TN 37412, USA",
Indian,India Mahal Restaurant,"5970 E Brainerd Rd, Chattanooga, TN 37421, USA",
Indian,Curry Pot - Taste Of India,"9408 Apison Pike. # 142 Next to tractor supply in four corners collegedale, Between habitat for humanity and Lospatros, Ooltewah, TN 37363, USA",https://currypottn.com/
Indian,SITAR INDIAN RESTAURANT,"6231 Perimeter Dr, Chattanooga, TN 37421, USA",http://www.sitarchattanooga.com/
Indian,Dosa Hut,"6940 Lee Hwy #105, Chattanooga, TN 37421, USA",https://www.dosahutchattanooga.com/
Indian,Farm To Fork,"120 General Lee Dr, Ringgold, GA 30736, USA",https://farmtoforkga.com/
Indian,KD’S HOME KITCHEN,"4653 Ardmore Dr #208, Ooltewah, TN 37363, USA",https://www.instagram.com/kds_home_kitchen?igsh=bHYzazluaGk1Ymxj&utm_source=qr
Indian,The LimiT Bar & Grill,"61 RBC Dr, Ringgold, GA 30736, USA",https://www.facebook.com/profile.php?id=100092730410247&mibextid=LQQJ4d
Indian,Thatcher's Barbecue & Grill,"2929 US-41, Ringgold, GA 30736, USA",http://thatchersbbq.com/
Indian,Krystal,"5703 Alabama Hwy, Ringgold, GA 30736, USA",https://locations.krystal.com/ga/ringgold/5703-alabama-hwy?y_source=1_MjkzNjUxNS01NTktbG9jYXRpb24ud2Vic2l0ZQ%3D%3D
Indian,Native Kitchen,"INSIDE) The Mill at Crown Garden, 825 Chattanooga Ave, Dalton, GA 30720, USA",https://www.nativekitchendalton.com/
Indian,Spencer B's BBQ,"6581 US-41, Ringgold, GA 30736, USA",https://m.facebook.com/welikepigbutts/
Indian,Sizzling Spices,"106 Arnold Mill Rd Ste A-1, Woodstock, GA 30188, USA",https://sizzlingspiceswoodstock.com/
Indian,Thai Garden,"Battlefield Pkwy, Fort Oglethorpe, GA 30742, USA",
Indian,KD’S HOME KITCHEN,"4653 Ardmore Dr #208, Ooltewah, TN 37363, USA",https://qr.link/Bvu4Sk
Indian,Taj Mahal Grill,"1200 Ernest W Barrett Pkwy NW #236, Kennesaw, GA 30144, USA",https://tajmahalgrill.com/
Indian,Kabob-ster,"1408 Gunbarrel Rd #111, Chattanooga, TN 37421, USA",http://kabob-ster.com/
Canadian,Farm To Fork,"120 General Lee Dr, Ringgold, GA 30736, USA",https://farmtoforkga.com/
Russian,Sanctuary Restaurant And TeaRoom,"4097 Cloud Springs Rd, Ringgold, GA 30736, USA",http://chattmercantile.com/
Jewish,Arby's,"2392 Lafayette Rd, Fort Oglethorpe, GA 30742, USA",https://locations.arbys.com/ga/fortoglethorpe/2392-lafayette-rd.html?utm_source=google%20my%20business&utm_medium=organic&utm_campaign=website%20link
Polish,Logan's Roadhouse,"2584 Battlefield Pkwy, Fort Oglethorpe, GA 30742, USA",https://logansroadhouse.com/locations/us/ga/ft-oglethorpe/2584-battlefield-parkway/
German,Spencer B's BBQ,"6581 US-41, Ringgold, GA 30736, USA",https://m.facebook.com/welikepigbutts/
German,Bodensee,"64 Munich Strasse, Helen, GA 30545, USA",http://www.bodenseerestaurant.com/
German,Hofbrauhaus Restaurant,"9001 N Main St, Helen, GA 30545, USA",https://www.hofbrauhaushelenga.net/
German,Reens' Bratzeit & Biergarten,"77 Memorial Dr # A, Dahlonega, GA 30533, USA",
German,Logan's Roadhouse,"2584 Battlefield Pkwy, Fort Oglethorpe, GA 30742, USA",https://logansroadhouse.com/locations/us/ga/ft-oglethorpe/2584-battlefield-parkway/
German,Gasthaus Tirol,"310 Atlanta Rd, Cumming, GA 30040, USA",http://www.gasthaus-cumming.com/
German,Buffalo Wild Wings,"37 Parkway Dr, Fort Oglethorpe, GA 30742, USA",https://www.buffalowildwings.com/locations/us/ga/fort-oglethorpe/37-parkway-dr/sports-bar-1443?utm_source=google%20my%20business&utm_medium=organic&utm_campaign=website%20link
German,Ritz Beer & Grill,"2519 GA-136, LaFayette, GA 30728, USA",
German,Hardee’s,"5486 Alabama Hwy, Ringgold, GA 30736, USA",https://locations.hardees.com/ga/ringgold/5486-alabama-hwy?utm_source=yext&utm_medium=gmb-button&utm_campaign=search&utm_content=website&y_source=1_MTIzODk3NDYtNzE1LWxvY2F0aW9uLndlYnNpdGU=
German,Fame Kennels & Training Academy,"644 N Beaumont Rd, Ringgold, GA 30736, USA",http://www.famekennels.com/
German,Der Biergarten,"300 Marietta St NW, Atlanta, GA 30313, USA",http://www.derbiergarten.com/
German,Panera Bread,"2620 Battlefield Pkwy, Fort Oglethorpe, GA 30742, USA",https://www.panerabread.com/en-us/cafe/locations/ga/fort-oglethorpe/2620-battlefield-parkway?utm_medium=local&utm_source=google&utm_campaign=dpm-dist&utm_term=202610&utm_content=main
German,Muller's Famous Fried Cheese Cafe,"60 Chattahoochee Strasse, Helen, GA 30545, USA",http://www.mullerscafe.com/
German,The Filling Station,"316 N Hamilton St, Dalton, GA 30720, USA",http://thefillingstation.biz/
German,King Ludwig Biergarten,"8660 N Main St, Helen, GA 30545, USA",https://m.facebook.com/pages/category/Beer-Garden/King-Ludwigs-Biergarten-131142726964367/
German,Haus Heidelberg German Restaurant,"630 Greenville Hwy, Hendersonville, NC 28792, USA",http://hausheidelberg.com/
German,Volcano Korean BBQ & Hot Pot,"2011 Gunbarrel Rd, Chattanooga, TN 37421, USA",https://www.volcanoatl.com/korean-bbq
German,Cold Creek At North Oaks,"101 N Oak Dr #1, Dalton, GA 30721, USA",https://coldcreekdaltonga.com/
German,Herman's Soul Food & Catering,"3821 Brainerd Rd, Chattanooga, TN 37411, USA",http://www.hermanssoulfood.com/
German,Oakwood Cafe,"201 W Cuyler St, Dalton, GA 30720, USA",http://www.oakwoodcafe.net/
French,Sanctuary Restaurant And TeaRoom,"4097 Cloud Springs Rd, Ringgold, GA 30736, USA",http://chattmercantile.com/
French,Aunt Effie's Restaurant,"7808 Nashville St, Ringgold, GA 30736, USA",
French,Farm To Fork,"120 General Lee Dr, Ringgold, GA 30736, USA",https://farmtoforkga.com/
French,Rafael's Pizzeria & Italian Restaurant,"7859 Nashville St, Ringgold, GA 30736, USA",
French,Park Place Restaurant,"2891 Lafayette Rd, Fort Oglethorpe, GA 30742, USA",https://www.parkplacerestaurant.biz/
French,Cracker Barrel Old Country Store,"50 Biscuit Way, Ringgold, GA 30736, USA",https://www.crackerbarrel.com/Locations/States/ga/ringgold/562/?utm_source=google&utm_medium=maps&utm_campaign=crackerbarrelurl
French,Baan Thai,"33 Legion St, Ringgold, GA 30736, USA",https://www.facebook.com/TOJNO.2
French,Jefferson's,"86 Tennessee St, Ringgold, GA 30736, USA",https://jeffersons.com/?utm_source=gmb&utm_medium=Yext
French,Aunt M,"11418 US-41, Ringgold, GA 30736, USA",
French,Bojangles,"5861 Alabama Hwy, Ringgold, GA 30736, USA",https://locations.bojangles.com/ga/ringgold/5861-alabama-highway.html
French,K Kitchen,"11418 US-41, Ringgold, GA 30736, USA",https://www.circlek.com/store-locator/US/ringgold/11418-hwy-41/2723622?utm_source=google&utm_medium=local&utm_campaign=google-local
French,Choo Choo Bar-B-Que,"1670 Old Mill Rd, Ringgold, GA 30736, USA",
French,KFC,"5387 Alabama Hwy, Ringgold, GA 30736, USA",https://locations.kfc.com/ga/ringgold/5387-alabama-highway
French,O'Charley's Restaurant & Bar,"2542 Battlefield Pkwy, Fort Oglethorpe, GA 30742, USA",https://www.ocharleys.com/
French,Spencer B's BBQ,"6581 US-41, Ringgold, GA 30736, USA",https://m.facebook.com/welikepigbutts/
French,Waffle House,"5411 Alabama Hwy, Ringgold, GA 30736, USA",https://locations.wafflehouse.com/ringgold-ga-554
French,Vallarta Mexican Restaurant,"23 Legion St, Ringgold, GA 30736, USA",https://m.facebook.com/Vallarta-Ringgold-981263375375384/
French,Pam's Place,"906 Lafayette St, Ringgold, GA 30736, USA",http://pamsplacega.com/
French,Northwest Georgia SIT-N-SIP,"697 Battlefield Pkwy, Fort Oglethorpe, GA 30742, USA",
French,Hardee’s,"5486 Alabama Hwy, Ringgold, GA 30736, USA",https://locations.hardees.com/ga/ringgold/5486-alabama-hwy?utm_source=yext&utm_medium=gmb-button&utm_campaign=search&utm_content=website&y_source=1_MTIzODk3NDYtNzE1LWxvY2F0aW9uLndlYnNpdGU=
Hawaiian,Sanctuary Restaurant And TeaRoom,"4097 Cloud Springs Rd, Ringgold, GA 30736, USA",http://chattmercantile.com/
Brazilian,Rodizio Grill Chattanooga Hamilton Place,"2100 Hamilton Pl Blvd #201, Chattanooga, TN 37421, USA",https://www.rodiziogrill.com/chattanoogahamiltonplace/
Brazilian,Rodizio Grill Brazilian Steakhouse Chattanooga Downtown,"439 Broad St, Chattanooga, TN 37402, USA",https://www.rodiziogrill.com/chattanoogadowntown/
Brazilian,Logan's Roadhouse,"2584 Battlefield Pkwy, Fort Oglethorpe, GA 30742, USA",https://logansroadhouse.com/locations/us/ga/ft-oglethorpe/2584-battlefield-parkway/
Peruvian,Aji Peruvian Restaurant,"5035 Ooltewah Ringgold Rd #123, Collegedale, TN 37363, USA",https://www.facebook.com/AjiPeruvianRestaurant/
Salvadorian,Pupuseria Marelyn,"3992 Ringgold Rd, Chattanooga, TN 37412, USA",https://pupuseriamarelyntn.com/
Salvadorian,La Curva,"904 Riverbend Rd, Dalton, GA 30721, USA",http://la-curva-dalton.keeq.io/
Salvadorian,La Bendicion - Pupuseria Salvadorena,"307 Smith Industrial Blvd, Dalton, GA 30721, USA",
Salvadorian,La Curva 2,"1218 N Thornton Ave, Dalton, GA 30720, USA",
Cuban,Beni’s Cubano Chattanooga,"2100 Hamilton Pl Blvd #303, Chattanooga, TN 37421, USA",https://benicubano.com/
Tibetan,Spencer B's BBQ,"6581 US-41, Ringgold, GA 30736, USA",https://m.facebook.com/welikepigbutts/
Egyptian,Epicurean Restaurant,"4301 Ringgold Rd, Chattanooga, TN 37412, USA",http://www.theepicureanrestaurant.com/
Greek,Taziki's Mediterranean Cafe - Gunbarrel,"2020 Gunbarrel Rd Suite 120, Chattanooga, TN 37421, USA",https://www.tazikis.com/location/gunbarrel-road/
Greek,Portofino's Greek and Italian Restaurant,"6511 Ringgold Rd, East Ridge, TN 37412, USA",http://www.portofinoschatt.com/
Greek,Acropolis Grill,"2213 Hamilton Pl Blvd, Chattanooga, TN 37421, USA",http://acropolisgrill.com/
Greek,Epicurean Restaurant,"4301 Ringgold Rd, Chattanooga, TN 37412, USA",http://www.theepicureanrestaurant.com/
Greek,Café Ostro,"240 N Hamilton St, Dalton, GA 30720, USA",https://www.cafeostro.com/
Greek,Farm To Fork,"120 General Lee Dr, Ringgold, GA 30736, USA",https://farmtoforkga.com/
Greek,Rafael's Pizzeria & Italian Restaurant,"7859 Nashville St, Ringgold, GA 30736, USA",
Greek,Kabob-ster,"1408 Gunbarrel Rd #111, Chattanooga, TN 37421, USA",http://kabob-ster.com/
Greek,Park Place Restaurant,"2891 Lafayette Rd, Fort Oglethorpe, GA 30742, USA",https://www.parkplacerestaurant.biz/
Greek,Arby's,"66 Poplar Springs Rd, Ringgold, GA 30736, USA",https://locations.arbys.com/ga/ringgold/66-poplar-springs-rd.html?utm_source=google%20my%20business&utm_medium=organic&utm_campaign=website%20link
Greek,Domino's Pizza,"5875 GA-151, Ringgold, GA 30736, USA",https://www.dominos.com/en/?utm_source=google&utm_medium=loclist&utm_campaign=localmaps
Greek,Arby's,"2392 Lafayette Rd, Fort Oglethorpe, GA 30742, USA",https://locations.arbys.com/ga/fortoglethorpe/2392-lafayette-rd.html?utm_source=google%20my%20business&utm_medium=organic&utm_campaign=website%20link
Greek,Fazoli's,"3016 Battlefield Pkwy, Fort Oglethorpe, GA 30742, USA",https://locations.fazolis.com/ga/fort-oglethorpe/3016-battlefield-parkway.html?utm_source=yext+GMB&utm_medium=local&utm_campaign=website&y_source=1_MzExNzAzNC03MTUtbG9jYXRpb24ud2Vic2l0ZQ%3D%3D
Greek,Zaxby's Chicken Fingers & Buffalo Wings,"6456 Alabama Hwy, Ringgold, GA 30736, USA",https://www.zaxbys.com/locations/ga/ringgold/6456-alabama-highway/?utm_source=local&utm_medium=organic&utm_campaign=fb
Greek,Your Pie,"3809 Battlefield Pkwy, Ringgold, GA 30736, USA",https://yourpie.com/stores/fort-oglethorpe/
Belgian,Farm To Fork,"120 General Lee Dr, Ringgold, GA 30736, USA",https://farmtoforkga.com/
Belgian,Waffle House,"5411 Alabama Hwy, Ringgold, GA 30736, USA",https://locations.wafflehouse.com/ringgold-ga-554
Belgian,Wanda's Restaurant,"20 Pin Oak Dr, Rock Spring, GA 30739, USA",https://www.facebook.com/Wandas-Restaurant-187974417898058/
Belgian,Wimpie's Country Restaurant,"9826 Dayton Pike, Soddy-Daisy, TN 37379, USA",https://www.facebook.com/Wimpies-Country-Restaurant-203968792948414/
Belgian,STIR,"1444 Market St, Chattanooga, TN 37402, USA",http://www.stirchattanooga.com/
Belgian,Logan's Roadhouse,"2584 Battlefield Pkwy, Fort Oglethorpe, GA 30742, USA",https://logansroadhouse.com/locations/us/ga/ft-oglethorpe/2584-battlefield-parkway/
Belgian,1885 Grill,"3914 St Elmo Ave, Chattanooga, TN 37409, USA",http://1885grill.com/
Belgian,Tupelo Honey Southern Kitchen & Bar,"1110 Market St, Chattanooga, TN 37402, USA",https://tupelohoneycafe.com/?olonwp=z17TA_tz20aL5UmKf8LjMg
Belgian,Spencer B's BBQ,"6581 US-41, Ringgold, GA 30736, USA",https://m.facebook.com/welikepigbutts/
Belgian,Bea's Restaurant,"4500 Dodds Ave, Chattanooga, TN 37407, USA",https://www.beas1950.com/
Belgian,Ooltewah Whistle Stop,"5503 Main St, Collegedale, TN 37363, USA",https://www.ooltewahwhistlestop.com/
Belgian,Food Works,"205 Manufacturers Rd, Chattanooga, TN 37405, USA",http://www.foodworksrestaurant.com/
Belgian,Legion cafe,"540 Park City Rd, Rossville, GA 30741, USA",
Belgian,Cheddar's Scratch Kitchen,"2014 Gunbarrel Rd, Chattanooga, TN 37421, USA",https://www.cheddars.com/locations/tn/chattanooga/chattanooga/2165?cmpid=br:csk_ag:ie_ch:loc_ca:CSKGMB_sn:gmb_gt:chattanooga-tn-2165_pl:locurl_rd:1137
Belgian,Waffle House,"909 Battlefield Pkwy, Fort Oglethorpe, GA 30742, USA",https://locations.wafflehouse.com/ft.oglethorpe-ga-1053
Belgian,Waffle House,"6513 Ringgold Rd, East Ridge, TN 37412, USA",https://locations.wafflehouse.com/eastridge-tn-123
Belgian,The Lodge Eatery and Pub,"2036 South Miller Lane Suite D, Catoosa, OK 74015, USA",
Belgian,Fountainhead Taproom,"1617 Rossville Ave Unit 102, Chattanooga, TN 37408, USA",http://www.fountainheadtaproom.com/
Belgian,Oakwood Cafe,"201 W Cuyler St, Dalton, GA 30720, USA",http://www.oakwoodcafe.net/
Belgian,Basecamp Bar and Restaurant,"346 Frazier Ave, Chattanooga, TN 37405, USA",https://www.basecampcha.com/
Irish,Logan's Roadhouse,"2584 Battlefield Pkwy, Fort Oglethorpe, GA 30742, USA",https://logansroadhouse.com/locations/us/ga/ft-oglethorpe/2584-battlefield-parkway/
Irish,Spencer B's BBQ,"6581 US-41, Ringgold, GA 30736, USA",https://m.facebook.com/welikepigbutts/
Irish,Donovan's Irish Cobbler,"1025 Rose Creek Dr, Woodstock, GA 30189, USA",http://www.donovansirishcobbler.com/
Irish,Caffeine Addicts Coffee Shop & Cafe,"7819 Nashville St, Ringgold, GA 30736, USA",
Irish,Paddy's Irish Pub,"100 Tour De France, Braselton, GA 30517, USA",https://www.chateauelan.com/dining
Irish,Twin Peaks,"500 Camp Jordan Pkwy, Chattanooga, TN 37412, USA",https://twinpeaksrestaurant.com/locations/chattanooga
Irish,Olde Blind Dog Irish Pub,"12650 Crabapple Rd #100, Milton, GA 30004, USA",http://www.oldeblinddog.com/
Irish,Buffalo Wild Wings,"37 Parkway Dr, Fort Oglethorpe, GA 30742, USA",https://www.buffalowildwings.com/locations/us/ga/fort-oglethorpe/37-parkway-dr/sports-bar-1443?utm_source=google%20my%20business&utm_medium=organic&utm_campaign=website%20link
Irish,Northwest Georgia SIT-N-SIP,"697 Battlefield Pkwy, Fort Oglethorpe, GA 30742, USA",
Irish,Hardee’s,"5486 Alabama Hwy, Ringgold, GA 30736, USA",https://locations.hardees.com/ga/ringgold/5486-alabama-hwy?utm_source=yext&utm_medium=gmb-button&utm_campaign=search&utm_content=website&y_source=1_MTIzODk3NDYtNzE1LWxvY2F0aW9uLndlYnNpdGU=
Irish,Shenanigans,"87 N Chestatee St, Dahlonega, GA 30533, USA",http://theshenaniganspub.com/
Irish,Miller's Ale House,"2119 Gunbarrel Rd, Chattanooga, TN 37421, USA",https://millersalehouse.com/locations/chattanooga/?utm_source=gmb&utm_medium=organic
Irish,Bud's Sports Bar,"5751 Brainerd Rd, Chattanooga, TN 37411, USA",https://budssportsbar.com/
Irish,Drake's Chattanooga,"7338 McCutcheon Rd, Chattanooga, TN 37421, USA",https://drakescomeplay.com/chattanooga/
Irish,Johnnie MacCracken's Celtic Firehouse Pub,"15 Atlanta St SE, Marietta, GA 30060, USA",http://www.johnniemaccrackens.com/
Irish,Mac McGee,"936 Canton St, Roswell, GA 30076, USA",https://macmcgeepubs.com/
Irish,Crescent City Tavern,"324 S Depot St, Dalton, GA 30720, USA",http://www.crescentcitytavern.com/
Irish,Pub + Grill,"6459 GA-42 Suite 10, Rex, GA 30273, USA",http://toasttab.com/irish-pub-grill
Irish,Jason's Deli,"2115 Gunbarrel Rd, Chattanooga, TN 37421, USA",https://www.jasonsdeli.com/restaurants/chattanooga-deli
Irish,Acropolis Grill,"2213 Hamilton Pl Blvd, Chattanooga, TN 37421, USA",http://acropolisgrill.com/
Cajun,Farm To Fork,"120 General Lee Dr, Ringgold, GA 30736, USA",https://farmtoforkga.com/
Cajun,Jefferson's,"86 Tennessee St, Ringgold, GA 30736, USA",https://jeffersons.com/?utm_source=gmb&utm_medium=Yext
Cajun,Blue Orleans Seafood Restaurant - Cajun & Creole Cuisine,"1463 Market St, Chattanooga, TN 37402, USA",http://www.blueorleansdowntown.com/
Cajun,Pier 88 Boiling Seafood & Bar Chattanooga,"2288 Gunbarrel Rd #130, Chattanooga, TN 37421, USA",http://pier88seafood.com/
Cajun,Spencer B's BBQ,"6581 US-41, Ringgold, GA 30736, USA",https://m.facebook.com/welikepigbutts/
Cajun,The Juicy Crab Chattanooga,"2020 Gunbarrel Rd, Chattanooga, TN 37421, USA",https://www.thejuicycrab.com/?utm_source=google&utm_medium=Yext
Cajun,T-Johnny's Seafood and Cajun Market,"309 E Oak St, Coweta, OK 74429, USA",
Cajun,Champy’s,"6515 Ringgold Rd, Chattanooga, TN 37412, USA",https://champyschicken.com/
Cajun,Volcano Crab & Bar,"2342 Shallowford Village Dr, Chattanooga, TN 37421, USA",https://volcanocrab.com/
Cajun,Cajun Bones,"4803 Old National Hwy, Atlanta, GA 30337, USA",http://www.cajunbones.com/
Cajun,King Boiling seafood,"5210 Brainerd Rd #136, Chattanooga, TN 37411, USA",
Cajun,Uncle Larry's Catfish,"Chattanooga, TN 37411, USA",https://www.unclelarrysrestaurant.com/
Cajun,Nola girl Gumbo,"5659 Brainerd Rd, Chattanooga, TN 37411, USA",
Cajun,Bojangles,"5861 Alabama Hwy, Ringgold, GA 30736, USA",https://locations.bojangles.com/ga/ringgold/5861-alabama-highway.html
Cajun,Uncle Larry's Restaurant,"4850 TN-58 Suite 180, Chattanooga, TN 37416, USA",http://www.unclelarrysrestaurant.com/index.html
Cajun,Lakeshore Grille,"5600 Lake Resort Terrace UNIT 300, Chattanooga, TN 37415, USA",http://www.lakeshoregrille.com/
Cajun,Corazon de Mexico,"2681 Battlefield Pkwy, Fort Oglethorpe, GA 30742, USA",http://corazoncuisine.com/
Cajun,Uncle Larry’s,"8700 E Brainerd Rd, Chattanooga, TN 37421, USA",https://www.unclelarrysrestaurant.com/
Portuguese,Spencer B's BBQ,"6581 US-41, Ringgold, GA 30736, USA",https://m.facebook.com/welikepigbutts/
Portuguese,Logan's Roadhouse,"2584 Battlefield Pkwy, Fort Oglethorpe, GA 30742, USA",https://logansroadhouse.com/locations/us/ga/ft-oglethorpe/2584-battlefield-parkway/
Portuguese,Rodizio Grill Chattanooga Hamilton Place,"2100 Hamilton Pl Blvd #201, Chattanooga, TN 37421, USA",https://www.rodiziogrill.com/chattanoogahamiltonplace/
Portuguese,Porto Brasil Restaurant,"7887 Roswell Rd, Atlanta, GA 30350, USA",http://portobrasilrestaurant.com/
Portuguese,Rio Steakhouse and Bakery,"Buffet hours vary from business hours. Please call for any questions, 1275 Powers Ferry Rd ste 230, Marietta, GA 30067, USA",https://instagram.com/riosteakhousebakery?igshid=OGQ5ZDc2ODk2ZA==
Portuguese,Portuguese Tavern,"507 Crooks Ave, Clifton, NJ 07011, USA",http://theportuguesetavern.com/
Portuguese,Campozino Restaurant,"16 Ferry St, South River, NJ 08882, USA",https://www.campozinosr.com/
Portuguese,Buffalo Wild Wings,"37 Parkway Dr, Fort Oglethorpe, GA 30742, USA",https://www.buffalowildwings.com/locations/us/ga/fort-oglethorpe/37-parkway-dr/sports-bar-1443?utm_source=google%20my%20business&utm_medium=organic&utm_campaign=website%20link
Portuguese,Campino's Portuguese Restaurant,"218 Warren Ave, East Providence, RI 02914, USA",http://campinosrestaurant.weebly.com/
Portuguese,Minas Grill & Emporium,"2555 Delk Rd, Marietta, GA 30067, USA",http://www.minas-grill.com/
Portuguese,Elle's Cafe Asian Cuisine,"501 S Cherokee St, Catoosa, OK 74015, USA",http://elles-cafe-llc.square.site/
Portuguese,Hardee’s,"5486 Alabama Hwy, Ringgold, GA 30736, USA",https://locations.hardees.com/ga/ringgold/5486-alabama-hwy?utm_source=yext&utm_medium=gmb-button&utm_campaign=search&utm_content=website&y_source=1_MTIzODk3NDYtNzE1LWxvY2F0aW9uLndlYnNpdGU=
Portuguese,The Lodge Eatery and Pub,"2036 South Miller Lane Suite D, Catoosa, OK 74015, USA",
Portuguese,I Don't Care Bar And Grill Catoosa,"11015 E 590 Rd, Catoosa, OK 74015, USA",http://www.idontcarebarandgrill.com/
Portuguese,Assado Portuguese Steakhouse,"222 N Livingston Ave, Livingston, NJ 07039, USA",http://www.assadonj.com/
Portuguese,Dorethalicious Restaurant,"1626 E Broad Ave, Albany, GA 31705, USA",
Portuguese,McGill's on 19,"777 W Cherokee St, Catoosa, OK 74015, USA",https://www.hardrockcasinotulsa.com/dining/mcgills-on-19
Portuguese,Under The Cork Tree,"5600 Roswell Rd NE #230, Sandy Springs, GA 30342, USA",http://corktreerestaurant.com/
Portuguese,Carniceria Loa #1,"1125 Walnut Ave STE E, Dalton, GA 30721, USA",https://en.carniceriasloa.com/contact-us
Portuguese,Goldbergs Fine Foods - Battery Atlanta,"875 Battery Ave SE, Atlanta, GA 30339, USA",https://goldbergsfinefoods.com/
Turkish,Kabob-ster,"1408 Gunbarrel Rd #111, Chattanooga, TN 37421, USA",http://kabob-ster.com/
Haitian,Aunt Effie's Restaurant,"7808 Nashville St, Ringgold, GA 30736, USA",
Tahitian,Hardee’s,"5486 Alabama Hwy, Ringgold, GA 30736, USA",https://locations.hardees.com/ga/ringgold/5486-alabama-hwy?utm_source=yext&utm_medium=gmb-button&utm_campaign=search&utm_content=website&y_source=1_MTIzODk3NDYtNzE1LWxvY2F0aW9uLndlYnNpdGU=
Kenyan,Touray Kunda Cafe,"5134 Old National Hwy, College Park, GA 30349, USA",https://www.instagram.com/touraykundacafe/?hl=en
Korean,Seoul Restaurant,"6231 Perimeter Dr, Chattanooga, TN 37421, USA",
Korean,Volcano Korean BBQ & Hot Pot,"2011 Gunbarrel Rd, Chattanooga, TN 37421, USA",https://www.volcanoatl.com/korean-bbq
Korean,On the Rice,"8142 E Brainerd Rd #108, Chattanooga, TN 37421, USA",http://on-the-rice.square.site/
Korean,Korean Vietnamese,"Chattanooga, TN 37421, USA",
Korean,TAO ASIAN CUISINE,"114 Remco Shops Ln, Ringgold, GA 30736, USA",https://taoasiancuisine.kwickmenu.com/
Korean,Kim K's,"2109 McCallie Ave, Chattanooga, TN 37404, USA",
Korean,Hansik Korean BBQ,"966 N Tennessee St, Cartersville, GA 30120, USA",
Korean,"Chopstix: Vietnamese, Korean, And Boba Tea","6903 Lee Hwy, Chattanooga, TN 37421, USA",https://www.facebook.com/chopstixvietbistro/
Korean,Cart & Seoul,"67 Sanford Ln, Flintstone, GA 30725, USA",https://www.facebook.com/CartandSeoul
Algerian,Logan's Roadhouse,"2584 Battlefield Pkwy, Fort Oglethorpe, GA 30742, USA",https://logansroadhouse.com/locations/us/ga/ft-oglethorpe/2584-battlefield-parkway/
Nigerian,African Delights restaurant,"185 Veterans Memorial Hwy SE, Mableton, GA 30126, USA",
Libyan,Spencer B's BBQ,"6581 US-41, Ringgold, GA 30736, USA",https://m.facebook.com/welikepigbutts/
Moroccan,Imperial Fez Mediterranean Restaurant & Lounge,"4790 Peachtree Industrial Blvd Ste 204, Berkeley Lake, GA 30071, USA",https://imperialfezrestaurant.com/
Lebanese,Taziki's Mediterranean Cafe - Gunbarrel,"2020 Gunbarrel Rd Suite 120, Chattanooga, TN 37421, USA",https://www.tazikis.com/location/gunbarrel-road/
Lebanese,Kabob-ster,"1408 Gunbarrel Rd #111, Chattanooga, TN 37421, USA",http://kabob-ster.com/
Lebanese,Epicurean Restaurant,"4301 Ringgold Rd, Chattanooga, TN 37412, USA",http://www.theepicureanrestaurant.com/
Lebanese,Café Ostro,"240 N Hamilton St, Dalton, GA 30720, USA",https://www.cafeostro.com/
Lebanese,Acropolis Grill,"2213 Hamilton Pl Blvd, Chattanooga, TN 37421, USA",http://acropolisgrill.com/
Lebanese,Panera Bread,"2620 Battlefield Pkwy, Fort Oglethorpe, GA 30742, USA",https://www.panerabread.com/en-us/cafe/locations/ga/fort-oglethorpe/2620-battlefield-parkway?utm_medium=local&utm_source=google&utm_campaign=dpm-dist&utm_term=202610&utm_content=main
Lebanese,Portofino's Greek and Italian Restaurant,"6511 Ringgold Rd, East Ridge, TN 37412, USA",http://www.portofinoschatt.com/
Lebanese,Arby's,"66 Poplar Springs Rd, Ringgold, GA 30736, USA",https://locations.arbys.com/ga/ringgold/66-poplar-springs-rd.html?utm_source=google%20my%20business&utm_medium=organic&utm_campaign=website%20link
Lebanese,Zaxby's Chicken Fingers & Buffalo Wings,"6456 Alabama Hwy, Ringgold, GA 30736, USA",https://www.zaxbys.com/locations/ga/ringgold/6456-alabama-highway/?utm_source=local&utm_medium=organic&utm_campaign=fb
Lebanese,Arby's,"2392 Lafayette Rd, Fort Oglethorpe, GA 30742, USA",https://locations.arbys.com/ga/fortoglethorpe/2392-lafayette-rd.html?utm_source=google%20my%20business&utm_medium=organic&utm_campaign=website%20link
Lebanese,Zakia Modern Lebanese Restaurant,"3699 Lenox Rd NE Ste 3, Atlanta, GA 30305, USA",http://www.zakiarestaurant.com/
Lebanese,Newk's Eatery,"2380 Lifestyle Way #135, Chattanooga, TN 37421, USA",https://www.newks.com/?olonwp=JjBtp_vMLk25gkYh_bnoiQ
Lebanese,Apna Kitchen,"5908 Ringgold Rd, Chattanooga, TN 37412, USA",
Lebanese,Olive Garden Italian Restaurant,"1430 W Walnut Ave, Dalton, GA 30720, USA",https://www.olivegarden.com/locations/ga/dalton/dalton-w-walnut-ave/6491?cmpid=br:og_ag:ie_ch:loc_ca:OGGMB_sn:gmb_gt:dalton-ga-6491_pl:locurl_rd:1908
Lebanese,Arby's,"6302 Ringgold Rd, East Ridge, TN 37412, USA",https://locations.arbys.com/tn/eastridge/6302-ringgold-rd.html?utm_source=google%20my%20business&utm_medium=organic&utm_campaign=website%20link
Lebanese,Firebox Grill,"7025 Shallowford Rd, Chattanooga, TN 37421, USA",http://www.thefireboxgrill.com/
Lebanese,Pie Slingers Pizzeria,"56A Fieldstone Village Drive, Rock Spring, GA 30739, USA",http://www.pieslingers.com/
Lebanese,Miller's Ale House,"2119 Gunbarrel Rd, Chattanooga, TN 37421, USA",https://millersalehouse.com/locations/chattanooga/?utm_source=gmb&utm_medium=organic
Vietnamese,TAO ASIAN CUISINE,"114 Remco Shops Ln, Ringgold, GA 30736, USA",https://taoasiancuisine.kwickmenu.com/
Vietnamese,Super Pho and Grill,"7003 Lee Hwy #1731, Chattanooga, TN 37421, USA",
Vietnamese,Baan Thai,"33 Legion St, Ringgold, GA 30736, USA",https://www.facebook.com/TOJNO.2
Vietnamese,"Chopstix: Vietnamese, Korean, And Boba Tea","6903 Lee Hwy, Chattanooga, TN 37421, USA",https://www.facebook.com/chopstixvietbistro/
Vietnamese,Korean Vietnamese,"Chattanooga, TN 37421, USA",
Vietnamese,Seoul Restaurant,"6231 Perimeter Dr, Chattanooga, TN 37421, USA",
Vietnamese,Thai Esan,"4330 Ringgold Rd, Chattanooga, TN 37412, USA",http://www.thaiesanchattanooga.com/
Vietnamese,Spencer B's BBQ,"6581 US-41, Ringgold, GA 30736, USA",https://m.facebook.com/welikepigbutts/
Vietnamese,Wow Pho & Grill,"6424 Bells Ferry Rd STE#118, Woodstock, GA 30189, USA",https://www.wowphogrill.com/
Vietnamese,Pho Dai Loi #2,"4186 Buford Hwy NE, Atlanta, GA 30345, USA",https://www.skiplinow.com/shop/193141h/site
Vietnamese,High Su Vegetarian Restaurant,"9408 Apison Pike #154, Collegedale, TN 37363, USA",
Vietnamese,Golden Big Bowl,"5517 Brainerd Rd, Chattanooga, TN 37411, USA",
Vietnamese,Eat PBC Vietnamese Cuisine,"5980 Roswell Rd NE, Sandy Springs, GA 30328, USA",https://www.eat-pbc.com/
Vietnamese,Rain Thai Bistro,"Service Road, 6933 Lee Hwy #400, Chattanooga, TN 37421, USA",http://www.rainthaibistro.com/
Vietnamese,Hibachi & Wings: Asian Street Eats & Boba Tea,"6933 Lee Hwy Ste. 901, Chattanooga, TN 37421, USA",http://hibachiandwingstn.com/
Vietnamese,P.F. Chang's,"Hamilton Place Mall, 2110 Hamilton Pl Blvd, Chattanooga, TN 37421, USA",https://www.pfchangs.com/locations/us/tn/chattanooga/2110-hamilton-place-blvd-hamilton-place-mall/9822-chattanooga.html?utm_source=google_gbp&utm_medium=organic
Vietnamese,Elle's Cafe Asian Cuisine,"501 S Cherokee St, Catoosa, OK 74015, USA",http://elles-cafe-llc.square.site/
Vietnamese,Pho Dakao Smyrna Ga.,"2411 Cobb Pkwy SE, Smyrna, GA 30080, USA",http://phodakaorestaurant.com/
Vietnamese,Thai Chili Asian Bistro,"9203 Lee Hwy #12, Ooltewah, TN 37363, USA",https://thaichiliasianbistro.com/
Vietnamese,Chao's Mongolian Grill,"5726 Brainerd Rd, Chattanooga, TN 37411, USA",https://m.facebook.com/ChaosMongolianGrill?ref=bookmark
Hungarian,Spencer B's BBQ,"6581 US-41, Ringgold, GA 30736, USA",https://m.facebook.com/welikepigbutts/
Mediterranean,Taziki's Mediterranean Cafe - Gunbarrel,"2020 Gunbarrel Rd Suite 120, Chattanooga, TN 37421, USA",https://www.tazikis.com/location/gunbarrel-road/
Mediterranean,Epicurean Restaurant,"4301 Ringgold Rd, Chattanooga, TN 37412, USA",http://www.theepicureanrestaurant.com/
Mediterranean,Acropolis Grill,"2213 Hamilton Pl Blvd, Chattanooga, TN 37421, USA",http://acropolisgrill.com/
Mediterranean,Café Ostro,"240 N Hamilton St, Dalton, GA 30720, USA",https://www.cafeostro.com/
Mediterranean,Kabob-ster,"1408 Gunbarrel Rd #111, Chattanooga, TN 37421, USA",http://kabob-ster.com/
Mediterranean,Portofino's Greek and Italian Restaurant,"6511 Ringgold Rd, East Ridge, TN 37412, USA",http://www.portofinoschatt.com/
Mediterranean,Arby's,"66 Poplar Springs Rd, Ringgold, GA 30736, USA",https://locations.arbys.com/ga/ringgold/66-poplar-springs-rd.html?utm_source=google%20my%20business&utm_medium=organic&utm_campaign=website%20link
Mediterranean,Zaxby's Chicken Fingers & Buffalo Wings,"6456 Alabama Hwy, Ringgold, GA 30736, USA",https://www.zaxbys.com/locations/ga/ringgold/6456-alabama-highway/?utm_source=local&utm_medium=organic&utm_campaign=fb
Ethiopian,Tropical Cuisine Restaurant,"5035 Ooltewah Ringgold Rd #110, Collegedale, TN 37363, USA",http://www.tropicalcuisinerestaurant.com/
Caribbean,Ms.P’s Jamaican Restaurant,"6940 Lee Hwy Suite 104, Chattanooga, TN 37421, USA",http://www.mspsjamaicanreataurant.com/
Caribbean,Dreams Happy LLC,"2100 Hamilton Pl Blvd, Chattanooga, TN 37421, USA",
Caribbean,Jefferson's,"86 Tennessee St, Ringgold, GA 30736, USA",https://jeffersons.com/?utm_source=gmb&utm_medium=Yext
Caribbean,Corazon de Mexico,"2681 Battlefield Pkwy, Fort Oglethorpe, GA 30742, USA",http://corazoncuisine.com/
Caribbean,Tropical Cuisine Restaurant,"5035 Ooltewah Ringgold Rd #110, Collegedale, TN 37363, USA",http://www.tropicalcuisinerestaurant.com/
Caribbean,Caribee Jerk,"200 Paulding Plaza, Dallas, GA 30132, USA",https://www.facebook.com/profile.php?id=100072125289551
Caribbean,Reggae Vybz,"114 Woolsey Rd, Hampton, GA 30228, USA",http://www.reggaevybzfood.com/
Caribbean,Mangos Caribbean Restaurant,"180 Auburn Ave NE, Atlanta, GA 30303, USA",http://mangoscaribbeanrestaurant.com/
Caribbean,T's Caribbean Restaurant,"3285 Salem Rd, Covington, GA 30016, USA",
Caribbean,Buffalo Wild Wings,"37 Parkway Dr, Fort Oglethorpe, GA 30742, USA",https://www.buffalowildwings.com/locations/us/ga/fort-oglethorpe/37-parkway-dr/sports-bar-1443?utm_source=google%20my%20business&utm_medium=organic&utm_campaign=website%20link
Caribbean,Caribbean Chicken & Fish,"3358 E Ponce de Leon Ave, Scottdale, GA 30079, USA",
Caribbean,Caribbean Cravings,"1736 Hudson Bridge Rd, Stockbridge, GA 30281, USA",https://caribbeancravingsga.com/
Caribbean,Everything Irie Jamaican Restaurant,"5592 Old Dixie Hwy, Forest Park, GA 30297, USA",http://everythingiriejamaicanrestaurant.com/?utm_source=gmb&utm_medium=referral
Caribbean,Cutter's Jamaican Restaurant,"555 GA-138 ste g, Riverdale, GA 30274, USA",
Caribbean,Beni’s Cubano Chattanooga,"2100 Hamilton Pl Blvd #303, Chattanooga, TN 37421, USA",https://benicubano.com/
Caribbean,Crooklyn New York Caribbean Cuisine,"3924 Pio Nono Ave, Macon, GA 31206, USA",
Caribbean,Chef Rob's Cafe & Bar,"5920 Roswell Rd #117, Atlanta, GA 30328, USA",http://www.chefrobscafe.com/
Caribbean,Boston Jerk Center,"4411 Covington Hwy, Decatur, GA 30035, USA",
Caribbean,Cyra's - Simple Goodness,"208 N Pentz St, Dalton, GA 30720, USA",http://www.cyrasrestaurant.com/
Soul,Soul'Licious,"Sunrise Market, 6701 Ringgold Rd #3, Chattanooga, TN 37412, USA",
Argentinian,Sabores Del Plata,"6200 Buford Hwy NE #1g, Norcross, GA 30071, USA",https://saboresatlanta.com/
Chilean,El Cactus Mexican Grille,"90 Battlefield Station Drive, Ringgold, GA 30736, USA",
Chilean,EL TRIO #2,"6979 Nashville St, Ringgold, GA 30736, USA",http://www.eltriomr.com/
Chilean,Los Charros,"8019 US Hwy 27, Rock Spring, GA 30739, USA",https://www.loscharrosrockspring.com/
Chilean,El Agave 3,"4793 Battlefield Pkwy, Ringgold, GA 30736, USA",https://elagavemexican.org/
Chilean,Vallarta Mexican Restaurant,"23 Legion St, Ringgold, GA 30736, USA",https://m.facebook.com/Vallarta-Ringgold-981263375375384/
Chilean,Los Maguey Mexican Restaurant,"101 Cottonwood Mill Rd, Tunnel Hill, GA 30755, USA",
Chilean,Petros Chili & Chips - Fort Oglethorpe,"729 Battlefield Pkwy, Fort Oglethorpe, GA 30742, USA",http://www.petros-chatt.com/
Chilean,El Matador | Mexican Restaurant,"2233 Lafayette Rd, Fort Oglethorpe, GA 30742, USA",
Chilean,Corazon de Mexico,"2681 Battlefield Pkwy, Fort Oglethorpe, GA 30742, USA",http://corazoncuisine.com/
Chilean,Fiesta Mexicana Restaurant,"110 Kristin Dr, Ringgold, GA 30736, USA",https://fiestamexonline.getbento.com/online-ordering/fiesta-mexicana-ringgold-ga/menu
Chilean,Chili's Grill & Bar,"1921 Gunbarrel Rd, Chattanooga, TN 37421, USA",https://www.chilis.com/locations/us/tennessee/chattanooga/hamilton-place?utm_source=google&utm_medium=local&utm_campaign=Chilis
Chilean,Chipotle Mexican Grill,"2989 Battlefield Pkwy, Fort Oglethorpe, GA 30742, USA",https://locations.chipotle.com/ga/fort-oglethorpe/2989-battlefield-pkwy?utm_source=google&utm_medium=yext&utm_campaign=yext_listings
Chilean,Los Potros Mexican Restaurant (East Ridge),"5611 Ringgold Rd, East Ridge, TN 37412, USA",https://irizarrym03.wixsite.com/lospotrosofficial
Chilean,El Sueño Mexican Restaurant #2,"3957 Cleveland Hwy, Dalton, GA 30721, USA",https://elsuenomexicanrestaurant2.com/
Chilean,Los Potros Mexican Restaurant (Chickauga),"201 Lee Ave, Chickamauga, GA 30707, USA",https://irizarrym03.wixsite.com/lospotrosofficial
Chilean,La Familia Mexican Restaurant,"516 Chickamauga Ave, Rossville, GA 30741, USA",https://order.online/business/la-familia-mexican-restaurant-chickamauga-ave-168296
Chilean,Mas Tequila Bar And Grill,"4134 Ringgold Rd, Chattanooga, TN 37412, USA",https://www.cocktailbarchattanooga.com/
Chilean,Chihuahua's Mexican Food Restaurant,"314 N Glenwood Ave, Dalton, GA 30721, USA",
Chilean,Chili's Grill & Bar,"881 Holiday Inn Drive, Dalton, GA 30720, USA",https://www.chilis.com/locations/us/georgia/dalton/dalton?utm_source=google&utm_medium=local&utm_campaign=Chilis
Chilean,Flako's Mexican Restaurant,"2311 Chattanooga Rd, Dalton, GA 30720, USA",https://flakosmexicanrestaurantga.com/
Colombian,Casa Vieja,"3652 Shallowford Rd, Doraville, GA 30340, USA",
Colombian,Mi Bella Colombia,"2785 Cruse Rd NW #2, Lawrenceville, GA 30044, USA",https://mibellacolombiaga.com/
Colombian,La Casona Colombian Restaurant,"3820 Stewart Rd, Doraville, GA 30340, USA",
Colombian,La Ruana Colombian Restaurant,"4015 Holcomb Bridge Rd, Norcross, GA 30071, USA",
Colombian,Pimenton Parrilla & Bar,"1570 Buford Hwy NE, Buford, GA 30518, USA",
Colombian,Trigos Colombian Restaurant,"860 Duluth Hwy Suite 190, Lawrenceville, GA 30043, USA",
Colombian,Los Recuerdos Colombian Restaurant,"1455 Pleasant Hill Rd #807b, Lawrenceville, GA 30044, USA",http://restaurantecolombianorecuerdos.com/
Colombian,La Curva 2,"1218 N Thornton Ave, Dalton, GA 30720, USA",
Colombian,Delicias Colombianas RR,"2042 Lascassas Pike A12, Murfreesboro, TN 37130, USA",https://www.deliciascolombianarr.com/
Colombian,Spencer B's BBQ,"6581 US-41, Ringgold, GA 30736, USA",https://m.facebook.com/welikepigbutts/
Colombian,Restaurante Mi Ranchito Mexican Food,"1622 Dodds Ave, Chattanooga, TN 37404, USA",http://facebook.com/restaurantemiranchito
Colombian,Logan's Roadhouse,"2584 Battlefield Pkwy, Fort Oglethorpe, GA 30742, USA",https://logansroadhouse.com/locations/us/ga/ft-oglethorpe/2584-battlefield-parkway/
Colombian,Guagio Latin Flavors,"4295 Old Hwy 76 Suite G&H, Blue Ridge, GA 30513, USA",http://www.guagiolatinflavors.com/
Colombian,Little Colombia 123 at The Augusta Market,"18-98 8th St, Augusta, GA 30901, USA",http://www.facebook.com/littlecolombia123
Colombian,Hardee’s,"5486 Alabama Hwy, Ringgold, GA 30736, USA",https://locations.hardees.com/ga/ringgold/5486-alabama-hwy?utm_source=yext&utm_medium=gmb-button&utm_campaign=search&utm_content=website&y_source=1_MTIzODk3NDYtNzE1LWxvY2F0aW9uLndlYnNpdGU=
Colombian,Buffalo Wild Wings,"37 Parkway Dr, Fort Oglethorpe, GA 30742, USA",https://www.buffalowildwings.com/locations/us/ga/fort-oglethorpe/37-parkway-dr/sports-bar-1443?utm_source=google%20my%20business&utm_medium=organic&utm_campaign=website%20link
Colombian,Antojo Cocina y Cantina,"116 W King St, Dalton, GA 30720, USA",https://www.toasttab.com/antojo-cocina-y-cantina-116-w-king-st
Costa Rican,Conga Latin Food,"Mission at Main, 26 E Main St Ste 102, Chattanooga, TN 37408, USA",
Czech,Spencer B's BBQ,"6581 US-41, Ringgold, GA 30736, USA",https://m.facebook.com/welikepigbutts/
Danish,Caffeine Addicts Coffee Shop & Cafe,"7819 Nashville St, Ringgold, GA 30736, USA",
Dutch,Farm To Fork,"120 General Lee Dr, Ringgold, GA 30736, USA",https://farmtoforkga.com/
Ghanaian,African Delights restaurant,"185 Veterans Memorial Hwy SE, Mableton, GA 30126, USA",
Guatemalan,Taqueria La Antigua Guatemala,"156B E 004.01, Chattanooga, TN 37404, USA",https://www.youtube.com/channel/UCkNWKiBRzx00imJWf87hObw
Guatemalan,Tienda Maya,"1939 Central Ave, Chattanooga, TN 37408, USA",https://www.facebook.com/tiendamayachattanooga/
Guatemalan,San Marcos Restaurant,"1818 E Main St, Chattanooga, TN 37404, USA",
Honduran,Sabor Catracho 1,"3507 Ringgold Rd, Chattanooga, TN 37412, USA",
Icelandic,Spencer B's BBQ,"6581 US-41, Ringgold, GA 30736, USA",https://m.facebook.com/welikepigbutts/
Indonesian,Batavia,"3640 Shallowford Rd, Doraville, GA 30340, USA",https://www.bataviadoraville.com/
Indonesian,WIN - Taste of Bali,"2285 Peachtree Rd UNIT 100, Atlanta, GA 30309, USA",https://www.wintasteofbali.com/
Indonesian,Logan's Roadhouse,"2584 Battlefield Pkwy, Fort Oglethorpe, GA 30742, USA",https://logansroadhouse.com/locations/us/ga/ft-oglethorpe/2584-battlefield-parkway/
Indonesian,Buffalo Wild Wings,"37 Parkway Dr, Fort Oglethorpe, GA 30742, USA",https://www.buffalowildwings.com/locations/us/ga/fort-oglethorpe/37-parkway-dr/sports-bar-1443?utm_source=google%20my%20business&utm_medium=organic&utm_campaign=website%20link
Indonesian,Hardee’s,"5486 Alabama Hwy, Ringgold, GA 30736, USA",https://locations.hardees.com/ga/ringgold/5486-alabama-hwy?utm_source=yext&utm_medium=gmb-button&utm_campaign=search&utm_content=website&y_source=1_MTIzODk3NDYtNzE1LWxvY2F0aW9uLndlYnNpdGU=
Iranian,Persepolis Persian Cuisine,"6435-B Roswell Rd, Sandy Springs, GA 30328, USA",http://www.persepoliscuisine.com/
Iraqi,Kabob-ster,"1408 Gunbarrel Rd #111, Chattanooga, TN 37421, USA",http://kabob-ster.com/
Israeli,Taziki's Mediterranean Cafe - Gunbarrel,"2020 Gunbarrel Rd Suite 120, Chattanooga, TN 37421, USA",https://www.tazikis.com/location/gunbarrel-road/
Israeli,Kabob-ster,"1408 Gunbarrel Rd #111, Chattanooga, TN 37421, USA",http://kabob-ster.com/
Israeli,Epicurean Restaurant,"4301 Ringgold Rd, Chattanooga, TN 37412, USA",http://www.theepicureanrestaurant.com/
Israeli,Café Ostro,"240 N Hamilton St, Dalton, GA 30720, USA",https://www.cafeostro.com/
Israeli,University Pizza Deli and Mediterranean Cuisine,"430 Vine St, Chattanooga, TN 37403, USA",https://www.mediterraneandelipizza.com/
Israeli,Acropolis Grill,"2213 Hamilton Pl Blvd, Chattanooga, TN 37421, USA",http://acropolisgrill.com/
Israeli,The Hummus Bowl,"3931 St Elmo Ave, Chattanooga, TN 37409, USA",https://www.thehummusbowl.com/
Israeli,Jerusalem Grill,"223 Turner McCall Blvd, Rome, GA 30165, USA",https://www.jerusalemgrillga.com/
Israeli,Hardee’s,"5486 Alabama Hwy, Ringgold, GA 30736, USA",https://locations.hardees.com/ga/ringgold/5486-alabama-hwy?utm_source=yext&utm_medium=gmb-button&utm_campaign=search&utm_content=website&y_source=1_MTIzODk3NDYtNzE1LWxvY2F0aW9uLndlYnNpdGU=
Israeli,Taziki's Mediterranean Cafe - Market Street,"432 Market St, Chattanooga, TN 37402, USA",https://www.tazikis.com/location/marketst
Israeli,Jerusalem Grill Calhoun,"273 Hwy 53, Calhoun, GA 30701, USA",https://www.facebook.com/people/Jerusalem-Grill-Calhoun/100057288346200/
Israeli,Portofino's Greek and Italian Restaurant,"6511 Ringgold Rd, East Ridge, TN 37412, USA",http://www.portofinoschatt.com/
Israeli,Spencer B's BBQ,"6581 US-41, Ringgold, GA 30736, USA",https://m.facebook.com/welikepigbutts/
Israeli,Buffalo Wild Wings,"37 Parkway Dr, Fort Oglethorpe, GA 30742, USA",https://www.buffalowildwings.com/locations/us/ga/fort-oglethorpe/37-parkway-dr/sports-bar-1443?utm_source=google%20my%20business&utm_medium=organic&utm_campaign=website%20link
Israeli,Logan's Roadhouse,"2584 Battlefield Pkwy, Fort Oglethorpe, GA 30742, USA",https://logansroadhouse.com/locations/us/ga/ft-oglethorpe/2584-battlefield-parkway/
Israeli,McAlister's Deli,"2288 Gunbarrel Rd #138, Chattanooga, TN 37421, USA",https://locations.mcalistersdeli.com/tn/chattanooga/2288-gunbarrel-road?utm_source=google&utm_medium=organic&utm_campaign=locations_partner
Israeli,Jerusalem Grill #2,"2519 Redmond Cir, Rome, GA 30165, USA",https://www.jerusalemgrillwestrome.com/
Israeli,Calliope Restaurant & Bar,"422 E M L King Blvd, Chattanooga, TN 37403, USA",http://www.eatcalliope.com/
Israeli,Ameer's Mediterranean Grill & Catering,"2168 Briarcliff Rd NE, Atlanta, GA 30329, USA",http://www.ameersmediterranean.com/
Israeli,Ameer's Buffet,"203 Richardson Rd, Calhoun, GA 30701, USA",https://ameersmediterranean.com/
Jamaican,Ms.P’s Jamaican Restaurant,"6940 Lee Hwy Suite 104, Chattanooga, TN 37421, USA",http://www.mspsjamaicanreataurant.com/
Jamaican,Dreams Happy LLC,"2100 Hamilton Pl Blvd, Chattanooga, TN 37421, USA",
Jordanian,Arby's,"66 Poplar Springs Rd, Ringgold, GA 30736, USA",https://locations.arbys.com/ga/ringgold/66-poplar-springs-rd.html?utm_source=google%20my%20business&utm_medium=organic&utm_campaign=website%20link
Kuwaiti,Farm To Fork,"120 General Lee Dr, Ringgold, GA 30736, USA",https://farmtoforkga.com/
Laotian,TAO ASIAN CUISINE,"114 Remco Shops Ln, Ringgold, GA 30736, USA",https://taoasiancuisine.kwickmenu.com/
Laotian,Thai Esan,"4330 Ringgold Rd, Chattanooga, TN 37412, USA",http://www.thaiesanchattanooga.com/
Lithuanian,Logan's Roadhouse,"2584 Battlefield Pkwy, Fort Oglethorpe, GA 30742, USA",https://logansroadhouse.com/locations/us/ga/ft-oglethorpe/2584-battlefield-parkway/
Malaysian,Sanctuary Restaurant And TeaRoom,"4097 Cloud Springs Rd, Ringgold, GA 30736, USA",http://chattmercantile.com/
Mongolian,Lin's Mongolian Grill,"1223 Cleveland Hwy, Dalton, GA 30721, USA",https://linsmongoliangrill.kwickmenu.com/
Mongolian,TAO ASIAN CUISINE,"114 Remco Shops Ln, Ringgold, GA 30736, USA",https://taoasiancuisine.kwickmenu.com/
Mongolian,Chao's Mongolian Grill,"5726 Brainerd Rd, Chattanooga, TN 37411, USA",https://m.facebook.com/ChaosMongolianGrill?ref=bookmark
Mongolian,New China,"69 Poplar Springs Rd, Ringgold, GA 30736, USA",https://newchinaringgold.com/
Mongolian,Ming Moon | Chinese Restaurant,"2467 Lafayette Rd, Fort Oglethorpe, GA 30742, USA",https://www.mingmoon.com/
Nepalese,Kathmandu Kitchen & Grill,"Clarkston Village Shopping Center, 926 Montreal Rd E, Clarkston, GA 30021, USA",http://ktmkitchen.com/
Nicaraguan,Mi Linda Managua Restaurant,"5530 Buford Hwy NE Suite 302, Norcross, GA 30071, USA",
Norwegian,Spencer B's BBQ,"6581 US-41, Ringgold, GA 30736, USA",https://m.facebook.com/welikepigbutts/
Pakistani,Apna Kitchen,"5908 Ringgold Rd, Chattanooga, TN 37412, USA",
Pakistani,Kabob-ster,"1408 Gunbarrel Rd #111, Chattanooga, TN 37421, USA",http://kabob-ster.com/
Pakistani,Spencer B's BBQ,"6581 US-41, Ringgold, GA 30736, USA",https://m.facebook.com/welikepigbutts/
Pakistani,Logan's Roadhouse,"2584 Battlefield Pkwy, Fort Oglethorpe, GA 30742, USA",https://logansroadhouse.com/locations/us/ga/ft-oglethorpe/2584-battlefield-parkway/
Pakistani,Naan N Curry,"3083 Breckinridge Blvd #210, Duluth, GA 30096, USA",http://naanncurryatl.com/
Pakistani,India Mahal Restaurant,"5970 E Brainerd Rd, Chattanooga, TN 37421, USA",
Pakistani,Al-Amin Supermarket & Restaurant,"5466 Buford Hwy NE, Doraville, GA 30340, USA",https://www.alaminhalal.com/
Pakistani,Hardee’s,"5486 Alabama Hwy, Ringgold, GA 30736, USA",https://locations.hardees.com/ga/ringgold/5486-alabama-hwy?utm_source=yext&utm_medium=gmb-button&utm_campaign=search&utm_content=website&y_source=1_MTIzODk3NDYtNzE1LWxvY2F0aW9uLndlYnNpdGU=
Pakistani,Firebox Grill,"7025 Shallowford Rd, Chattanooga, TN 37421, USA",http://www.thefireboxgrill.com/
Pakistani,Ankar's Hoagies,"5966 Brainerd Rd, Chattanooga, TN 37421, USA",http://www.ankarshoagiesonline.com/
Pakistani,Zouq (Duluth),"1500 Pleasant Hill Rd Ste 102, Duluth, GA 30096, USA",https://zouqpakistaniga.kwickmenu.com/
Pakistani,Lin's Mongolian Grill,"1223 Cleveland Hwy, Dalton, GA 30721, USA",https://linsmongoliangrill.kwickmenu.com/
Pakistani,Buffalo Wild Wings,"37 Parkway Dr, Fort Oglethorpe, GA 30742, USA",https://www.buffalowildwings.com/locations/us/ga/fort-oglethorpe/37-parkway-dr/sports-bar-1443?utm_source=google%20my%20business&utm_medium=organic&utm_campaign=website%20link
Pakistani,Dosa Hut,"6940 Lee Hwy #105, Chattanooga, TN 37421, USA",https://www.dosahutchattanooga.com/
Pakistani,Ankar's Express,"5959 Shallowford Rd Ste 201, Chattanooga, TN 37421, USA",http://ankarsexpress.com/
Pakistani,Taziki's Mediterranean Cafe - Gunbarrel,"2020 Gunbarrel Rd Suite 120, Chattanooga, TN 37421, USA",https://www.tazikis.com/location/gunbarrel-road/
Pakistani,Sarku Japan,"2100 Hamilton Pl Blvd Space 310, Chattanooga, TN 37421, USA",https://www.sarkujapan.com/
Panamanian,Tailwind Concessions,"1001 Airport Rd, Chattanooga, TN 37421, USA",https://www.tailwindconcessions.com/
Peruvian,Aji Peruvian Restaurant,"5035 Ooltewah Ringgold Rd #123, Collegedale, TN 37363, USA",https://www.facebook.com/AjiPeruvianRestaurant/
Philippine,Bomb Pinoy,"2627 Broad St, Chattanooga, TN 37402, USA",
Polish,Logan's Roadhouse,"2584 Battlefield Pkwy, Fort Oglethorpe, GA 30742, USA",https://logansroadhouse.com/locations/us/ga/ft-oglethorpe/2584-battlefield-parkway/
Puerto Rican,Coqui,"3507 Ringgold Rd, East Ridge, TN 37412, USA",https://coquichatt.com/
Romanian,Epicurean Restaurant,"4301 Ringgold Rd, Chattanooga, TN 37412, USA",http://www.theepicureanrestaurant.com/
Saudi Arabian,Kabob-ster,"1408 Gunbarrel Rd #111, Chattanooga, TN 37421, USA",http://kabob-ster.com/
Singaporean,Baan Thai,"33 Legion St, Ringgold, GA 30736, USA",https://www.facebook.com/TOJNO.2
Singaporean,TAO ASIAN CUISINE,"114 Remco Shops Ln, Ringgold, GA 30736, USA",https://taoasiancuisine.kwickmenu.com/
Singaporean,New China Restaurant,"3710 Ringgold Rd, Chattanooga, TN 37412, USA",https://chattanooganewchina.com/
Singaporean,Forbidden City Restaurant,"2273 Gunbarrel Rd #103, Chattanooga, TN 37421, USA",http://forbiddencitytn.com/
Singaporean,Spencer B's BBQ,"6581 US-41, Ringgold, GA 30736, USA",https://m.facebook.com/welikepigbutts/
Singaporean,Logan's Roadhouse,"2584 Battlefield Pkwy, Fort Oglethorpe, GA 30742, USA",https://logansroadhouse.com/locations/us/ga/ft-oglethorpe/2584-battlefield-parkway/
Singaporean,Chen's Chinese Cuisine&Sushi,"2288 Gunbarrel Rd #142, Chattanooga, TN 37421, USA",https://www.toasttab.com/chens-2288-gunbarrel-road
Singaporean,Teriyaki of Japan,"3992 Ringgold Rd #102, Chattanooga, TN 37412, USA",https://teriyakiofjapantn.com/
Singaporean,P.F. Chang's,"Hamilton Place Mall, 2110 Hamilton Pl Blvd, Chattanooga, TN 37421, USA",https://www.pfchangs.com/locations/us/tn/chattanooga/2110-hamilton-place-blvd-hamilton-place-mall/9822-chattanooga.html?utm_source=google_gbp&utm_medium=organic
Singaporean,Hardee’s,"5486 Alabama Hwy, Ringgold, GA 30736, USA",https://locations.hardees.com/ga/ringgold/5486-alabama-hwy?utm_source=yext&utm_medium=gmb-button&utm_campaign=search&utm_content=website&y_source=1_MTIzODk3NDYtNzE1LWxvY2F0aW9uLndlYnNpdGU=
Singaporean,"Fulin's Asian Cuisine At Cambridge Square, Ooltewah","6011 Chesterton Way Suite 103, Chattanooga, TN 37363, USA",http://www.fulins.com/
Singaporean,China Gourmet,"321 Browns Ferry Rd b1, Chattanooga, TN 37419, USA",
Singaporean,Hunan Wok 1,"2201 E 23rd St, Chattanooga, TN 37407, USA",https://www.hunanwok1.com/
Singaporean,China Kitchen,"9408 Apison Pike #110, Collegedale, TN 37363, USA",http://www.chinakitchenooltewah.com/
Singaporean,China Rose Chinese Restaurant,"9203 Lee Hwy Ste. 11, Ooltewah, TN 37363, USA",https://www.chinaroseooltewah.com/
Singaporean,New China Buffet,"3536 Cummings Hwy #104, Chattanooga, TN 37419, USA",https://www.newchinabuffetchattanooga.com/
Singaporean,Asian Flavor,"4839 TN-58, Chattanooga, TN 37416, USA",https://asianflavor.kwickmenu.com/
Singaporean,Buffalo Wild Wings,"37 Parkway Dr, Fort Oglethorpe, GA 30742, USA",https://www.buffalowildwings.com/locations/us/ga/fort-oglethorpe/37-parkway-dr/sports-bar-1443?utm_source=google%20my%20business&utm_medium=organic&utm_campaign=website%20link
Singaporean,Ably Asian Cuisine,"744 Noah Dr, Jasper, GA 30143, USA",https://ablyasiancuisinega.com/
Singaporean,Alex's Thai Food & Noodle Bistro,"26 E Main St #114, Chattanooga, TN 37408, USA",http://www.alexthaifood.com/
Slovak,Spencer B's BBQ,"6581 US-41, Ringgold, GA 30736, USA",https://m.facebook.com/welikepigbutts/
Slovenian,Spencer B's BBQ,"6581 US-41, Ringgold, GA 30736, USA",https://m.facebook.com/welikepigbutts/
Somali,Somali,"5065 Memorial Dr, Stone Mountain, GA 30083, USA",
Somali,Logan's Roadhouse,"2584 Battlefield Pkwy, Fort Oglethorpe, GA 30742, USA",https://logansroadhouse.com/locations/us/ga/ft-oglethorpe/2584-battlefield-parkway/
Somali,Hardee’s,"5486 Alabama Hwy, Ringgold, GA 30736, USA",https://locations.hardees.com/ga/ringgold/5486-alabama-hwy?utm_source=yext&utm_medium=gmb-button&utm_campaign=search&utm_content=website&y_source=1_MTIzODk3NDYtNzE1LWxvY2F0aW9uLndlYnNpdGU=
Somali,Spencer B's BBQ,"6581 US-41, Ringgold, GA 30736, USA",https://m.facebook.com/welikepigbutts/
Somali,Buffalo Wild Wings,"37 Parkway Dr, Fort Oglethorpe, GA 30742, USA",https://www.buffalowildwings.com/locations/us/ga/fort-oglethorpe/37-parkway-dr/sports-bar-1443?utm_source=google%20my%20business&utm_medium=organic&utm_campaign=website%20link
Somali,Kabob-ster,"1408 Gunbarrel Rd #111, Chattanooga, TN 37421, USA",http://kabob-ster.com/
South African,Spencer B's BBQ,"6581 US-41, Ringgold, GA 30736, USA",https://m.facebook.com/welikepigbutts/
Sri Lankan,Madras Chettinaad,"4305 State Bridge Rd #108, Alpharetta, GA 30022, USA",http://madraschettinaad.com/
Swiss,Sanctuary Restaurant And TeaRoom,"4097 Cloud Springs Rd, Ringgold, GA 30736, USA",http://chattmercantile.com/
Swiss,Jefferson's,"86 Tennessee St, Ringgold, GA 30736, USA",https://jeffersons.com/?utm_source=gmb&utm_medium=Yext
Swiss,Rafael's Pizzeria & Italian Restaurant,"7859 Nashville St, Ringgold, GA 30736, USA",
Swiss,Farm To Fork,"120 General Lee Dr, Ringgold, GA 30736, USA",https://farmtoforkga.com/
Swiss,Spencer B's BBQ,"6581 US-41, Ringgold, GA 30736, USA",https://m.facebook.com/welikepigbutts/
Swiss,75 Cafe,"400 Direct Connection Dr, Rossville, GA 30741, USA",
Swiss,Arby's,"66 Poplar Springs Rd, Ringgold, GA 30736, USA",https://locations.arbys.com/ga/ringgold/66-poplar-springs-rd.html?utm_source=google%20my%20business&utm_medium=organic&utm_campaign=website%20link
Swiss,Jack's,"56 Lakeshore Dr, Fort Oglethorpe, GA 30742, USA",https://locations.eatatjacks.com/ga/fort-oglethorpe/56-lakeshore-drive/
Swiss,Hardee’s,"5486 Alabama Hwy, Ringgold, GA 30736, USA",https://locations.hardees.com/ga/ringgold/5486-alabama-hwy?utm_source=yext&utm_medium=gmb-button&utm_campaign=search&utm_content=website&y_source=1_MTIzODk3NDYtNzE1LWxvY2F0aW9uLndlYnNpdGU=
Swiss,Wendy's,"5872 Alabama Hwy, Ringgold, GA 30736, USA",https://locations.wendys.com/united-states/ga/ringgold/5872-alabama-hwy?utm_source=Yext&utm_medium=Google_My_Business&utm_campaign=Local_Search&utm_content=EN_US
Syrian,Kabob-ster,"1408 Gunbarrel Rd #111, Chattanooga, TN 37421, USA",http://kabob-ster.com/
Syrian,Taziki's Mediterranean Cafe - Gunbarrel,"2020 Gunbarrel Rd Suite 120, Chattanooga, TN 37421, USA",https://www.tazikis.com/location/gunbarrel-road/
Syrian,Epicurean Restaurant,"4301 Ringgold Rd, Chattanooga, TN 37412, USA",http://www.theepicureanrestaurant.com/
Syrian,Acropolis Grill,"2213 Hamilton Pl Blvd, Chattanooga, TN 37421, USA",http://acropolisgrill.com/
Syrian,Portofino's Greek and Italian Restaurant,"6511 Ringgold Rd, East Ridge, TN 37412, USA",http://www.portofinoschatt.com/
Syrian,Café Ostro,"240 N Hamilton St, Dalton, GA 30720, USA",https://www.cafeostro.com/
Syrian,University Pizza Deli and Mediterranean Cuisine,"430 Vine St, Chattanooga, TN 37403, USA",https://www.mediterraneandelipizza.com/
Syrian,The Hummus Bowl,"3931 St Elmo Ave, Chattanooga, TN 37409, USA",https://www.thehummusbowl.com/
Syrian,Zakia Modern Lebanese Restaurant,"3699 Lenox Rd NE Ste 3, Atlanta, GA 30305, USA",http://www.zakiarestaurant.com/
Syrian,Jerusalem Grill,"223 Turner McCall Blvd, Rome, GA 30165, USA",https://www.jerusalemgrillga.com/
Syrian,Taziki's Mediterranean Cafe - Market Street,"432 Market St, Chattanooga, TN 37402, USA",https://www.tazikis.com/location/marketst
Syrian,Opa!,"Opa!, 249 River St, Chattanooga, TN 37405, USA",https://www.opagreekrestaurants.com/
Syrian,Ameer's Buffet,"203 Richardson Rd, Calhoun, GA 30701, USA",https://ameersmediterranean.com/
Syrian,Carmine and Ray's Pizza,"130 Creekview Dr, Calhoun, GA 30701, USA",
Syrian,Zafron Restaurant,"236 Johnson Ferry Rd, Sandy Springs, GA 30328, USA",https://www.persianrestaurantsandysprings.com/
Syrian,Bela Lisboa Restaurant,"417 Frazier Ave, Chattanooga, TN 37405, USA",https://www.exploretock.com/bela-lisboa-chattanooga
Syrian,Taziki's Mediterranean Cafe - Cleveland,"4440 Frontage Rd NW Unit 200, Cleveland, TN 37312, USA",https://tazikiscafe.com/location/cleveland
Syrian,Ankar's Hoagies,"5966 Brainerd Rd, Chattanooga, TN 37421, USA",http://www.ankarshoagiesonline.com/
Syrian,Eat To Live,"107 W 38th St, Chattanooga, TN 37410, USA",
Taiwanese,TAO ASIAN CUISINE,"114 Remco Shops Ln, Ringgold, GA 30736, USA",https://taoasiancuisine.kwickmenu.com/
Tanzanian,Sanctuary Restaurant And TeaRoom,"4097 Cloud Springs Rd, Ringgold, GA 30736, USA",http://chattmercantile.com/
Thai,Baan Thai,"33 Legion St, Ringgold, GA 30736, USA",https://www.facebook.com/TOJNO.2
Thai,Thai Garden,"Battlefield Pkwy, Fort Oglethorpe, GA 30742, USA",
Tunisian,Hardee’s,"5486 Alabama Hwy, Ringgold, GA 30736, USA",https://locations.hardees.com/ga/ringgold/5486-alabama-hwy?utm_source=yext&utm_medium=gmb-button&utm_campaign=search&utm_content=website&y_source=1_MTIzODk3NDYtNzE1LWxvY2F0aW9uLndlYnNpdGU=
Ukrainian,Tryzub Ukrainian Kitchen,"2201 W Chicago Ave, Chicago, IL 60622, USA",http://www.tryzubchicago.com/
Venezuelan,Little Venezuela Restaurant,"511 Market St, Chattanooga, TN 37402, USA",
Vietnamese,TAO ASIAN CUISINE,"114 Remco Shops Ln, Ringgold, GA 30736, USA",https://taoasiancuisine.kwickmenu.com/
Vietnamese,Super Pho and Grill,"7003 Lee Hwy #1731, Chattanooga, TN 37421, USA",
Vietnamese,Baan Thai,"33 Legion St, Ringgold, GA 30736, USA",https://www.facebook.com/TOJNO.2
Vietnamese,"Chopstix: Vietnamese, Korean, And Boba Tea","6903 Lee Hwy, Chattanooga, TN 37421, USA",https://www.facebook.com/chopstixvietbistro/
Vietnamese,Korean Vietnamese,"Chattanooga, TN 37421, USA",
Vietnamese,Seoul Restaurant,"6231 Perimeter Dr, Chattanooga, TN 37421, USA",
Vietnamese,Thai Esan,"4330 Ringgold Rd, Chattanooga, TN 37412, USA",http://www.thaiesanchattanooga.com/
Vietnamese,Spencer B's BBQ,"6581 US-41, Ringgold, GA 30736, USA",https://m.facebook.com/welikepigbutts/
Vietnamese,Wow Pho & Grill,"6424 Bells Ferry Rd STE#118, Woodstock, GA 30189, USA",https://www.wowphogrill.com/
Vietnamese,Pho Dai Loi #2,"4186 Buford Hwy NE, Atlanta, GA 30345, USA",https://www.skiplinow.com/shop/193141h/site
Vietnamese,High Su Vegetarian Restaurant,"9408 Apison Pike #154, Collegedale, TN 37363, USA",
Vietnamese,Golden Big Bowl,"5517 Brainerd Rd, Chattanooga, TN 37411, USA",
Vietnamese,Eat PBC Vietnamese Cuisine,"5980 Roswell Rd NE, Sandy Springs, GA 30328, USA",https://www.eat-pbc.com/
Vietnamese,Rain Thai Bistro,"Service Road, 6933 Lee Hwy #400, Chattanooga, TN 37421, USA",http://www.rainthaibistro.com/
Vietnamese,Hibachi & Wings: Asian Street Eats & Boba Tea,"6933 Lee Hwy Ste. 901, Chattanooga, TN 37421, USA",http://hibachiandwingstn.com/
Vietnamese,P.F. Chang's,"Hamilton Place Mall, 2110 Hamilton Pl Blvd, Chattanooga, TN 37421, USA",https://www.pfchangs.com/locations/us/tn/chattanooga/2110-hamilton-place-blvd-hamilton-place-mall/9822-chattanooga.html?utm_source=google_gbp&utm_medium=organic
Vietnamese,Elle's Cafe Asian Cuisine,"501 S Cherokee St, Catoosa, OK 74015, USA",http://elles-cafe-llc.square.site/
Vietnamese,Pho Dakao Smyrna Ga.,"2411 Cobb Pkwy SE, Smyrna, GA 30080, USA",http://phodakaorestaurant.com/
Vietnamese,Thai Chili Asian Bistro,"9203 Lee Hwy #12, Ooltewah, TN 37363, USA",https://thaichiliasianbistro.com/
Vietnamese,Chao's Mongolian Grill,"5726 Brainerd Rd, Chattanooga, TN 37411, USA",https://m.facebook.com/ChaosMongolianGrill?ref=bookmark
Yemeni,Kabob-ster,"1408 Gunbarrel Rd #111, Chattanooga, TN 37421, USA",http://kabob-ster.com/
Zambian,Africa Restaurant and Lounge,"6380 GA-85, Riverdale, GA 30274, USA",http://africarestaurantandlounge.com/
Zimbabwean,Broni Home Taste / Africana / Old Brothers Restaurant,"4841 Old National Hwy, College Park, GA 30337, USA",
