Cuisine Type,Name,Address,Website
Mexican,Sol De Mexico Family Mexican Restaurant,"1120 Lakeway Dr, Bellingham, WA 98229, USA",https://soldemexicofamilymexicanrestaurantwa.com/
Swedish,Svensken A taste of Scandinavia,"22320 NE Halsey St, Fairview, OR 97024, USA",https://www.svensken.net/
Italian,Lombardi's in Bellingham,"21 Bellwether Way Ste 112, Bellingham, WA 98225, USA",http://www.lombardisitalian.com/
Italian,Storia Cucina,"109 Grand Ave suite 102, Bellingham, WA 98225, USA",http://www.storiacucina.com/
Italian,Frankie's Italian Vancouver,"765 Beatty St, Vancouver, BC V6B 2M4, Canada",https://www.frankiesitaliankitchen.ca/
Italian,Milano's Italian Restaurant,"1210 11th St, Bellingham, WA 98225, USA",http://www.milanosrestaurantbar.com/
Italian,D'Anna's Cafe Italiano,"1319 N State St, Bellingham, WA 98225, USA",http://dannascafeitaliano.com/
Italian,Calabria Ristorante Italiano,"3922 148th St SE #111, Bothell, WA 98012, USA",https://www.calabriamillcreek.com/
Spanish,Tapas Angel,"90 Yesler Wy, Seattle, WA 98104, USA",https://tapasangel.com/
American,Franklin Restaurant,"17890 US-220, Rocky Mount, VA 24151, USA",
American,Hub Restaurant,"245 N Main St, Rocky Mount, VA 24151, USA",
American,Carl's Place,"15800 Old Franklin Turnpike, Penhook, VA 24137, USA",
American,Holly Jo's Creekside Grill,"25174 Virgil H Goode Hwy Ste 2, Boones Mill, VA 24065, USA",http://www.hollyjoscreeksidegrill.com/
American,Applebee's Grill + Bar,"400 Old Franklin Turnpike Unit #204, Rocky Mount, VA 24151, USA",https://restaurants.applebees.com/en-us/va/rocky-mount/400-old-franklin-turnpike-83040?utm_source=google&utm_medium=organic&utm_campaign=google_my_business&utm_term=83040&utm_content=website
American,Moosie's Bar and Grill,"16 Bridgewater Pointe Pl, Moneta, VA 24121, USA",
American,Ippy's Restaurant,"1760 N Main St, Rocky Mount, VA 24151, USA",http://ippysrestaurant.com/
American,Rocky Mount Burger Company,"467 Franklin St, Rocky Mount, VA 24151, USA",http://www.rockymountburger.com/
American,Wendy's,"400 Old Franklin Turnpike Suite 125, Rocky Mount, VA 24151, USA",https://locations.wendys.com/united-states/va/rocky-mount/400-old-franklin-turnpike?utm_source=Yext&utm_medium=Google_My_Business&utm_campaign=Local_Search&utm_content=EN_US
American,Cook Out,"12 Powder Creek Lane, Rocky Mount, VA 24151, USA",http://cookout.com/
American,419 West,"3865 Electric Rd, Roanoke, VA 24018, USA",http://www.419-west.com/
American,Elephant Walk Restaurant & Lounge,"4468 Starkey Rd, Roanoke, VA 24018, USA",
American,Seventy-Seven Restaurant,"4477 Timber Line Rd, Ferrum, VA 24088, USA",
American,Outback Steakhouse,"4380 Franklin Rd SW, Roanoke, VA 24014, USA",https://locations.outback.com/virginia/roanoke/4380-franklin-road?utm_source=gmb&utm_medium=local_search&utm_campaign=website_cta&y_source=1_MTU1MDIwNTYtNzE1LWxvY2F0aW9uLndlYnNpdGU%3D
American,The Landing Restaurant,"1217 Graves Harbor Trail, Huddleston, VA 24104, USA",http://www.thelandingsml.com/
American,Bojangles,"30 Market Pl Dr, Rocky Mount, VA 24151, USA",https://locations.bojangles.com/va/rocky-mount/30-marketplace-drive.html
American,BILLY’S,"102 Market St SE, Roanoke, VA 24011, USA",http://www.billysroanoke.com/
American,Dairy Queen Grill & Chill,"995 Franklin St, Rocky Mount, VA 24151, USA",http://www.arringtonmanagementgroup.com/
American,Bowlings Place,"5376 Franklin St, Rocky Mount, VA 24151, USA",
American,Fork in the Market,"32 Market Square SE #128, Roanoke, VA 24011, USA",http://www.forksinroanoke.com/
British,Ye Olde King's Head,"116 Santa Monica Blvd, Santa Monica, CA 90401, USA",https://www.yeoldekingshead.com/
Thai,Thai House Restaurant,"187 Telegraph Rd, Bellingham, WA 98226, USA",
Thai,Supon's Thai Kitchen,"111 N Samish Way, Bellingham, WA 98225, USA",http://www.supons.com/
Thai,Thai Maison,"2430 James St, Bellingham, WA 98225, USA",http://www.thaimaison.com/
Thai,Bangkok Bistro Fine Thai Cuisine,"104 Lila Ln, Burlington, WA 98233, USA",https://bangkokbistroburlington.com/
Thai,Patsara Thai,"528 Carnarvon St, New Westminster, BC V3L 1C4, Canada",https://www.patsara.ca/
Thai,Thai Rhapsody,"15021 Main St I, Mill Creek, WA 98012, USA",http://www.thairhapsody.com/
Thai,Thai Bistro Mill Creek,"1018 164th St SE Suite #A14, Mill Creek, WA 98012, USA",http://www.thaibistromillcreek.com/
Thai,La Conner Thai Garden,"508 Morris St, La Conner, WA 98257, USA",https://smorefood.com/order-online/la-conner-thai-garden-la-conner-98257-x2212pkq?utm_source=gmb&utm_medium=website
Thai,Gold Bar Thai Cuisine,"101 9th St, Gold Bar, WA 98251, USA",http://www.goldbarthai.com/
Thai,Thai Orchard,"2505 SE Mile Hill Dr Suite 101, Port Orchard, WA 98366, USA",http://thaiorchardwa.smiledining.com/
Japanese,Tokyo House,"1222 N Garden St, Bellingham, WA 98225, USA",
Chinese,Xing's Panda Palace,"1145 E Sunset Dr #115, Bellingham, WA 98226, USA",http://www.pandapalacebellingham.com/
Chinese,China Palace Restaurant,"4444 Meridian St, Bellingham, WA 98226, USA",http://www.chinapalacebellingham.com/
Indian,India Grill Restaurant,"1215 Cornwall Ave, Bellingham, WA 98225, USA",http://indiagrill.us/
Indian,TASTE OF INDIA,"3930 Meridian St #107, Bellingham, WA 98226, USA",https://tasteofindiabellinghamwa.com/
Indian,Tandoori Bites,"505 32nd St STE 104, Bellingham, WA 98225, USA",https://tandooribites.us/
Indian,Taste of India,"420 W Gates St, Mount Vernon, WA 98273, USA",http://www.tasteofindiaskagit.com/
Canadian,Cactus Club Cafe Coal Harbour,"1085 Canada Pl, Vancouver, BC V6C 0C3, Canada",https://www.cactusclubcafe.com/locations/coal-harbour/
Canadian,Canadiana Grill By The Lake,"2454 Lake Shore Blvd W, Toronto, ON M8V 1C9, Canada",https://www.facebook.com/canadianagrillbtl/
Canadian,BOTANIST,"1038 Canada Pl, Vancouver, BC V6C 0B9, Canada",https://www.botanistrestaurant.com/?utm_source=google+Maps&utm_medium=seo+maps&utm_campaign=seo+maps&y_source=1_MTU4OTA1NDItNzE1LWxvY2F0aW9uLndlYnNpdGU%3D
Canadian,Canadiana Restaurant,"5230 Dundas St W, Etobicoke, ON M9B 1A8, Canada",http://www.canadianarest.com/
Canadian,Oceans 999,"999 Canada Pl #300, Vancouver, BC V6C 3B5, Canada",https://www.panpacific.com/en/hotels-resorts/canada/vancouver/stay/dining/oceans-999.html
Russian,From Russia With Love,"4250 SW Rose Biggi Ave, Beaverton, OR 97005, USA",https://www.fromrussiawithloveor.com/
Jewish,Kosher Nosh Deli Restaurant & Catering,"894 Prospect St, Glen Rock, NJ 07452, USA",http://www.koshernosh.com/
Polish,Sebi's Bistro,"1714 18th Ave, Seattle, WA 98122, USA",https://sebisbistro.com/
German,The Old Bavaria Haus Restaurant,"233 6th St, New Westminster, BC V3L 3A5, Canada",http://www.oldbavariahaus.com/
German,Rhein Haus Seattle,"912 12th Ave, Seattle, WA 98122, USA",http://www.rheinhausseattle.com/
German,Prost!,"7311 Greenwood Ave N, Seattle, WA 98103, USA",http://www.prosttavern.net/
German,Deutsches Haus (Vancouver Alpen Club),"4875 Victoria Dr, Vancouver, BC V5N 4P3, Canada",https://www.vacbc.ca/
Hawaiian,Hawaii BBQ & Noodle House,"1212 E Sunset Dr, Bellingham, WA 98226, USA",
Hawaiian,Kona Kitchen - Lynnwood,"3805 196th St SW, Lynnwood, WA 98036, USA",http://konakitchen.com/
Hawaiian,Hawaiian Sun BBQ,"607 SE Everett Mall Way #4, Everett, WA 98208, USA",
Hawaiian,Aloha Hawaiian Grill,"18016 71st Ave S, Kent, WA 98032, USA",
Hawaiian,Taste of Aloha-Krachelz Ohana,"514 State Ave STE 106, Marysville, WA 98270, USA",https://www.ordertasteofaloha.com/
Hawaiian,Aloha Grill,"210 SW 43rd St, Renton, WA 98057, USA",http://www.alohagrillrenton.com/
Hawaiian,Bobby's Hawaiian Style Restaurant,"14626 Hwy 99 #101, Lynnwood, WA 98087, USA",https://www.bobbyshawaiian.com/
Hawaiian,Ohana Hawaiian Cafe,"10608 SE Main St, Milwaukie, OR 97222, USA",http://www.ohanahawaiiancafe.com/
Hawaiian,ALOHA PLATES,"511 S Weller St, Seattle, WA 98104, USA",https://www.alohaplates-sea.com/
Hawaiian,Kona Kitchen - Seattle,"8501 5th Ave NE, Seattle, WA 98115, USA",http://www.konakitchen.com/
Hawaiian,Kauai Family Restaurant,"6324 6th Ave S, Seattle, WA 98108, USA",http://www.kauaifamilyrestaurant.co/
Hawaiian,Ohana Hawaiian Cafe,"6320 NE Sandy Blvd, Portland, OR 97213, USA",http://www.ohanahawaiiancafe.com/
Hawaiian,Hawaiian Grill,"105 SE Baseline St, Hillsboro, OR 97123, USA",
Hawaiian,Hawaiian Plate,"St Helens, OR 97051, USA",
Hawaiian,Aloha Island Grill,"1220 W Francis Ave, Spokane, WA 99205, USA",http://www.eataloha.com/
Hawaiian,Lei'd Back Hawaiian Cuisine,"3905 SE 82nd Ave, Portland, OR 97266, USA",
Brazilian,Rio Brazilian Steak House Coquitlam,"2729 Barnet Hwy, Coquitlam, BC V3E 1K9, Canada",https://riobraziliansteakhouse.ca/
Peruvian,Silvestre Deli & Bistro,"317 Water St, Vancouver, BC V6B 1B8, Canada",http://www.silvestregustolatino.com/
Salvadorian,Morazan Salvadorian Restaurant,"410 W Bakerview Rd #108, Bellingham, WA 98226, USA",https://morazansalvadorianrestaurantwa.com/
Cuban,El Cubano To Go,"19920 Aurora Ave N, Shoreline, WA 98133, USA",https://elcubanotogowa.com/
Tibetan,Tibetan Kitchen Cafe,"680 Broughton St, Victoria, BC V8W 2C1, Canada",https://tibetankitchencafe.com/
Egyptian,Egyptian Kitchen Restaurant,"30112 Ford Rd, Garden City, MI 48135, USA",https://www.egyptiankitchenrestaurant.com/
Greek,Five Columns Greek Restaurant,"1301 E Maple St, Bellingham, WA 98225, USA",http://www.fivecolumns.com/
Greek,Cafe Akroteri,"1219 Cornwall Ave, Bellingham, WA 98225, USA",http://www.cafeakroteri.com/
Greek,Syros Greek & Italian Restaurant,"311 Front St, Lynden, WA 98264, USA",http://www.syrosgreekrestaurants.com/
Greek,Mykonos Greek Grill,"310 NE 72nd St, Seattle, WA 98115, USA",http://www.mykonosgreekgrillseattle.com/
Greek,Kafe Neo Mill Creek,"15130 Main St, Mill Creek, WA 98012, USA",https://www.kafeneo.net/
Greek,Georgia's Greek Restaurant Food Truck Market & Deli,"8007 Lake City Way NE, Seattle, WA 98115, USA",https://www.georgiasgreektogo.com/?y_source=1_MjcxMjc0OTAtNzE1LWxvY2F0aW9uLndlYnNpdGU%3D#home
Greek,Greek Pita,"18404 120th Ave NE, Bothell, WA 98011, USA",http://greek-pita-bothell.keeq.io/
Belgian,Taste of Belgium – The Greene,"10 Greene Blvd, Beavercreek, OH 45440, USA",https://authenticwaffle.com/
Irish,McCreary's Irish Pub & Eatery,"414 Main St, Franklin, TN 37064, USA",http://mccrearyspub.com/
Irish,O'Malley's On Main,"140 Main St, Seal Beach, CA 90740, USA",http://www.omalleyssealbeach.com/
Irish,Irish Cottage Inn,"602 NJ-23, Franklin, NJ 07416, USA",http://www.irishcottageinn.net/
Irish,Mulligans Irish Pub & Grill,"8933 S 27th St, Franklin, WI 53132, USA",http://www.mulliganson27th.com/
Irish,Waterhorse Irish Pub,"361 Central St, Franklin, NH 03235, USA",http://thewaterhorsepub.com/
Irish,Fadó Irish Pub,"4022 Townsfair Way, Columbus, OH 43219, USA",https://fadoirishpub.com/columbus/?utm_source=gmb&utm_medium=yext
Irish,Mulleady's Irish Pub,"3055 21st Ave W, Seattle, WA 98199, USA",http://mulleadysirishpub.com/
Irish,The Shannon Rose Irish Pub,"1200 NJ-17, Ramsey, NJ 07446, USA",https://www.theshannonrose.com/
Irish,Kennedy's Irish Pub,"1055 W Huron St, Waterford Twp, MI 48328, USA",http://places.singleplatform.com/kennedys-irish-pub
Irish,McCreary's Irish Pub & Eatery,"814 S Main St, Columbia, TN 38401, USA",https://mccrearyspub.com/
Irish,Celtic Corner Restaurant and Pub,"312 Lafayette Ave, Hawthorne, NJ 07506, USA",https://celticcornernj.com/
Irish,The Blarney Stone Tavern,"2245 W Granville Rd, Columbus, OH 43085, USA",http://www.blarneystonetavern.com/
Irish,Byrne's Pub,"1248 W 3rd Ave, Columbus, OH 43212, USA",http://www.byrnespub.com/
Irish,Silky Sullivan's Restaurant & Irish Pub,"10201 Slater Ave, Fountain Valley, CA 92708, USA",http://www.silkysullivans.com/
Irish,The Irish Times Pub,"975 Main St, Holbrook, NY 11741, USA",http://www.irishtimespubny.com/
Irish,K.C. Branaghan's Irish Pub and Restaurant,"5734 2nd St, Long Beach, CA 90803, USA",http://www.kcbranaghans.com/
Irish,Kathleen's Irish Pub,"90 Lake St, Bristol, NH 03222, USA",http://www.kathleensirishpub.com/
Irish,Ireland's Pub,"33401 Harper Ave, Clinton Twp, MI 48035, USA",https://irelandspubclintontwp.com/
Irish,Rí Rá Irish Pub,"123 Church St, Burlington, VT 05401, USA",http://www.rira.com/burlington
Irish,Molly Darcy's Irish Pub & Restaurant,"1701 S Ocean Blvd, North Myrtle Beach, SC 29582, USA",http://www.mollydarcy.com/
Welsh,The Welsh Harp Inn,"Hirwaun Rd, Trecynon, Aberdare CF44 8LU, UK",
Cajun,Bayou On Bay,"1300 Bay St, Bellingham, WA 98225, USA",http://www.bayouonbay.com/
Portuguese,"Petiscos ""Downtown""","399 S 1st St, San Jose, CA 95113, USA",http://petiscosadega.com/
Turkish,Anatolia's Gate Restaurant,"7084 Kingsway, Burnaby, BC V5E 1E7, Canada",http://www.anatoliasgaterestaurant.com/
Haitian,Juju's Caribbean Kitchen,"4611 36th Ave SW, Seattle, WA 98126, USA",
Tahitian,Former location of the Kahiki Polynesian Restaurant,"3583 E Broad St, Columbus, OH 43213, USA",
Kenyan,Dijah's Kitchen - African Restaurant,"16108 Ash Way #103, Lynnwood, WA 98087, USA",http://www.dijahskitchen.com/
Kenyan,Safari Njema,"5041 Rainier Ave S suite 107, Seattle, WA 98118, USA",
Kenyan,Hadiani African Restaurant,"22003 66th Ave W d2, Mountlake Terrace, WA 98043, USA",http://www.hadianirestaurant.com/?utm_source=google&utm_medium=wix_google_business_profile&utm_campaign=12254110818708891448
Kenyan,Rafiki Restaurant and Lounge,"226 1st Ave S, Kent, WA 98032, USA",http://rafikirestaurantandlounge.com/
Kenyan,Kilimanjaro Restaurant and cafe llc,"16006 International Blvd, SeaTac, WA 98188, USA",
Kenyan,Bantaba African Restaurant,"19417 36th Ave W, Lynnwood, WA 98036, USA",
Korean,Shilla Korean Restaurant,"1031 Kingsway, Vancouver, BC V5V 3C7, Canada",http://shillakorean.ca/
Korean,YunGaNe Korean Restaurant,"1204 Cornwall Ave, Bellingham, WA 98225, USA",http://yunganebellingham.com/
Algerian,Schera's Algerian American Restaurant,"107 S Main St, Elkader, IA 52043, USA",http://scheras.com/
Nigerian,Blue Nile African Restaurant,"612 Head St #3, Victoria, BC V9A 5S8, Canada",http://www.bluenilerestaurantvictoria.com/
Libyan,Falahi Bro's Middle Eastern Cuisine,"609 W 11th St, Vancouver, WA 98660, USA",https://www.falahibro.com/
Moroccan,Moltaqa Moroccan Restaurant Mainland Street Yaletown,"1002 Mainland St, Vancouver, BC V6B 6J8, Canada",https://www.moltaqarestaurant.ca/
Lebanese,Maroun Mediterranean Grill,"366 Roy St, Seattle, WA 98109, USA",https://www.marounmedgrill.com/
Lebanese,Yalla Seattle,"1510 E Olive Wy, Seattle, WA 98122, USA",http://yallaseattle.com/
Lebanese,Lebanon Restaurant & Cafe,"707 West 5th Avenue On, S Wall St side, Spokane, WA 99204, USA",https://lebanonspokane.com/
Lebanese,Falahi Bro's Middle Eastern Cuisine,"609 W 11th St, Vancouver, WA 98660, USA",https://www.falahibro.com/
Vietnamese,Pho Ly,"5559, 4151 Meridian St # 113, Bellingham, WA 98226, USA",
Vietnamese,Pho 360,"232 36th St, Bellingham, WA 98225, USA",https://www.ordervikingfood.com/r/1724/restaurants/delivery/Vietnamese/Pho-360-Bellingham
Vietnamese,Pho Century Fine Vietnamese Cuisine,"6701 Kingsway, Burnaby, BC V5E 1E4, Canada",https://phocentury.ca/
Vietnamese,Pho 99,"3503 Byron Ave, Bellingham, WA 98225, USA",
Vietnamese,Ivy's Kitchen Vietnamese Restaurant,"4598 Main St, Vancouver, BC V5V 3R5, Canada",
Vietnamese,Kim Son Vietnamese Food,"555 W 12th Ave #030, Vancouver, BC V5Z 3X7, Canada",
Vietnamese,Saigon Cafe,"1046 Lakeway Dr, Bellingham, WA 98229, USA",https://www.instagram.com/saigoncafewa2023/
Vietnamese,Pho To Liem,"209 E Casino Rd, Everett, WA 98208, USA",
Vietnamese,Banh Mi Pho U!,"22118 20th Ave SE G-127, Bothell, WA 98021, USA",http://banhmiphou.biz/
Vietnamese,SAIGON PHO & BANH MI,"6519 4th Ave S, Seattle, WA 98108, USA",https://www.saigonphonbanhmi.com/
Hungarian,Budapest Bistro,"12926 Mukilteo Speedway, Lynnwood, WA 98037, USA",
Mediterranean,Mediterranean Specialties Cafe,"505 32nd St STE 109, Bellingham, WA 98225, USA",https://www.facebook.com/bhammedspec/
Mediterranean,Cafe Akroteri,"1219 Cornwall Ave, Bellingham, WA 98225, USA",http://www.cafeakroteri.com/
Mediterranean,Five Columns Greek Restaurant,"1301 E Maple St, Bellingham, WA 98225, USA",http://www.fivecolumns.com/
Mediterranean,Petra Mediterranean Bistro,"2501 4th Ave, Seattle, WA 98121, USA",https://www.petrabistro.com/
Mediterranean,Marlaina's Mediterranean Kitchen,"643 SW 152nd St, Burien, WA 98166, USA",http://marlainasrestaurant.com/
Mediterranean,Falahi Bro's Middle Eastern Cuisine,"609 W 11th St, Vancouver, WA 98660, USA",https://www.falahibro.com/
Ethiopian,Axum Restaurant,"1279 E Hastings St, Vancouver, BC V6A 1S4, Canada",http://www.axumrestaurant.ca/
Ethiopian,Ambo Ethiopian Cuisine,"902 N State St, Bellingham, WA 98225, USA",https://www.amboethiopian.com/
Ethiopian,Harambe Ethiopian Restaurant,"2149 Commercial Dr, Vancouver, BC V5N 4B3, Canada",
Ethiopian,Gojo Café Ethiopia I Ethiopian Cuisine,"2838 Commercial Dr, Vancouver, BC V5N 4C6, Canada",http://www.gojocafe.com/
Ethiopian,Adey Abeba Ethiopian Restaurant,"2123 E Union St, Seattle, WA 98122, USA",https://adeyabeba.net/
Ethiopian,Zobel Ethiopian Cuisine,"1219 E Jefferson St, Seattle, WA 98122, USA",http://zobelethiopianwa.com/
Ethiopian,Ahadu Ethiopian Restaurant,"1508 NE 117th St, Seattle, WA 98125, USA",http://www.ahadu-ethiopian-restaurant.net/
Ethiopian,Zagol Ethiopian Restaurant,"2722 E Cherry St, Seattle, WA 98122, USA",http://www.zagolethiopianrestaurant.com/
Ethiopian,Jebena Cafe,"1510 NE 117th St, Seattle, WA 98125, USA",https://www.jebenacafe.com/
Ethiopian,Blue Nile Ethiopian Restaurant,"7821 Rainier Ave S, Seattle, WA 98118, USA",
Ethiopian,Cafe Selam,"2715 E Cherry St B, Seattle, WA 98122, USA",https://www.cafeselam.com/
Ethiopian,Massawa Eritrean & Ethiopian Restaurant,"4411 S Mead St, Seattle, WA 98118, USA",
Ethiopian,Shewa-Ber Bar & Restaurant,"1801 S Jackson St, Seattle, WA 98144, USA",http://www.shewa-ber.com/
Ethiopian,Cafe Ibex,"3219 Martin Luther King Jr Way S, Seattle, WA 98144, USA",
Ethiopian,Ras Dashen Restaurant,"2801 E Cherry St, Seattle, WA 98122, USA",http://www.rasdashenseattle.com/
Ethiopian,Queen Sheba Ethiopian Restaurant,"916 E John St, Seattle, WA 98102, USA",
Ethiopian,Enat Ethiopian Restaurant,"11546-11552, 11546 15th Ave NE, Seattle, WA 98125, USA",https://m.facebook.com/EnatEthiopianRestaurant/
Ethiopian,Adulis Eritrean and Ethiopian Restaurant,"10515 Greenwood Ave N, Seattle, WA 98133, USA",http://adulisrestaurant.com/
Ethiopian,Dukem Restaurant and Market,"215 SW 152nd St, Burien, WA 98166, USA",
Ethiopian,Agelgil Ethiopian Restaurant Seattle,"2800 E Cherry St a, Seattle, WA 98122, USA",https://www.seattleethiopianrestaurant.com/
Caribbean,Taste of the Caribbean,"1212 E Jefferson St, Seattle, WA 98122, USA",http://www.tasteofthecaribbeanseattle.com/
Soul,Simply Soulful,"2321 S Jackson St, Seattle, WA 98144, USA",http://www.simplysoulfulcafe.com/
Argentinian,Patagōn,"1610 2nd Ave, Seattle, WA 98101, USA",https://www.patagonseattle.com/?utm_source=extnet&utm_medium=yext
Chilean,Al Chile,"1340 Davie St, Vancouver, BC V6E 1N6, Canada",https://instagram.com/alchilevan?igshid=MzRlODBiNWFlZA==
Colombian,El Parche Colombiano,"11740 15th Ave NE, Seattle, WA 98125, USA",http://www.elparchecolombiano.com/
Costa Rican,"Local Restaurant, Costa Rican Food","WWGG+2JG, San José Province, San José, Barrio Luján, Costa Rica",
Danish,Taste of Denmark,"142 University Ave, San Diego, CA 92103, USA",http://www.truetasteofdenmark.com/
Dutch,Dutch Treat Restaurant,"206 3rd St, Lynden, WA 98264, USA",https://m.facebook.com/dutchtreatlynden/
Ecuadorian,La Esquina Ambateña,"4300 Bergenline Ave, Union City, NJ 07087, USA",https://facebook.com/LaEsquinaAmbatena
Finnish,Finnish Bistro Coffee & Cafe,"2264 Como Ave, St Paul, MN 55108, USA",http://www.finnishbistro.com/
Ghanaian,Dijah's Kitchen - African Restaurant,"16108 Ash Way #103, Lynnwood, WA 98087, USA",http://www.dijahskitchen.com/
Ghanaian,Bantaba African Restaurant,"19417 36th Ave W, Lynnwood, WA 98036, USA",
Ghanaian,Hadiani African Restaurant,"22003 66th Ave W d2, Mountlake Terrace, WA 98043, USA",http://www.hadianirestaurant.com/?utm_source=google&utm_medium=wix_google_business_profile&utm_campaign=12254110818708891448
Ghanaian,"Intercontinental Nigerian/African Restaurant (BEST, Authentic, ECOWAS_🇳🇬🇨🇲 , African Cuisine)","5777 Cleveland Ave, Columbus, OH 43231, USA",
Ghanaian,West African Restaurant,"1890 Tamarack Cir S, Columbus, OH 43229, USA",
Ghanaian,Brooklyn Suya,"717 Franklin Ave, Brooklyn, NY 11238, USA",https://www.brooklynsuya.com/
Ghanaian,Asanka Delight African Cuisine,"2021 NJ-27, Somerset, NJ 08873, USA",
Ghanaian,Drelyse African Restaurant,"1911 Tamarack Cir N, Columbus, OH 43229, USA",https://www.drelyseafricanrestaurant.com/
Ghanaian,Pass D Jollof,"5600 Roosevelt Way NE #103, Seattle, WA 98105, USA",http://passdjollof.com/
Guatemalan,Las delicias Guatemala Restaurant,"24354 Muirlands Blvd, Lake Forest, CA 92630, USA",https://lasdeliciasguatemalarestaurant.com/
Honduran,Mi Bella Honduras RESTAURANT.,"29500 Pacific Hwy S j, Federal Way, WA 98003, USA",
Icelandic,Icelandic Street Food,"Lækjargata 8, 101 Reykjavík, Iceland",http://www.icelandicfoods.com/
Indonesian,Peranakan Kitchen (P'Kay),"1122 5th Ave, New Westminster, BC V3M 1Y6, Canada",https://perkit.ca/
Indonesian,Bali Thai,"88 W Pender St, Vancouver, BC V6B 1R3, Canada",https://www.balithaivancouver.com/
Indonesian,Indo Cafe,"13754 Aurora Ave N Suite D, Seattle, WA 98133, USA",http://www.myindocafe.com/
Indonesian,Waroeng Jajanan​,"22315 Hwy 99 i, Edmonds, WA 98026, USA",
Iranian,Cazba Persian Grill Express,"9855 Austin Ave #106, Burnaby, BC V3J 1N4, Canada",https://cazbarestaurant.com/
Iraqi,King Tut Mediterranean Restaurant,"13510 Aurora Ave N, Seattle, WA 98133, USA",
Israeli,Haifa Restaurant,"8717 W Pico Blvd, Los Angeles, CA 90035, USA",
Jamaican,Taste of the Caribbean,"1212 E Jefferson St, Seattle, WA 98122, USA",http://www.tasteofthecaribbeanseattle.com/
Jamaican,Just Like Home Jamaican Kitchen,"9625 Renton Ave S, Seattle, WA 98118, USA",
Kuwaiti,Freej Swaeleh - Mubarakiya,"9XFF+229, Aljazair St, Al Kuwayt, Kuwait",
Kuwaiti,Kuwaiti Cusinie Restaurant,"مركز علياء،، 9M39+WV شارع محمد ضيف الله القحص، Al Jahra, Kuwait",https://kuwaiti-cuisine.com/
Kuwaiti,Restaurant Fanr albet,"مقابل العارضيه، Ardiya, Kuwait",
Laotian,Flavor Thai & Lao Bowl,"208 SW 43rd St, Renton, WA 98057, USA",https://flavorlaobowl.square.site/
Lithuanian,Smilga,"2819 83rd St, Darien, IL 60561, USA",http://www.smilgabakery.com/
Malaysian,Green & Oak Malaysian Restaurant,"3760 Hastings St, Burnaby, BC V5C 2H5, Canada",https://www.greenandoak.com/
Malaysian,IPOH Malaysian Cuisine,"2127-4500 Kingsway, Burnaby, BC V5H 2A9, Canada",https://www.facebook.com/ipohmalaysiancuisine/
Malaysian,Malaysian Hut,"14727 108 Ave, Surrey, BC V3R 1V9, Canada",http://www.malaysianhutrestaurant.com/
Malaysian,Ipoh Malay Cuisine,"1316 W 73rd Ave, Vancouver, BC V6P 4M9, Canada",https://www.ipohmalaycuisine.ca/
Malaysian,Penang Bistro Fine Malaysian Cuisine(10% OFF for Orders from Our Website!),"3932 Fraser St, Vancouver, BC V5V 4E4, Canada",https://penangbistro.zomi.menu/
Malaysian,Kopitiam Malaysia,"3885 Rupert St, Vancouver, BC V5R 2G7, Canada",https://kopitiammalaysia.ca/
Malaysian,Tropika,"2975 Cambie St, Vancouver, BC V5Z 2V7, Canada",http://www.tropikavancouver.ca/
Malaysian,Mamalee - Broadway,"3144 W Broadway, Vancouver, BC V6K 2H3, Canada",http://www.mamalee.ca/
Malaysian,Laksa King,"2546 E Hastings St, Vancouver, BC V5K 1Z3, Canada",https://laksaking.ca/
Malaysian,Malay Satay Hut,"5540, 15230 NE 24th St, Redmond, WA 98052, USA",https://www.malaysatay.com/
Malaysian,Kedai Makan,"1449 E Pine St, Seattle, WA 98122, USA",http://www.kedaimakansea.com/
Malaysian,Reunion Malaysian Cafe + Kitchen,"339 Kirkland Ave C, Kirkland, WA 98033, USA",
Malaysian,Ipoh Garden Malaysian Cuisine,"100 El Camino Real, Millbrae, CA 94030, USA",https://smorefood.com/order-online/ipoh-garden-malaysian-cuisine-millbrae-94030-kv9ifbyu?utm_source=gmb&utm_medium=website
Malaysian,Shiok Singaporean Cuisine,"1716 Kingsway, Vancouver, BC V5N 2S4, Canada",http://shiok.ca/
Mongolian,The Great Mongolian BBQ,"British Columbia, Lougheed Hwy. #460 Maple Ridge, BC V2X 2V5, Canada",http://www.thegreatmongolianbbq.com/
Nepalese,Royal Nepalese Momo Palace - #1 Place for Momos + Sugarcane Juice,"3490 Kingsway, Vancouver, BC V5R 5L7, Canada",https://www.royalmomopalace.com/
Nicaraguan,Las Segovias,"8014 Seville Ave, Huntington Park, CA 90255, USA",https://lassegoviasca.com/
Norwegian,Svensken A taste of Scandinavia,"22320 NE Halsey St, Fairview, OR 97024, USA",https://www.svensken.net/
Pakistani,Salateen Grill,"195 E Campus View Blvd, Columbus, OH 43235, USA",http://www.salateenonline.com/
Paraguayan,I Love Paraguay Restaurant,"4316 Greenpoint Ave, Queens, NY 11104, USA",http://www.ilovepy.com/
Peruvian,Silvestre Deli & Bistro,"317 Water St, Vancouver, BC V6B 1B8, Canada",http://www.silvestregustolatino.com/
Philippine,Pampanga’s Cuisine Home of the Original Sisig,"5179 Joyce St, Vancouver, BC V5R 4G8, Canada",http://pampangascuisine.ca/
Philippine,Kulinarya Filipino Eatery,"2922 Glen Dr, Coquitlam, BC V3B 2P5, Canada",http://www.kulinarya.ca/
Philippine,PLATO FILIPINO,"5175 Joyce St, Vancouver, BC V5R 4G8, Canada",
Philippine,"Max's Restaurant Vancouver, Cuisine of the Philippines","3546 Kingsway, Vancouver, BC V5R 5L7, Canada",https://www.maxsrestaurantna.com/vancouver
Philippine,La Meza Grill,"11955 88 Ave, Delta, BC V4C 3C9, Canada",http://www.lamezagrill.com/
Philippine,Hapag Ihaw-Ihaw Restaurant,"5432 Victoria Dr, Vancouver, BC V5P 3V7, Canada",http://hapagrestaurant.com/
Philippine,The Filipino Noodle Joint,"180 Keefer Street Unit 111 - China Town Plaza, Vancouver, BC V6A 4E9, Canada",http://www.thefilipinonoodlejoint.com/
Philippine,Pin Pin Restaurant,"6113 Fraser St, Vancouver, BC V5W 2Z9, Canada",http://www.pinpinrestaurant.com/
Philippine,PAMPANGA’S CUISINE Home of the Original Sisig,"6094 Fraser St, Vancouver, BC V5W 2Z7, Canada",https://pampangascuisine.ca/
Philippine,Pampanga's Best Cafeteria,"4279 Fraser St, Vancouver, BC V5V 4G1, Canada",http://pampangasbestcafeteria.com/
Philippine,Kulinarya Filipino Eatery,"1134 Commercial Dr, Vancouver, BC V5L 3X2, Canada",http://www.kulinarya.ca/
Philippine,Oriental Mart Filipino Restaurant,"1506 Pike Pl #509, Seattle, WA 98101, USA",
Philippine,Fil Cuisine,"23843 108th Ave SE, Kent, WA 98031, USA",https://filcuisine.com/
Philippine,D'Unik Filipino Restaurant,"18010 15th Ave NE, Shoreline, WA 98155, USA",
Philippine,88 Cues - Filipino Classics,"1601 Dexter Ave N, Seattle, WA 98109, USA",https://www.88cues.com/
Philippine,Mekenie Pampangga’s Special | Filipino Restaurant,"16928 116th Ave SE, Renton, WA 98058, USA",
Philippine,Musang,"2524 Beacon Ave S, Seattle, WA 98144, USA",https://www.musangseattle.com/
Polish,Sebi's Bistro,"1714 18th Ave, Seattle, WA 98122, USA",https://sebisbistro.com/
Puerto Rican,Borikén Restaurant,"305 E Galena Blvd, Aurora, IL 60505, USA",https://www.facebook.com/borikenrestaurant/
Romanian,Sunset Bistro llc,"354 Sunset Blvd N, Renton, WA 98057, USA",
Saudi Arabian,Falahi Bro's Middle Eastern Cuisine,"609 W 11th St, Vancouver, WA 98660, USA",https://www.falahibro.com/
Singaporean,Singapore Hawker Burnaby,"7150 Sperling Ave, Burnaby, BC V5E 2W5, Canada",http://www.singaporehawker.ca/
Singaporean,Singapore Hawker,"1169 Pacific St #120, Coquitlam, BC V3B 0J1, Canada",http://www.singaporehawker.ca/
Singaporean,Shiok Singaporean Cuisine,"1716 Kingsway, Vancouver, BC V5N 2S4, Canada",http://shiok.ca/
Singaporean,Prata-Man Singapore Cuisine,"9060 Capstan Wy, Richmond, BC V6X 3N6, Canada",https://prata-man-richmond.business.site/
Somali,Sahara Cafe Somali Cuisine,"13919 Tukwila International Blvd, Tukwila, WA 98168, USA",
Somali,Juba Restaurant & Café,"14223 Tukwila International Blvd, Tukwila, WA 98168, USA",
Somali,Somalian Food,"25420 104th Ave SE, Kent, WA 98030, USA",http://somalianfood.com/
Somali,Mama Sambusa Kitchen,"8319 Wabash Ave S Suite C, Seattle, WA 98118, USA",https://www.mamasambusakitchen.com/?utm_source=google&utm_medium=wix_google_business_profile&utm_campaign=2280415176859227161
South African,African Soulfood,"585 Franklin Gateway SE, Marietta, GA 30067, USA",http://theafricansoulfood.com/
Sri Lankan,Canra Sri-Lankan Cuisine,"88 W Pender St #2025, Vancouver, BC V6B 6N9, Canada",
Swiss,Swiss Hibiscus,"4950 NE 14th Ave, Portland, OR 97211, USA",http://www.swisshibiscus.com/
Syrian,Syriana Restaurant & Catering,"1258 Esquimalt Rd, Victoria, BC V9A 3P3, Canada",http://syrianacatering.ca/
Taiwanese,Bubble 88,"10209 King George Blvd #102, Surrey, BC V3T 2W6, Canada",https://bubble88.business.site/
Taiwanese,Ding Hao Noodle House,"2773 Barnet Hwy #4, Coquitlam, BC V3B 1C2, Canada",http://www.dinghaonoodlehouse.com/
Taiwanese,台風 Typhoon Bubble Tea Taiwanese Cuisine,"11700 Cambie Rd. #175, Richmond, BC V6X 1L5, Canada",https://typhoonbbt.ca/
Taiwanese,Chef Hung Taiwanese Beef Noodle,"3313 Shrum Lane #102, Vancouver, BC V6S 0C8, Canada",http://www.chefhungnoodle.com/
Taiwanese,Wang's Taiwan Beef Noodle House,"8390 Granville St, Vancouver, BC V6P 4Z7, Canada",https://wangstaiwanhouse.com/
Taiwanese,Joys Taiwanese Food,"4380 No. 3 Rd, Richmond, BC V6X 3V7, Canada",
Taiwanese,Dago Taiwanese Restaurant- West Covina,"648 S Sunset Ave, West Covina, CA 91790, USA",https://www.fetail.com/storev2/shop?store_id=41
Taiwanese,Looking for Chai Taiwanese Kitchen,"12121 Northup Way #205, Bellevue, WA 98005, USA",https://www.facebook.com/lookingforchai2/
Taiwanese,Little Taipei Restaurant,"2245 140th Ave NE, Bellevue, WA 98005, USA",
Taiwanese,Chef Hung Taiwanese Beef Noodle,"4151 Hazelbridge Wy #2800, Richmond, BC V6X 4J7, Canada",http://www.chefhungnoodle.com/
Taiwanese,Facing East | Taiwanese Restaurant,"12736 Bel-Red Rd, Bellevue, WA 98005, USA",https://www.facingeastbellevue.com/
Taiwanese,Looking for Chai,"22511 Hwy 99 Suite 100, Edmonds, WA 98026, USA",https://steve11977.wixsite.com/looking-for-chai
Taiwanese,MonGa Café,"14603 NE 20th St, Bellevue, WA 98007, USA",https://www.mongacafe.com/
Taiwanese,Yung Ho Soy Drink,"8181 Cambie Rd., Richmond, BC V6X 3X9, Canada",http://www.yunghosoydrink.com/
Thai,Thai House Restaurant,"187 Telegraph Rd, Bellingham, WA 98226, USA",
Thai,Supon's Thai Kitchen,"111 N Samish Way, Bellingham, WA 98225, USA",http://www.supons.com/
Thai,Thai Maison,"2430 James St, Bellingham, WA 98225, USA",http://www.thaimaison.com/
Thai,Bangkok Bistro Fine Thai Cuisine,"104 Lila Ln, Burlington, WA 98233, USA",https://bangkokbistroburlington.com/
Thai,Patsara Thai,"528 Carnarvon St, New Westminster, BC V3L 1C4, Canada",https://www.patsara.ca/
Thai,Thai Rhapsody,"15021 Main St I, Mill Creek, WA 98012, USA",http://www.thairhapsody.com/
Thai,Thai Bistro Mill Creek,"1018 164th St SE Suite #A14, Mill Creek, WA 98012, USA",http://www.thaibistromillcreek.com/
Thai,La Conner Thai Garden,"508 Morris St, La Conner, WA 98257, USA",https://smorefood.com/order-online/la-conner-thai-garden-la-conner-98257-x2212pkq?utm_source=gmb&utm_medium=website
Thai,Gold Bar Thai Cuisine,"101 9th St, Gold Bar, WA 98251, USA",http://www.goldbarthai.com/
Thai,Thai Orchard,"2505 SE Mile Hill Dr Suite 101, Port Orchard, WA 98366, USA",http://thaiorchardwa.smiledining.com/
Tunisian,Moun Of Tunis Restaurant,"7445 1/2 Sunset Blvd, Los Angeles, CA 90046, USA",http://www.mounoftunis.com/index.html
Ukrainian,Ukrainian Village,"815 Denman St, Vancouver, BC V6G 2L7, Canada",https://ukrainianvillage.wixsite.com/canada
Uruguayan,La Gran Uruguaya Restaurant,"85-02 37th Ave, Jackson Heights, NY 11372, USA",http://lagranuruguaya.com/
Venezuelan,Paparepas Venezuelan Food,"1620 Broadway, Seattle, WA 98122, USA",http://www.paparepas.com/
Vietnamese,Pho Ly,"5559, 4151 Meridian St # 113, Bellingham, WA 98226, USA",
Vietnamese,Pho 360,"232 36th St, Bellingham, WA 98225, USA",https://www.ordervikingfood.com/r/1724/restaurants/delivery/Vietnamese/Pho-360-Bellingham
Vietnamese,Pho Century Fine Vietnamese Cuisine,"6701 Kingsway, Burnaby, BC V5E 1E4, Canada",https://phocentury.ca/
Vietnamese,Pho 99,"3503 Byron Ave, Bellingham, WA 98225, USA",
Vietnamese,Ivy's Kitchen Vietnamese Restaurant,"4598 Main St, Vancouver, BC V5V 3R5, Canada",
Vietnamese,Kim Son Vietnamese Food,"555 W 12th Ave #030, Vancouver, BC V5Z 3X7, Canada",
Vietnamese,Saigon Cafe,"1046 Lakeway Dr, Bellingham, WA 98229, USA",https://www.instagram.com/saigoncafewa2023/
Vietnamese,Pho To Liem,"209 E Casino Rd, Everett, WA 98208, USA",
Vietnamese,Banh Mi Pho U!,"22118 20th Ave SE G-127, Bothell, WA 98021, USA",http://banhmiphou.biz/
Vietnamese,SAIGON PHO & BANH MI,"6519 4th Ave S, Seattle, WA 98108, USA",https://www.saigonphonbanhmi.com/
Yemeni,King Of Almandi Yemeni Restaurant,"3820 W Broad St, Columbus, OH 43228, USA",https://pita-inn-express.business.site/
Zambian,African Restaurant,"H7PP+Q5P, Unnamed Road, Lusaka, Zambia",
Zambian,Pabena Lubemba African cuisine,"H8VC+2F Off Danny, Pule road, Lusaka, Zambia",
Zambian,African Sunsets Afro-Fusion Restaurant,"66 Twin Palms Rd, Lusaka, Zambia",
Zambian,Imilile African restaurant,"Kamwala south, G8Q4+6FC, Lusaka, Zambia",
Zambian,ARI PUB AND GRILL/SABEN NIGERIAN RESTAURANT,"H8P9+P3C, Lusaka, Zambia",
Zambian,African Braai,"H82H+253, Kasama Rd, Lusaka, Zambia",
Zambian,KAyZ AKWAABA CAfE,"114 Pemba Rd, Lusaka 10101, Zambia",
Zambian,Rolex African Cuisine,"9 Buluwe Rd, Lusaka, Zambia",
Zambian,Green Ethiopian Restaurant,"olympia, near Chainama Rd, Lusaka, Zambia",
Zambian,Kumwitu Matebeto Restaurant,"No. 3, 9th street, off Barclays Kabwata Branch, Burma Rd, behind, Zambia",
Zambian,LaBamBam Place,"Lewanika Shopping Centre, Mosi-o-tunya Rd, Lusaka 10101, Zambia",
Zambian,Ku-Matebeto T-bone HQ Restaurant (Food deliveries),"Wamulwa Rd, Lusaka, Zambia",
Zambian,NaijaChops,"H8HV+58F, Lusaka, Zambia",
Zambian,Abiana's Kitchen,"North End, Cairo, Lusaka, Zambia Lusaka ZM, Lusaka 10101, Zambia",
Zambian,Istanbul Cafe & Restaurant,"106 Sable Rd, Lusaka, Zambia",
Zambian,Black Bistro Lounge,"J96V+2F6, Lusaka, Zambia",
Zambian,The Aviary Lounge,"121, Great East Road, Opp. Show Grounds Lusaka, Lusaka 10101, Zambia",https://oddmenu.com/p/the-aviary-lounge
Zambian,Mabula restaurant woodlands,"2 Msuzi Rd, Lusaka 10101, Zambia",
Zambian,Musuku Restaurant,"H8J2+4CH, Lusaka, Zambia",
Zambian,Dar Lalla,"F401/A8 LILAYI, Lusaka, Zambia",
