Cuisine Type,Name,Address,Website
Mexican,Don Jose Mexican Restaurant,"4731 Lakeview Dr, Sebring, FL 33870, USA",http://www.donjosemexican.com/
Mexican,Azul Tequila,"2521 US Hwy 27 N, Sebring, FL 33870, USA",http://azultequilacuisine.com/
Mexican,La Hacienda Restaurant,"825 N Ridgewood Dr, Sebring, FL 33870, USA",https://lahaciendasebring.com/
Mexican,Ranchero Cafe Restaurant,"344 N Ridgewood Dr, Sebring, FL 33870, USA",
Mexican,Casa Tequila Mexican Restaurant,"3601 Placid Lakes Blvd, Lake Placid, FL 33852, USA",https://www.facebook.com/CasaTequilaMexicanRestaurantBar
Mexican,Taqueria Y Tienda Jalisco,"928 S Main Ave, Lake Placid, FL 33852, USA",
Mexican,Chipotle Mexican Grill,"1310 US Hwy 27 N, Sebring, FL 33870, USA",https://www.chipotle.com/?utm_source=google&utm_medium=yext&utm_campaign=yext_listings
Mexican,La Malquerida Restaurant & Tienda Avon Park,"600 W Main St, Avon Park, FL 33825, USA",https://www.facebook.com/LaMalqueridaTienda/
Mexican,Oscar's Family Restaurant,"267 US Hwy 27 N, Sebring, FL 33870, USA",https://www.oscarsfamilyrestaurant.online/
Mexican,Taco Bell,"1698 US Hwy 27, Sebring, FL 33870, USA",https://locations.tacobell.com/fl/sebring/1698-us-27-north.html?utm_source=yext&utm_campaign=googlelistings&utm_medium=referral&utm_term=032190&utm_content=website&y_source=1_NjE0NTg3Ni03MTUtbG9jYXRpb24ud2Vic2l0ZQ%3D%3D
Mexican,El Paso Tienda Mexican Food,"209 US Hwy 27 N, Avon Park, FL 33825, USA",
Mexican,Tacos Y Pupusas La Libertad,"913 FL-17, Sebring, FL 33870, USA",
Mexican,La Yerbita,"19 N Central Ave, Avon Park, FL 33825, USA",http://layerbita.com/
Mexican,Taqueria Merlo,"1004 W Main St, Avon Park, FL 33825, USA",https://taqueriamerlos.com/
Mexican,Chili's Grill & Bar,"821 US Hwy 27 N, Sebring, FL 33870, USA",https://www.chilis.com/locations/us/florida/sebring/sebring?utm_source=google&utm_medium=local&utm_campaign=Chilis
Mexican,SENOR JALAPENO,"2451 US Hwy 27 S, Avon Park, FL 33825, USA",http://www.senorjalapenorestaurant.com/
Mexican,Taco Bell,"401 US Hwy 27 S, Avon Park, FL 33825, USA",https://locations.tacobell.com/fl/avon-park/401-us-highway-27-south.html?utm_source=yext&utm_campaign=googlelistings&utm_medium=referral&utm_term=028594&utm_content=website&y_source=1_NjE0Mzc2MS03MTUtbG9jYXRpb24ud2Vic2l0ZQ%3D%3D
Mexican,"Norma's Place, LLC","244 E Interlake Blvd, Lake Placid, FL 33852, USA",https://normasplace.com/
Mexican,Best - Taco,"1625 US Hwy 27 S, Avon Park, FL 33825, USA",
Mexican,Froggys,"512 S Verona Ave, Avon Park, FL 33825, USA",
Swedish,Island View Restaurant,"5223 Tee Time Cir, Sebring, FL 33872, USA",http://www.islandviewrestaurant.com/
Swedish,Crossroads Mediterranean Cuisines and Sweets,"4131 Sun N Lake Blvd, Sebring, FL 33872, USA",
Swedish,Chicanes Restaurant & Bar,"3101 Golfview Rd, Sebring, FL 33870, USA",
Swedish,Cowpoke's Watering Hole,"6813 US Hwy 27 S, Sebring, FL 33876, USA",http://cowpokeswh.com/
Swedish,Cody's Original Roadhouse - Sebring,"521 US Hwy 27, Sebring, FL 33870, USA",https://www.codysoriginalroadhouse.com/sebring
Swedish,Don Jose Mexican Restaurant,"4731 Lakeview Dr, Sebring, FL 33870, USA",http://www.donjosemexican.com/
Swedish,Sebring Diner,"4040 US Hwy 27 S, Sebring, FL 33870, USA",https://www.facebook.com/Sebring-Diner-101416681763615/
Swedish,Faded Bistro & Beer Garden,"420 N Ridgewood Dr, Sebring, FL 33870, USA",https://www.fadedbistro.com/
Swedish,IHOP,"600 US Hwy 27 N, Sebring, FL 33870, USA",https://restaurants.ihop.com/en-us/fl/sebring/breakfast-600-us-hwy-27n-360128?utm_source=google&utm_medium=organic&utm_campaign=google_my_business&utm_term=360128&utm_content=website
Swedish,Cang Tong Japanese Steakhouse,"110 Sebring Square.., Sebring, FL 33870, USA",http://cangtongsebring.com/
Swedish,Morty and Edna’s Craft Kitchen,"231 N Main Ave #2, Lake Placid, FL 33852, USA",http://www.mortyandednas.com/
Swedish,Oscar's Family Restaurant,"267 US Hwy 27 N, Sebring, FL 33870, USA",https://www.oscarsfamilyrestaurant.online/
Swedish,Jaxson's,"443 Lake June Rd, Lake Placid, FL 33852, USA",
Latvian,Morty & Edna's Sebring,"123 N Ridgewood Dr, Sebring, FL 33870, USA",
Italian,Olive Garden Italian Restaurant,"1696 US Hwy 27, Sebring, FL 33870, USA",https://www.olivegarden.com/locations/fl/sebring/sebring/1741?cmpid=br:og_ag:ie_ch:loc_ca:OGGMB_sn:gmb_gt:sebring-fl-1741_pl:locurl_rd:1589
Italian,Little Italy Restaurant,"825 W Main St, Avon Park, FL 33825, USA",http://facebook.com/LittleItalyAvonPark
Italian,Schooni's Italian American,"209 N Main Ave, Lake Placid, FL 33852, USA",
Italian,Galati's Family Restaurant,"637 S Commerce Ave, Sebring, FL 33870, USA",https://www.facebook.com/Galatis-Family-Restaurant-339791536150353/
Italian,Pizzano's Pizza and Grinderz,"4141 US Hwy 27 N #10, Sebring, FL 33870, USA",https://www.pizzanospizzagrinderz.com/?utm_source=gbp
Italian,"Dimitri's Restaurant, Pizza Kitchen and Its 5 O'clock Somewhere Bar","2710 Kenilworth Blvd, Sebring, FL 33870, USA",https://www.dimitrisrestaurant.com/
Italian,Mr Sammy's NY Style Pizza Bistro & Italian Cuisine,"312 W Interlake Blvd, Lake Placid, FL 33852, USA",https://www.facebook.com/pg/Mr-Sammys-NY-Style-Pizza-Bistro-Italian-Cuisine-1360261554026950/
Italian,Zack's Pizza & Bbq,"5367 US Hwy 27 S, Sebring, FL 33870, USA",http://www.pizzasebring.com/
Italian,Tony's II Pizzeria,"3229 Kenilworth Blvd, Sebring, FL 33870, USA",http://sebringpizzeria.com/
Italian,Leone's Gourmet Market,"1979 Placid Lakes Blvd, Lake Placid, FL 33852, USA",
Spanish,Don Jose Mexican Restaurant,"4731 Lakeview Dr, Sebring, FL 33870, USA",http://www.donjosemexican.com/
Spanish,La Hacienda Restaurant,"825 N Ridgewood Dr, Sebring, FL 33870, USA",https://lahaciendasebring.com/
Spanish,Casa Tequila Mexican Restaurant,"3601 Placid Lakes Blvd, Lake Placid, FL 33852, USA",https://www.facebook.com/CasaTequilaMexicanRestaurantBar
Spanish,La Malquerida Restaurant & Tienda Avon Park,"600 W Main St, Avon Park, FL 33825, USA",https://www.facebook.com/LaMalqueridaTienda/
Spanish,Azul Tequila,"2521 US Hwy 27 N, Sebring, FL 33870, USA",http://azultequilacuisine.com/
Spanish,Ranchero Cafe Restaurant,"344 N Ridgewood Dr, Sebring, FL 33870, USA",
Spanish,Tacos Y Pupusas La Libertad,"913 FL-17, Sebring, FL 33870, USA",
Spanish,BONGOS CREATIVE CUISINE,"3416 FL-17, Sebring, FL 33870, USA",https://www.facebook.com/snoopygeo27/
Spanish,Havana Restaurant & Bakery Corp,"2912 US Hwy 27 N, Sebring, FL 33870, USA",http://www.havana-restaurant.com/
Spanish,Taqueria Y Tienda Jalisco,"928 S Main Ave, Lake Placid, FL 33852, USA",
Spanish,El Paso Tienda Mexican Food,"209 US Hwy 27 N, Avon Park, FL 33825, USA",
Spanish,La Yerbita,"19 N Central Ave, Avon Park, FL 33825, USA",http://layerbita.com/
Spanish,"Norma's Place, LLC","244 E Interlake Blvd, Lake Placid, FL 33852, USA",https://normasplace.com/
Spanish,Oscar's Family Restaurant,"267 US Hwy 27 N, Sebring, FL 33870, USA",https://www.oscarsfamilyrestaurant.online/
Spanish,Taqueria Merlo,"1004 W Main St, Avon Park, FL 33825, USA",https://taqueriamerlos.com/
Spanish,SENOR JALAPENO,"2451 US Hwy 27 S, Avon Park, FL 33825, USA",http://www.senorjalapenorestaurant.com/
Spanish,bad porky,"9119 US Hwy 27 S, Sebring, FL 33876, USA",
Spanish,Chili's Grill & Bar,"821 US Hwy 27 N, Sebring, FL 33870, USA",https://www.chilis.com/locations/us/florida/sebring/sebring?utm_source=google&utm_medium=local&utm_campaign=Chilis
Spanish,Chipotle Mexican Grill,"1310 US Hwy 27 N, Sebring, FL 33870, USA",https://www.chipotle.com/?utm_source=google&utm_medium=yext&utm_campaign=yext_listings
Spanish,Island View Restaurant,"5223 Tee Time Cir, Sebring, FL 33872, USA",http://www.islandviewrestaurant.com/
American,Cowpoke's Watering Hole,"6813 US Hwy 27 S, Sebring, FL 33876, USA",http://cowpokeswh.com/
American,Island View Restaurant,"5223 Tee Time Cir, Sebring, FL 33872, USA",http://www.islandviewrestaurant.com/
American,Jimmy's Greek American Grill,"901 US Hwy 27 N Ste. 19, Sebring, FL 33870, USA",
American,The Gator Shack,"9561 4651 US-98, Sebring, FL 33876, USA",https://gatorshackfl.com/
American,Cody's Original Roadhouse - Sebring,"521 US Hwy 27, Sebring, FL 33870, USA",https://www.codysoriginalroadhouse.com/sebring
American,Chicanes Restaurant & Bar,"3101 Golfview Rd, Sebring, FL 33870, USA",
American,Golf Hammock Restaurant,"2200 Golf Hammock Dr, Sebring, FL 33872, USA",
American,Jaxson's,"443 Lake June Rd, Lake Placid, FL 33852, USA",
American,Outback Steakhouse,"921 US Hwy 27 N, Sebring, FL 33870, USA",https://locations.outback.com/florida/sebring/921-us-27-north?utm_source=gmb&utm_medium=local_search&utm_campaign=website_cta&y_source=1_MTU1MDIzOTItNzE1LWxvY2F0aW9uLndlYnNpdGU%3D
American,Village Inn,"3101 US Hwy 27 S, Sebring, FL 33870, USA",https://www.villageinn.com/sebring-fl
American,Runway Cafe,"130 Authority Ln, Sebring, FL 33870, USA",http://www.runwaycafefl.com/
American,BONGOS CREATIVE CUISINE,"3416 FL-17, Sebring, FL 33870, USA",https://www.facebook.com/snoopygeo27/
American,"Dimitri's Restaurant, Pizza Kitchen and Its 5 O'clock Somewhere Bar","2710 Kenilworth Blvd, Sebring, FL 33870, USA",https://www.dimitrisrestaurant.com/
American,Denny's,"4390 US Hwy 27, Sebring, FL 33870, USA",https://locations.dennys.com/FL/SEBRING/247808?utm_source=yext&utm_medium=local-listing&utm_campaign=yext-listing&y_source=1_MjIyODc1MC03MTUtbG9jYXRpb24ud2Vic2l0ZQ%3D%3D
American,Blue Lagoon Saloon,"4120 US Hwy 27 N, Sebring, FL 33870, USA",
American,Bob Evans,"2541 US Hwy 27 N, Sebring, FL 33870, USA",https://www.bobevans.com/locations/sebring?utm_source=google&utm_medium=local&utm_campaign=478-Sebring-FL
American,Red Lobster,"721 US Hwy 27 N, Sebring, FL 33870, USA",https://www.redlobster.com/seafood-restaurants/locations/fl/sebring/721-us-27
American,Chili's Grill & Bar,"821 US Hwy 27 N, Sebring, FL 33870, USA",https://www.chilis.com/locations/us/florida/sebring/sebring?utm_source=google&utm_medium=local&utm_campaign=Chilis
American,Beef 'O' Brady's,"2940 US Hwy 27, Sebring, FL 33870, USA",https://www.beefobradys.com/Sebring
Scottish,Highlands Irish Pub,"4100 Carter Creek Dr, Avon Park, FL 33825, USA",https://highlandsridgegolf.com/the-pub
Scottish,Cowpoke's Watering Hole,"6813 US Hwy 27 S, Sebring, FL 33876, USA",http://cowpokeswh.com/
Scottish,Chicanes Restaurant & Bar,"3101 Golfview Rd, Sebring, FL 33870, USA",
Scottish,The Gator Shack,"9561 4651 US-98, Sebring, FL 33876, USA",https://gatorshackfl.com/
Scottish,Cody's Original Roadhouse - Sebring,"521 US Hwy 27, Sebring, FL 33870, USA",https://www.codysoriginalroadhouse.com/sebring
Scottish,Island View Restaurant,"5223 Tee Time Cir, Sebring, FL 33872, USA",http://www.islandviewrestaurant.com/
Scottish,Faded Bistro & Beer Garden,"420 N Ridgewood Dr, Sebring, FL 33870, USA",https://www.fadedbistro.com/
Scottish,Morty and Edna’s Craft Kitchen,"231 N Main Ave #2, Lake Placid, FL 33852, USA",http://www.mortyandednas.com/
Scottish,Wild Turkey Tavern,"2751 US Hwy 27, Avon Park, FL 33825, USA",http://www.wildturkeytavern.com/
Scottish,Jimmy's Greek American Grill,"901 US Hwy 27 N Ste. 19, Sebring, FL 33870, USA",
Scottish,Sebring Diner,"4040 US Hwy 27 S, Sebring, FL 33870, USA",https://www.facebook.com/Sebring-Diner-101416681763615/
Scottish,Apex at Seven,"150 Midway Dr, Sebring, FL 33870, USA",http://www.sevensebringhotel.com/sebring-hotel-dining/
British,Highlands Irish Pub,"4100 Carter Creek Dr, Avon Park, FL 33825, USA",https://highlandsridgegolf.com/the-pub
British,Cowpoke's Watering Hole,"6813 US Hwy 27 S, Sebring, FL 33876, USA",http://cowpokeswh.com/
British,Cody's Original Roadhouse - Sebring,"521 US Hwy 27, Sebring, FL 33870, USA",https://www.codysoriginalroadhouse.com/sebring
British,Heartland Speakeasy,"100 Clubhouse Ln, Sebring, FL 33876, USA",http://hspksy.com/
British,Wild Turkey Tavern,"2751 US Hwy 27, Avon Park, FL 33825, USA",http://www.wildturkeytavern.com/
British,Faded Bistro & Beer Garden,"420 N Ridgewood Dr, Sebring, FL 33870, USA",https://www.fadedbistro.com/
British,3 Gens Grill & Bar,"3400 Sebring Pkwy, Sebring, FL 33870, USA",
British,Bufalucca Sports N’ Wings,"7429 US Hwy 27 N, Sebring, FL 33870, USA",http://www.bufalucca.com/
British,Morty and Edna’s Craft Kitchen,"231 N Main Ave #2, Lake Placid, FL 33852, USA",http://www.mortyandednas.com/
Thai,Thai House,"3750 US Hwy 27 N STE 4D, Sebring, FL 33870, USA",
Japanese,Cang Tong Japanese Steakhouse,"110 Sebring Square.., Sebring, FL 33870, USA",http://cangtongsebring.com/
Japanese,Hibachi Buffet,"2870 US Hwy 27 N, Sebring, FL 33870, USA",https://emaps.top/hibachi-buffet
Japanese,Hibachi Express Lake Placid,"490 US Hwy 27 Suite 1320, Lake Placid, FL 33852, USA",https://lakeplacid.hibachiexpressjapanese.com/
Japanese,Cowpoke's Watering Hole,"6813 US Hwy 27 S, Sebring, FL 33876, USA",http://cowpokeswh.com/
Japanese,Thai House,"3750 US Hwy 27 N STE 4D, Sebring, FL 33870, USA",
Chinese,Cang Tong Japanese Steakhouse,"110 Sebring Square.., Sebring, FL 33870, USA",http://cangtongsebring.com/
Chinese,China One,"3218 US Hwy 27 S, Sebring, FL 33870, USA",
Chinese,Hibachi Buffet,"2870 US Hwy 27 N, Sebring, FL 33870, USA",https://emaps.top/hibachi-buffet
Chinese,Yum's Chinese Food,"3012 US Hwy 27 S, Sebring, FL 33870, USA",http://863-386-9119.chinesemenu.com/
Chinese,China Wok,"1575 US Hwy 27, Avon Park, FL 33825, USA",
Chinese,Hong Kong Chinese Restaurant,"490 US Hwy 27 Suite 1460, Lake Placid, FL 33852, USA",https://www.hongkongchineserestaurantfl.com/
Chinese,Yums Chinese Food,"1048 US Hwy 27 S STE 1108, Avon Park, FL 33825, USA",
Chinese,China Max,"901 US Hwy 27, Sebring, FL 33870, USA",
Indian,Fabian's Cuisines,"5353 US Hwy 27 S #6143, Sebring, FL 33870, USA",
Indian,Hibachi Buffet,"2870 US Hwy 27 N, Sebring, FL 33870, USA",https://emaps.top/hibachi-buffet
Indian,Curry Mango,"6625 Florida Ave S, Lakeland, FL 33813, USA",http://mycurrymango.com/
Indian,Havana Restaurant & Bakery Corp,"2912 US Hwy 27 N, Sebring, FL 33870, USA",http://www.havana-restaurant.com/
Indian,Chilly Masala Indian Cuisine,"233 Ave O SW, Winter Haven, FL 33880, USA",http://chillymasala.us/
Indian,Amber Indian Restaurant,"5489 W Irlo Bronson Memorial Hwy, Kissimmee, FL 34746, USA",http://www.amberindianrestaurantfl.com/
Indian,India's Grill Brandon,"902 E Brandon Blvd, Brandon, FL 33511, USA",
Indian,Tony's II Pizzeria,"3229 Kenilworth Blvd, Sebring, FL 33870, USA",http://sebringpizzeria.com/
Indian,Darbar Indian Restaurant,"12185 S Apopka Vineland Rd, Orlando, FL 32836, USA",
Indian,Shiva Indian Restaurant,"140A W 5th Ave, Mt Dora, FL 32756, USA",http://www.shivamountdora.com/
Indian,Taj Indian Restaurant And Bar,"529 NW Prima Vista Blvd, Port St. Lucie, FL 34983, USA",https://tajpsl.com/?utm_source=GMB&utm_medium=Website
Indian,Indian-Cafe,"6518 NW Selvitz Rd, Port St. Lucie, FL 34983, USA",http://indian-cafe.com/
Indian,Bolly Twist,"5563 SE Federal Hwy, Stuart, FL 34997, USA",http://bollytwist.com/
Indian,Kohinoor Indian Restaurant,"249 W State Rd 436 #1093, Altamonte Springs, FL 32714, USA",http://www.kohinoorfl.com/
Indian,Namaste Grill,"2500 SE Federal Hwy, Stuart, FL 34994, USA",https://thenamastegrill.com/
Indian,Zeera Indian Cuisine,"1201 US-1 Suite 38, North Palm Beach, FL 33408, USA",https://zeerapga.com/?utm_source=GMB&utm_medium=Website
Indian,Turmeric Indian Bar & Grill,"1001 Cocoanut Ave, Sarasota, FL 34236, USA",https://www.turmericsarasota.com/
Indian,19th Hole Bar and Grill,"7510 Red Grange Blvd, Indian Lake Estates, FL 33855, USA",
Canadian,The Gator Shack,"9561 4651 US-98, Sebring, FL 33876, USA",https://gatorshackfl.com/
Canadian,Cowpoke's Watering Hole,"6813 US Hwy 27 S, Sebring, FL 33876, USA",http://cowpokeswh.com/
Canadian,Cody's Original Roadhouse - Sebring,"521 US Hwy 27, Sebring, FL 33870, USA",https://www.codysoriginalroadhouse.com/sebring
Canadian,The Albatross of Sebring,"4800 Haw Branch Rd, Sebring, FL 33875, USA",http://www.thealbatrossofsebring.com/
Canadian,Caddyshack Bar & Grill,"3122 Golfview Rd, Sebring, FL 33870, USA",
Canadian,Chicanes Restaurant & Bar,"3101 Golfview Rd, Sebring, FL 33870, USA",
Canadian,Island View Restaurant,"5223 Tee Time Cir, Sebring, FL 33872, USA",http://www.islandviewrestaurant.com/
Canadian,Jimmy's Greek American Grill,"901 US Hwy 27 N Ste. 19, Sebring, FL 33870, USA",
Canadian,"Dimitri's Restaurant, Pizza Kitchen and Its 5 O'clock Somewhere Bar","2710 Kenilworth Blvd, Sebring, FL 33870, USA",https://www.dimitrisrestaurant.com/
Canadian,GC Grill House by Golden Corral,"322 US Hwy 27, Lake Placid, FL 33852, USA",https://www.goldencorral.com/locations/368/golden-corral-322-us-27-south?utm_source=google&utm_medium=local&utm_campaign=localmaps&utm_content=368&utm_source=google&utm_medium=local&utm_campaign=localmaps&utm_content=368
Canadian,Bufalucca Sports N’ Wings,"7429 US Hwy 27 N, Sebring, FL 33870, USA",http://www.bufalucca.com/
Canadian,Faded Bistro & Beer Garden,"420 N Ridgewood Dr, Sebring, FL 33870, USA",https://www.fadedbistro.com/
Canadian,Five Guys,"307 US Hwy 27, Sebring, FL 33870, USA",https://restaurants.fiveguys.com/307-north-highway-27
Canadian,Panera Bread,"1760 US Hwy 27 N, Sebring, FL 33870, USA",https://www.panerabread.com/en-us/cafe/locations/fl/sebring/1760-us-27-north?utm_medium=local&utm_source=google&utm_campaign=dpm-dist&utm_term=601259&utm_content=main
Canadian,Sandhill Grill at Pinecrest Golf Course,"2250 Little Lake Bonnet Rd, Avon Park, FL 33825, USA",http://www.facebook.com/sandhillgrill
Canadian,Olympic Restaurant,"504 US Hwy 27, Avon Park, FL 33825, USA",
Canadian,Wild Turkey Tavern,"2751 US Hwy 27, Avon Park, FL 33825, USA",http://www.wildturkeytavern.com/
Canadian,Oscar's Family Restaurant,"267 US Hwy 27 N, Sebring, FL 33870, USA",https://www.oscarsfamilyrestaurant.online/
Canadian,Morty and Edna’s Craft Kitchen,"231 N Main Ave #2, Lake Placid, FL 33852, USA",http://www.mortyandednas.com/
Canadian,Galati's Family Restaurant,"637 S Commerce Ave, Sebring, FL 33870, USA",https://www.facebook.com/Galatis-Family-Restaurant-339791536150353/
Russian,The Vault of Sebring,"200 Circle Park Dr, Sebring, FL 33870, USA",http://thevaultofsebring.com/
Jewish,Mae Lee's International Deli,"445 N Ridgewood Dr, Sebring, FL 33870, USA",
Jewish,Temple Israel-Highlands County,"1305 Temple Israel Dr, Sebring, FL 33870, USA",https://templeisraelofhcfl.org/
Jewish,Morty & Edna's Sebring,"123 N Ridgewood Dr, Sebring, FL 33870, USA",
Jewish,Morty and Edna’s Craft Kitchen,"231 N Main Ave #2, Lake Placid, FL 33852, USA",http://www.mortyandednas.com/
Jewish,Hibachi Buffet,"2870 US Hwy 27 N, Sebring, FL 33870, USA",https://emaps.top/hibachi-buffet
Jewish,Ben's Kosher Delicatessen Restaurant & Caterers,"9942 Clint Moore Rd, Boca Raton, FL 33496, USA",http://www.bensdeli.net/
Jewish,Bissli Grill,"12355 Hagen Ranch Rd, Boynton Beach, FL 33437, USA",https://www.bissligrill.getsauce.com/?utm_source=GMB&utm_medium=Website+Button&utm_id=bissligrill
Jewish,Gili's Kitchen Ormond Beach,"188 E Granada Blvd, Ormond Beach, FL 32176, USA",https://www.giliskitchen.com/
Jewish,Kosher Bagel Cove/ Pizza by the cove,"668 W Hallandale Beach Blvd, Hallandale Beach, FL 33009, USA",http://kosherbagelcove.com/
Jewish,"JO-EL'S Kosher Deli, Market & Café","2619 23rd Ave N, St. Petersburg, FL 33713, USA",https://www.stpetedeli.com/
Jewish,JZ Steakhouse,"4000 N 46th Ave, Hollywood, FL 33021, USA",https://jzsteakhouse.com/
Jewish,Nava's Kosher Kitchen,"5021 S State Rd 7 #203, Davie, FL 33314, USA",https://www.facebook.com/Navas-Kosher-Kitchen-170008686534908/
Jewish,Gili's Kitchen,"126 W Adams St # 102, Jacksonville, FL 32202, USA",http://www.giliskitchen.com/
Jewish,Ovo At The Altair,"9540 W Bay Harbor Dr, Bay Harbor Islands, FL 33154, USA",https://www.ovoatthealtair.com/
Jewish,Dina's Kitchen,"2511 W Swann Ave #201, Tampa, FL 33609, USA",https://www.chabadchaicenter.com/templates/section_cdo/aid/3290746/jewish/Dinas-Kitchen.htm
Polish,La Pupusa Queen,"210 N Main Ave, Lake Placid, FL 33852, USA",
German,"Dimitri's Restaurant, Pizza Kitchen and Its 5 O'clock Somewhere Bar","2710 Kenilworth Blvd, Sebring, FL 33870, USA",https://www.dimitrisrestaurant.com/
German,Village Inn,"3101 US Hwy 27 S, Sebring, FL 33870, USA",https://www.villageinn.com/sebring-fl
German,Cody's Original Roadhouse - Sebring,"521 US Hwy 27, Sebring, FL 33870, USA",https://www.codysoriginalroadhouse.com/sebring
German,Market 27,"2951 US Hwy 27 N, Avon Park, FL 33825, USA",https://www.facebook.com/Market27AP
German,Morty and Edna’s Craft Kitchen,"231 N Main Ave #2, Lake Placid, FL 33852, USA",http://www.mortyandednas.com/
German,Taqueria Y Tienda Jalisco,"928 S Main Ave, Lake Placid, FL 33852, USA",
German,Sandra's Restaurant,"111 W Olympia Ave, Punta Gorda, FL 33950, USA",http://www.sandras-restaurant.com/
German,Hollerbach's German Restaurant,"201-205 E 1st St, Sanford, FL 32771, USA",https://hollerbachs.com/
German,The Hoffmann,"3825 NE Indian River Dr, Jensen Beach, FL 34957, USA",https://www.the-hoffmann.com/
German,Heidi's German Restaurant,"12791 Kenwood Ln, Fort Myers, FL 33907, USA",http://heidisgermanrestaurant.com/
German,HJ German Corner,"3674 Cleveland Ave, Fort Myers, FL 33901, USA",https://hjgermancorner.com/
German,Hollerbach's German Market,"117 Magnolia Ave, Sanford, FL 32771, USA",http://hollerbachs.com/
German,The Bavarian Haus,"433 Alexander St, Mt Dora, FL 32757, USA",http://www.eatatthebavarianhaus.com/
German,Village Bier Garten Restaurant - Cocoa,"415 Delannoy Ave, Cocoa, FL 32922, USA",https://www.villagebier.com/
German,La Pupusa Queen,"210 N Main Ave, Lake Placid, FL 33852, USA",
German,Old Hamburg Schnitzelhaus,"3246 E Bay Dr, Holmes Beach, FL 34217, USA",https://schnitzel.house/
German,Cafe Coconut Cove,"4210 S Hwy A1A, Melbourne Beach, FL 32951, USA",https://www.cafecoconutcove.com/contact
German,Lucky Frog Restaurant,"4625 Cortez Rd W, Bradenton, FL 34210, USA",http://www.lucky-frog.com/
German,Hollerbach's ÜberKeller,"205 E 1st St 2nd Floor, Sanford, FL 32771, USA",https://hollerbachs.com/uberkeller
German,Thankful hearts nutrition,"17 W Main St, Avon Park, FL 33825, USA",
French,Chez Mireille,"2179 US Hwy 27 N, Sebring, FL 33870, USA",https://www.authenticbelgianwaffles.com/
French,Culina at the PARC Restaurant,"5300 US-98, Sebring, FL 33876, USA",https://theparc.com/Culina
French,Island View Restaurant,"5223 Tee Time Cir, Sebring, FL 33872, USA",http://www.islandviewrestaurant.com/
French,Faded Bistro & Beer Garden,"420 N Ridgewood Dr, Sebring, FL 33870, USA",https://www.fadedbistro.com/
French,Fairmount Cafe,"3750 US Hwy 27 N, Sebring, FL 33870, USA",http://www.fairmountcafe.com/
French,Crossroads Mediterranean Cuisines and Sweets,"4131 Sun N Lake Blvd, Sebring, FL 33872, USA",
French,The Albatross of Sebring,"4800 Haw Branch Rd, Sebring, FL 33875, USA",http://www.thealbatrossofsebring.com/
French,Bob Evans,"2541 US Hwy 27 N, Sebring, FL 33870, USA",https://www.bobevans.com/locations/sebring?utm_source=google&utm_medium=local&utm_campaign=478-Sebring-FL
French,Havana Restaurant & Bakery Corp,"2912 US Hwy 27 N, Sebring, FL 33870, USA",http://www.havana-restaurant.com/
French,The Gator Shack,"9561 4651 US-98, Sebring, FL 33876, USA",https://gatorshackfl.com/
French,Nutmeg's Cafe,"3953 US Hwy 27 S, Sebring, FL 33870, USA",http://www.nutmegscafe.net/
French,Village Inn,"3101 US Hwy 27 S, Sebring, FL 33870, USA",https://www.villageinn.com/sebring-fl
French,Cowpoke's Watering Hole,"6813 US Hwy 27 S, Sebring, FL 33876, USA",http://cowpokeswh.com/
French,Olive Garden Italian Restaurant,"1696 US Hwy 27, Sebring, FL 33870, USA",https://www.olivegarden.com/locations/fl/sebring/sebring/1741?cmpid=br:og_ag:ie_ch:loc_ca:OGGMB_sn:gmb_gt:sebring-fl-1741_pl:locurl_rd:1589
French,BONGOS CREATIVE CUISINE,"3416 FL-17, Sebring, FL 33870, USA",https://www.facebook.com/snoopygeo27/
French,Runway Cafe,"130 Authority Ln, Sebring, FL 33870, USA",http://www.runwaycafefl.com/
French,Jaxson's,"443 Lake June Rd, Lake Placid, FL 33852, USA",
French,The Vault of Sebring,"200 Circle Park Dr, Sebring, FL 33870, USA",http://thevaultofsebring.com/
French,Chicanes Restaurant & Bar,"3101 Golfview Rd, Sebring, FL 33870, USA",
French,the 301,"301 Circle Park Dr, Sebring, FL 33870, USA",https://the301.bar/
Hawaiian,Zack's Pizza & Bbq,"5367 US Hwy 27 S, Sebring, FL 33870, USA",http://www.pizzasebring.com/
Hawaiian,Pizzano's Pizza and Grinderz,"4141 US Hwy 27 N #10, Sebring, FL 33870, USA",https://www.pizzanospizzagrinderz.com/?utm_source=gbp
Hawaiian,Red Lobster,"721 US Hwy 27 N, Sebring, FL 33870, USA",https://www.redlobster.com/seafood-restaurants/locations/fl/sebring/721-us-27
Hawaiian,Bufalucca Sports N’ Wings,"7429 US Hwy 27 N, Sebring, FL 33870, USA",http://www.bufalucca.com/
Hawaiian,Hawaii Grill & Sushi,"4423 13th St, St Cloud, FL 34769, USA",https://www.hawaiigrillsushifl.com/crs6bhd1/restaurant/order-online
Hawaiian,Olive Garden Italian Restaurant,"1696 US Hwy 27, Sebring, FL 33870, USA",https://www.olivegarden.com/locations/fl/sebring/sebring/1741?cmpid=br:og_ag:ie_ch:loc_ca:OGGMB_sn:gmb_gt:sebring-fl-1741_pl:locurl_rd:1589
Hawaiian,Little Italy Restaurant,"825 W Main St, Avon Park, FL 33825, USA",http://facebook.com/LittleItalyAvonPark
Hawaiian,Hawaiian BBQ,"17788 Aprile Dr, Land O' Lakes, FL 34638, USA",http://www.hawaiianbbqfl.com/
Hawaiian,Hungry Howie's Pizza & Subs,"3012 US Hwy 27 S, Sebring, FL 33870, USA",https://www.hungryhowies.com/stores/fl/sebring/3012-us-hwy-27-s?utm_source=google&utm_medium=organic&utm_campaign=googlebusinessprofile
Hawaiian,GC Grill House by Golden Corral,"322 US Hwy 27, Lake Placid, FL 33852, USA",https://www.goldencorral.com/locations/368/golden-corral-322-us-27-south?utm_source=google&utm_medium=local&utm_campaign=localmaps&utm_content=368&utm_source=google&utm_medium=local&utm_campaign=localmaps&utm_content=368
Hawaiian,Schooni's Italian American,"209 N Main Ave, Lake Placid, FL 33852, USA",
Hawaiian,Xeno's,"Sebring, FL 33870, USA",
Hawaiian,Quality Pizza,"4201 Oxford Dr W, Sebring, FL 33870, USA",
Hawaiian,Okee Pokè,"122 SE Park St, Okeechobee, FL 34972, USA",
Hawaiian,Dee's Place,"138 N Ridgewood Dr, Sebring, FL 33870, USA",
Hawaiian,Tony's II Pizzeria,"3229 Kenilworth Blvd, Sebring, FL 33870, USA",http://sebringpizzeria.com/
Hawaiian,Eberts kitchen at Gigio's Pizza,"115 W Center Ave, Sebring, FL 33870, USA",
Hawaiian,Nutmeg's Cafe,"3953 US Hwy 27 S, Sebring, FL 33870, USA",http://www.nutmegscafe.net/
Hawaiian,Little Caesars Pizza,"116 Sebring Square.., Sebring, FL 33870, USA",https://littlecaesars.com/en-us/store/4712
Hawaiian,Little Caesars Pizza,"300 US Hwy 27 S, Avon Park, FL 33825, USA",https://littlecaesars.com/en-us/store/11475
Brazilian,Estampa Gaucha Brazilian Steakhouse,"1700 W New Haven Ave, Melbourne, FL 32904, USA",http://www.estampagaucha.com/
Brazilian,El Baron,"910 N Scenic Hwy, Babson Park, FL 33827, USA",http://www.lacocinadelbaron.com/
Brazilian,Cafe Mineiro Brazilian Steakhouse,"6432 International Dr, Orlando, FL 32819, USA",https://cafemineirosteakhouse.us/
Brazilian,Texas de Brazil - Orlando,"5259 International Dr f1, Orlando, FL 32819, USA",https://texasdebrazil.com/locations/orlando/?utm_source=gmb&utm_medium=yext&y_source=1_NDg4MzA3MzgtNzE1LWxvY2F0aW9uLndlYnNpdGU%3D
Brazilian,BR77 Steakhouse - Kissimmee,"3228 Margaritaville Blvd, Kissimmee, FL 34747, USA",https://www.br77steakhouse.com/
Brazilian,Faded Bistro & Beer Garden,"420 N Ridgewood Dr, Sebring, FL 33870, USA",https://www.fadedbistro.com/
Brazilian,GC Grill House by Golden Corral,"322 US Hwy 27, Lake Placid, FL 33852, USA",https://www.goldencorral.com/locations/368/golden-corral-322-us-27-south?utm_source=google&utm_medium=local&utm_campaign=localmaps&utm_content=368&utm_source=google&utm_medium=local&utm_campaign=localmaps&utm_content=368
Brazilian,BoiBrazil Churrascaria BRAZILIAN STEAKHOUSE,"International Plaza, 5668 International Dr, Orlando, FL 32819, USA",http://www.boibrazil.com/
Brazilian,Texas de Brazil - Palm Beach Gardens,"4645 PGA Boulevard, Palm Beach Gardens, FL 33418, USA",https://texasdebrazil.com/locations/beach-gardens/?utm_source=gmb&utm_medium=yext&y_source=1_NDg4MzA3MDktNzE1LWxvY2F0aW9uLndlYnNpdGU%3D
Brazilian,Texas de Brazil - Hallandale Beach,"800 Silks Run, Hallandale Beach, FL 33009, USA",https://texasdebrazil.com/locations/hallandale-beach/?utm_source=gmb&utm_medium=yext&y_source=1_NDg4MzA3MzctNzE1LWxvY2F0aW9uLndlYnNpdGU%3D
Brazilian,Ipanema Brazilian Steak House,"2023 S Pine Ave, Ocala, FL 34471, USA",https://www.ipanemaocala.com/
Brazilian,Viva Brazil Restaurant,"1657 S 21st Ave, Hollywood, FL 33020, USA",http://vivabrazilfl.com/
Brazilian,La Pupusa Queen,"210 N Main Ave, Lake Placid, FL 33852, USA",
Brazilian,Highlands County,"Highlands County, FL, USA",
Brazilian,Restaurante Brasil,"23160 Sandalfoot Plaza Dr, Boca Raton, FL 33428, USA",https://restaurantebrasil.com/
Brazilian,Sabor Brasil Brazilian Food,"3262 Vineland Rd #103, Kissimmee, FL 34746, USA",https://saborbrasilbrazilianfoodfl.com/
Brazilian,Morty and Edna’s Craft Kitchen,"231 N Main Ave #2, Lake Placid, FL 33852, USA",http://www.mortyandednas.com/
Brazilian,Kosher de Brazil,"1710 E Hallandale Beach Blvd, Hallandale Beach, FL 33009, USA",http://www.kosherdebrazil.com/
Brazilian,Taqueria Y Tienda Jalisco,"928 S Main Ave, Lake Placid, FL 33852, USA",
Brazilian,Pastel Brazil Cafe,"8275 S U.S. Hwy 1, Port St. Lucie, FL 34952, USA",https://www.facebook.com/pastelbrazilcafe
Peruvian,PeruFresh Ceviche Bar & Market,"207 Circle Park Dr, Sebring, FL 33870, USA",http://perufresh.com/
Salvadorian,La Pupusa Queen,"210 N Main Ave, Lake Placid, FL 33852, USA",
Cuban,Havana Restaurant & Bakery Corp,"2912 US Hwy 27 N, Sebring, FL 33870, USA",http://www.havana-restaurant.com/
Cuban,BONGOS CREATIVE CUISINE,"3416 FL-17, Sebring, FL 33870, USA",https://www.facebook.com/snoopygeo27/
Cuban,Sophie’s Cafe,"120 Sebring Square.., Sebring, FL 33870, USA",http://sophiescafellc.com/
Cuban,Santa Bárbara Cuban Coffee,"1048 US Hwy 27 S unit 1178, Avon Park, FL 33825, USA",https://64a1e97baf872.site123.me/
Tibetan,Cang Tong Japanese Steakhouse,"110 Sebring Square.., Sebring, FL 33870, USA",http://cangtongsebring.com/
Tibetan,Hibachi Buffet,"2870 US Hwy 27 N, Sebring, FL 33870, USA",https://emaps.top/hibachi-buffet
Egyptian,Crossroads Mediterranean Cuisines and Sweets,"4131 Sun N Lake Blvd, Sebring, FL 33872, USA",
Egyptian,Jimmy's Greek American Grill,"901 US Hwy 27 N Ste. 19, Sebring, FL 33870, USA",
Greek,Jimmy's Greek American Grill,"901 US Hwy 27 N Ste. 19, Sebring, FL 33870, USA",
Belgian,Chez Mireille,"2179 US Hwy 27 N, Sebring, FL 33870, USA",https://www.authenticbelgianwaffles.com/
Irish,Highlands Irish Pub,"4100 Carter Creek Dr, Avon Park, FL 33825, USA",https://highlandsridgegolf.com/the-pub
Welsh,Highlands Irish Pub,"4100 Carter Creek Dr, Avon Park, FL 33825, USA",https://highlandsridgegolf.com/the-pub
Cajun,The Gator Shack,"9561 4651 US-98, Sebring, FL 33876, USA",https://gatorshackfl.com/
Cajun,Cowpoke's Watering Hole,"6813 US Hwy 27 S, Sebring, FL 33876, USA",http://cowpokeswh.com/
Cajun,Popeyes Louisiana Kitchen,"2709 US Hwy 27 S, Sebring, FL 33870, USA",https://www.popeyes.com/store-locator/store/restaurant_86666?utm_source=yext&utm_medium=referral&utm_campaign=organic-local-listings
Cajun,Jaxson's,"443 Lake June Rd, Lake Placid, FL 33852, USA",
Cajun,Red Lobster,"721 US Hwy 27 N, Sebring, FL 33870, USA",https://www.redlobster.com/seafood-restaurants/locations/fl/sebring/721-us-27
Cajun,Faded Bistro & Beer Garden,"420 N Ridgewood Dr, Sebring, FL 33870, USA",https://www.fadedbistro.com/
Cajun,Cody's Original Roadhouse - Sebring,"521 US Hwy 27, Sebring, FL 33870, USA",https://www.codysoriginalroadhouse.com/sebring
Cajun,Dock 633,"633 Lake June Rd, Lake Placid, FL 33852, USA",https://www.facebook.com/Dock633/
Cajun,Caddyshack Bar & Grill,"3122 Golfview Rd, Sebring, FL 33870, USA",
Cajun,Captain D's,"3400 US Hwy 27 S, Sebring, FL 33870, USA",https://locations.captainds.com/ll/US/FL/Sebring/3400-US-Highway-27-S
Cajun,Sunset Grille,"2650 US Hwy 27 S, Sebring, FL 33870, USA",http://www.sunsetbarandgrillesebring.com/
Cajun,Cajun Cowboy,"1400 Grape Hammock Rd Unit B, Lake Wales, FL 33898, USA",https://www.facebook.com/cajuncowboyllc?mibextid=ZbWKwL
Cajun,Culina at the PARC Restaurant,"5300 US-98, Sebring, FL 33876, USA",https://theparc.com/Culina
Cajun,Cang Tong Japanese Steakhouse,"110 Sebring Square.., Sebring, FL 33870, USA",http://cangtongsebring.com/
Cajun,Happy Chef Restaurant,"1506 US Hwy 27, Lake Placid, FL 33852, USA",
Cajun,Beef 'O' Brady's,"2940 US Hwy 27, Sebring, FL 33870, USA",https://www.beefobradys.com/Sebring
Cajun,Chili's Grill & Bar,"821 US Hwy 27 N, Sebring, FL 33870, USA",https://www.chilis.com/locations/us/florida/sebring/sebring?utm_source=google&utm_medium=local&utm_campaign=Chilis
Cajun,Hungry Howie's Pizza & Subs,"3012 US Hwy 27 S, Sebring, FL 33870, USA",https://www.hungryhowies.com/stores/fl/sebring/3012-us-hwy-27-s?utm_source=google&utm_medium=organic&utm_campaign=googlebusinessprofile
Cajun,Pizzano's Pizza and Grinderz,"4141 US Hwy 27 N #10, Sebring, FL 33870, USA",https://www.pizzanospizzagrinderz.com/?utm_source=gbp
Cajun,"Dimitri's Restaurant, Pizza Kitchen and Its 5 O'clock Somewhere Bar","2710 Kenilworth Blvd, Sebring, FL 33870, USA",https://www.dimitrisrestaurant.com/
Portuguese,Faded Bistro & Beer Garden,"420 N Ridgewood Dr, Sebring, FL 33870, USA",https://www.fadedbistro.com/
Portuguese,Luso Portuguese Grille,"11566 SW Village Pkwy, Port St. Lucie, FL 34987, USA",http://lusogrille.info/
Portuguese,La Pupusa Queen,"210 N Main Ave, Lake Placid, FL 33852, USA",
Portuguese,Taqueria Y Tienda Jalisco,"928 S Main Ave, Lake Placid, FL 33852, USA",
Portuguese,Iberia Bar & Grill,"3745 S Military Trl, Greenacres, FL 33463, USA",http://www.iberiagrill.com/
Portuguese,Morty and Edna’s Craft Kitchen,"231 N Main Ave #2, Lake Placid, FL 33852, USA",http://www.mortyandednas.com/
Portuguese,Old Lisbon Restaurants,"1698 SW 22nd St, Miami, FL 33145, USA",http://www.oldlisbonrestaurants.com/
Portuguese,Caravela Portuguese Restaurant Miami,"7761 NW 107th Ave suite 2-11, Doral, FL 33178, USA",https://www.caraveladoral.com/
Portuguese,Fado Portuguese Cuisine,"435 5th Ave N, St. Petersburg, FL 33701, USA",https://fadofl.com/
Portuguese,El Baron,"910 N Scenic Hwy, Babson Park, FL 33827, USA",http://www.lacocinadelbaron.com/
Portuguese,Portugal Wine Bar & Grill,"15 Palm Harbor Village Way W, Palm Coast, FL 32137, USA",http://www.portugalwinebarandgrill.com/
Portuguese,Braga Portuguese Restaurant,"1401 SW 22nd St, Miami, FL 33145, USA",https://bragarestaurant.com/
Portuguese,Fernando’s Dockside Grille,"2214 SE Veterans Memorial Pkwy, Port St. Lucie, FL 34952, USA",http://fernandosdocksidegrille.com/
Portuguese,New England Roadside Grill,"22637 Bayshore Rd, Port Charlotte, FL 33980, USA",
Portuguese,River Ranch Cattle Company,"3200 River Ranch Blvd, River Ranch, FL 33867, USA",https://resort.to/rrcc?y_source=1_MzMzNDQ3OTAtNzE1LWxvY2F0aW9uLndlYnNpdGU%3D
Portuguese,"Ovation Bistro & Bar, Winter Haven","7130 Cypress Gardens Blvd, Winter Haven, FL 33884, USA",https://www.ovationbistro.com/?utm_source=google&utm_medium=organic&utm_campaign=gmb
Portuguese,Pisces Rising,"239 W 4th Ave, Mt Dora, FL 32757, USA",http://www.piscesrisingdining.com/?y_source=1_MTExOTUyNzEtNzE1LWxvY2F0aW9uLndlYnNpdGU%3D
Portuguese,Dockside Grill,"33 Tamiami Trl, Punta Gorda, FL 33950, USA",
Portuguese,Mar Belo Portuguese Restaurant/Lounge,"611 Broadway, Long Branch, NJ 07740, USA",http://www.marbelorestaurant.com/
Portuguese,KALUZ RESTAURANT,"2025 Wellington Green Dr, Wellington, FL 33414, USA",http://www.kaluzrestaurant.com/
Turkish,Jimmy's Greek American Grill,"901 US Hwy 27 N Ste. 19, Sebring, FL 33870, USA",
Turkish,Wild Turkey Tavern,"2751 US Hwy 27, Avon Park, FL 33825, USA",http://www.wildturkeytavern.com/
Turkish,Blue Lagoon Saloon,"4120 US Hwy 27 N, Sebring, FL 33870, USA",
Turkish,Cody's Original Roadhouse - Sebring,"521 US Hwy 27, Sebring, FL 33870, USA",https://www.codysoriginalroadhouse.com/sebring
Turkish,Thai House,"3750 US Hwy 27 N STE 4D, Sebring, FL 33870, USA",
Turkish,The Vault of Sebring,"200 Circle Park Dr, Sebring, FL 33870, USA",http://thevaultofsebring.com/
Turkish,Sunset Grille,"2650 US Hwy 27 S, Sebring, FL 33870, USA",http://www.sunsetbarandgrillesebring.com/
Turkish,Turkish Mediterranean Cuisine,"1921 W Bay Dr, Largo, FL 33770, USA",http://www.turkishmediterraneancuisine.com/
Turkish,Marash Turkish Cuisine,"710 W Hallandale Beach Blvd, Hallandale Beach, FL 33009, USA",
Haitian,Family Taste,"1001 US Hwy 27 S UNIT 1019, Avon Park, FL 33825, USA",https://www.facebook.com/FamilyTast/
Tahitian,La Pupusa Queen,"210 N Main Ave, Lake Placid, FL 33852, USA",
Tahitian,Culina at the PARC Restaurant,"5300 US-98, Sebring, FL 33876, USA",https://theparc.com/Culina
Tahitian,Morty and Edna’s Craft Kitchen,"231 N Main Ave #2, Lake Placid, FL 33852, USA",http://www.mortyandednas.com/
Tahitian,Taqueria Y Tienda Jalisco,"928 S Main Ave, Lake Placid, FL 33852, USA",
Kenyan,Cang Tong Japanese Steakhouse,"110 Sebring Square.., Sebring, FL 33870, USA",http://cangtongsebring.com/
Korean,Cang Tong Japanese Steakhouse,"110 Sebring Square.., Sebring, FL 33870, USA",http://cangtongsebring.com/
Korean,Blue Lagoon Saloon,"4120 US Hwy 27 N, Sebring, FL 33870, USA",
Korean,JeansBar&Grill,"1000 Sebring Square.., Sebring, FL 33870, USA",
Korean,K-BOB Korean Street Food,"11830 Glass House Lane Suite 150, Orlando, FL 32836, USA",http://kbobstreet.com/
Korean,Korea House Restaurant,"1155 W State Rd 434 #123, Longwood, FL 32750, USA",http://koreahouserestaurant.com/
Korean,Izzi Korean Kitchen,"1700 W Sand Lake Rd d124, Orlando, FL 32809, USA",http://izzikoreankitchen.com/
Korean,Dock 633,"633 Lake June Rd, Lake Placid, FL 33852, USA",https://www.facebook.com/Dock633/
Korean,Sarione Korean Restaurant,"3940 W Cypress St, Tampa, FL 33607, USA",http://www.sarionerestaurant.com/
Korean,Origami Korean-Japanese Restaurant,"8911 Daniels Pkwy #5, Fort Myers, FL 33912, USA",https://origamieats.com/
Korean,Ember Korean Steakhouse,"7091 College Pkwy #9, Fort Myers, FL 33907, USA",http://www.emberfortmyers.com/
Korean,Seoul Garden (한국 레스토랑),"2510 S US Hwy 1, Fort Pierce, FL 34982, USA",http://www.seoulgardenkoreanrestaurant.com/
Korean,Gabose Korean BBQ,"4991 N University Dr, Lauderhill, FL 33351, USA",http://www.gabosebbq.com/
Korean,HALLYU KOREAN BBQ & BAR,"6800 N University Dr, Tamarac, FL 33321, USA",http://hallyukbbq.com/
Korean,Kore Steakhouse,"1561 Lakefront Dr #111, Sarasota, FL 34240, USA",https://koresteakhouse.com/
Korean,Shilla Korean Restaurant,"501 N Beneva Rd #240, Sarasota, FL 34232, USA",http://shillakoreansarasota.com/
Korean,Highlands Irish Pub,"4100 Carter Creek Dr, Avon Park, FL 33825, USA",https://highlandsridgegolf.com/the-pub
Korean,Faded Bistro & Beer Garden,"420 N Ridgewood Dr, Sebring, FL 33870, USA",https://www.fadedbistro.com/
Korean,Korean Ssam Bar,"1303 N Washington Blvd, Sarasota, FL 34236, USA",http://www.clover.com/online-ordering/korean-ssam-bar-sarasota
Korean,Gen Korean BBQ House,"1301 E Las Olas Blvd Bay #150, Fort Lauderdale, FL 33301, USA",http://gendelivers.com/
Korean,Arirang Restaurant,"172 Woodruff Ave E, Crestview, FL 32536, USA",http://www.koreanbbqrestaurantincrestviewfl.com/
Algerian,Jimmy's Greek American Grill,"901 US Hwy 27 N Ste. 19, Sebring, FL 33870, USA",
Nigerian,Flavors Nigerian Restaurant,"3530 S Orange Ave, Orlando, FL 32806, USA",
Libyan,Hibachi Buffet,"2870 US Hwy 27 N, Sebring, FL 33870, USA",https://emaps.top/hibachi-buffet
Libyan,Cang Tong Japanese Steakhouse,"110 Sebring Square.., Sebring, FL 33870, USA",http://cangtongsebring.com/
Libyan,Faded Bistro & Beer Garden,"420 N Ridgewood Dr, Sebring, FL 33870, USA",https://www.fadedbistro.com/
Moroccan,Dar Tajine Moroccan Restaurant,"8281 W Sunrise Blvd, Plantation, FL 33322, USA",https://dar-tajine.com/
Moroccan,Moroccan Breeze Restaurant,"9404 S Orange Blossom Trl, Orlando, FL 32837, USA",
Moroccan,The Vault of Sebring,"200 Circle Park Dr, Sebring, FL 33870, USA",http://thevaultofsebring.com/
Moroccan,TajineXpress • Taste of Home •,"971 N Goldenrod Rd #166, Orlando, FL 32807, USA",http://www.tajinexpress.com/
Moroccan,ATAJ Moroccan Restaurant,"2901 Parkway Blvd Suite B12, Kissimmee, FL 34747, USA",
Lebanese,Crossroads Mediterranean Cuisines and Sweets,"4131 Sun N Lake Blvd, Sebring, FL 33872, USA",
Lebanese,Jimmy's Greek American Grill,"901 US Hwy 27 N Ste. 19, Sebring, FL 33870, USA",
Lebanese,Olive Garden Italian Restaurant,"1696 US Hwy 27, Sebring, FL 33870, USA",https://www.olivegarden.com/locations/fl/sebring/sebring/1741?cmpid=br:og_ag:ie_ch:loc_ca:OGGMB_sn:gmb_gt:sebring-fl-1741_pl:locurl_rd:1589
Lebanese,"Dimitri's Restaurant, Pizza Kitchen and Its 5 O'clock Somewhere Bar","2710 Kenilworth Blvd, Sebring, FL 33870, USA",https://www.dimitrisrestaurant.com/
Lebanese,Thai House,"3750 US Hwy 27 N STE 4D, Sebring, FL 33870, USA",
Lebanese,Panera Bread,"1760 US Hwy 27 N, Sebring, FL 33870, USA",https://www.panerabread.com/en-us/cafe/locations/fl/sebring/1760-us-27-north?utm_medium=local&utm_source=google&utm_campaign=dpm-dist&utm_term=601259&utm_content=main
Lebanese,Arby's,"3440 US Hwy 27 S, Sebring, FL 33870, USA",https://locations.arbys.com/fl/sebring/3440-us-hwy-27-s.html?utm_source=google%20my%20business&utm_medium=organic&utm_campaign=website%20link
Vietnamese,THN Sebring,"199 US Hwy 27 S, Sebring, FL 33870, USA",
Hungarian,Morty and Edna’s Craft Kitchen,"231 N Main Ave #2, Lake Placid, FL 33852, USA",http://www.mortyandednas.com/
Mediterranean,Crossroads Mediterranean Cuisines and Sweets,"4131 Sun N Lake Blvd, Sebring, FL 33872, USA",
Ethiopian,Queen of Sheba,"11001 N 56th St, Temple Terrace, FL 33617, USA",https://www.ethiopianrestauranttampa.com/
Ethiopian,Hibachi Buffet,"2870 US Hwy 27 N, Sebring, FL 33870, USA",https://emaps.top/hibachi-buffet
Ethiopian,Awash Ethiopian Restaurant,"19934 NW 2nd Ave, Miami Gardens, FL 33169, USA",https://www.awashethiopian.com/
Ethiopian,Teff Fields Ethiopian Cuisine @ethiopiancuisine,"1940 N 30th Rd, Hollywood, FL 33021, USA",
Ethiopian,Jiko - The Cooking Place,"2901 Osceola Pkwy, Lake Buena Vista, FL 32830, USA",https://disneyworld.disney.go.com/dining/animal-kingdom-lodge/jiko-the-cooking-place/?CMP=OKC-90001778_GM_WDW_dining_jikothecookingplace_NA
Ethiopian,Queen of Sheeba,"716 N Sapodilla Ave, West Palm Beach, FL 33401, USA",https://www.queenofsheebawpb.com/
Caribbean,ISLANDS CHOICE,"1005 W Peel St, Avon Park, FL 33825, USA",
Caribbean,Juicy Jerk Jamaican Cuisine,"3729 Kenilworth Blvd, Sebring, FL 33870, USA",
Caribbean,Fabian's Cuisines,"5353 US Hwy 27 S #6143, Sebring, FL 33870, USA",
Caribbean,Empress Caribbean Comfort food,"13717 Ruby Terrace, Sebring, FL 33875, USA",
Soul,S&J BBQ & Soul Food,"South Hart &, FL-64, Avon Park, FL 33825, USA",
Argentinian,Argentina's Speakeasy,"2355 SW 28th St #10A, Okeechobee, FL 34974, USA",
Argentinian,La Doota Argentine Food,"1600 state Road East, Okeechobee, FL 34972, USA",
Chilean,Chili's Grill & Bar,"821 US Hwy 27 N, Sebring, FL 33870, USA",https://www.chilis.com/locations/us/florida/sebring/sebring?utm_source=google&utm_medium=local&utm_campaign=Chilis
Chilean,La Hacienda Restaurant,"825 N Ridgewood Dr, Sebring, FL 33870, USA",https://lahaciendasebring.com/
Chilean,Don Jose Mexican Restaurant,"4731 Lakeview Dr, Sebring, FL 33870, USA",http://www.donjosemexican.com/
Chilean,Azul Tequila,"2521 US Hwy 27 N, Sebring, FL 33870, USA",http://azultequilacuisine.com/
Chilean,Culina at the PARC Restaurant,"5300 US-98, Sebring, FL 33876, USA",https://theparc.com/Culina
Chilean,Ranchero Cafe Restaurant,"344 N Ridgewood Dr, Sebring, FL 33870, USA",
Chilean,Chipotle Mexican Grill,"1310 US Hwy 27 N, Sebring, FL 33870, USA",https://www.chipotle.com/?utm_source=google&utm_medium=yext&utm_campaign=yext_listings
Chilean,La Malquerida Restaurant & Tienda Avon Park,"600 W Main St, Avon Park, FL 33825, USA",https://www.facebook.com/LaMalqueridaTienda/
Chilean,Casa Tequila Mexican Restaurant,"3601 Placid Lakes Blvd, Lake Placid, FL 33852, USA",https://www.facebook.com/CasaTequilaMexicanRestaurantBar
Chilean,"Norma's Place, LLC","244 E Interlake Blvd, Lake Placid, FL 33852, USA",https://normasplace.com/
Chilean,El Paso Tienda Mexican Food,"209 US Hwy 27 N, Avon Park, FL 33825, USA",
Chilean,Dairy Queen,"3359 US Hwy 27 S, Sebring, FL 33870, USA",https://www.dairyqueen.com/en-us/locations/fl/sebring/3359-us-hwy-27-s/3121/?utm_source=organic&utm_campaign=yext%2F&y_source=1_ODk5NzI3MC03MTUtbG9jYXRpb24ud2Vic2l0ZQ%3D%3D
Chilean,Oscar's Family Restaurant,"267 US Hwy 27 N, Sebring, FL 33870, USA",https://www.oscarsfamilyrestaurant.online/
Chilean,Denny's,"4390 US Hwy 27, Sebring, FL 33870, USA",https://locations.dennys.com/FL/SEBRING/247808?utm_source=yext&utm_medium=local-listing&utm_campaign=yext-listing&y_source=1_MjIyODc1MC03MTUtbG9jYXRpb24ud2Vic2l0ZQ%3D%3D
Chilean,Taqueria Merlo,"1004 W Main St, Avon Park, FL 33825, USA",https://taqueriamerlos.com/
Chilean,Dairy Queen Grill & Chill,"2255 US Hwy 27 N, Sebring, FL 33870, USA",http://www.fourteenfoods.com/?y_source=1_ODk5NTAwMi03MTUtbG9jYXRpb24ud2Vic2l0ZQ%3D%3D
Chilean,Taqueria Y Tienda Jalisco,"928 S Main Ave, Lake Placid, FL 33852, USA",
Chilean,La Yerbita,"19 N Central Ave, Avon Park, FL 33825, USA",http://layerbita.com/
Chilean,SENOR JALAPENO,"2451 US Hwy 27 S, Avon Park, FL 33825, USA",http://www.senorjalapenorestaurant.com/
Chilean,Froggys,"512 S Verona Ave, Avon Park, FL 33825, USA",
Colombian,bad porky,"9119 US Hwy 27 S, Sebring, FL 33876, USA",
Costa Rican,BONGOS CREATIVE CUISINE,"3416 FL-17, Sebring, FL 33870, USA",https://www.facebook.com/snoopygeo27/
Czech,Heartland Speakeasy,"100 Clubhouse Ln, Sebring, FL 33876, USA",http://hspksy.com/
Danish,Heartland Speakeasy,"100 Clubhouse Ln, Sebring, FL 33876, USA",http://hspksy.com/
Danish,Sandys cafe 98,"12906 US-98, Sebring, FL 33876, USA",
Danish,Culina at the PARC Restaurant,"5300 US-98, Sebring, FL 33876, USA",https://theparc.com/Culina
Danish,Morty and Edna’s Craft Kitchen,"231 N Main Ave #2, Lake Placid, FL 33852, USA",http://www.mortyandednas.com/
Danish,Dee's Place,"138 N Ridgewood Dr, Sebring, FL 33870, USA",
Danish,Faded Bistro & Beer Garden,"420 N Ridgewood Dr, Sebring, FL 33870, USA",https://www.fadedbistro.com/
Danish,Sophie’s Cafe,"120 Sebring Square.., Sebring, FL 33870, USA",http://sophiescafellc.com/
Danish,Chicanes Restaurant & Bar,"3101 Golfview Rd, Sebring, FL 33870, USA",
Danish,Village Inn,"3101 US Hwy 27 S, Sebring, FL 33870, USA",https://www.villageinn.com/sebring-fl
Danish,Crossroads Mediterranean Cuisines and Sweets,"4131 Sun N Lake Blvd, Sebring, FL 33872, USA",
Danish,Cowpoke's Watering Hole,"6813 US Hwy 27 S, Sebring, FL 33876, USA",http://cowpokeswh.com/
Danish,Cody's Original Roadhouse - Sebring,"521 US Hwy 27, Sebring, FL 33870, USA",https://www.codysoriginalroadhouse.com/sebring
Danish,Logans of Lake Placid,"381 E Interlake Blvd, Lake Placid, FL 33852, USA",http://lunchlakeplacid.com/
Danish,Sebring Diner,"4040 US Hwy 27 S, Sebring, FL 33870, USA",https://www.facebook.com/Sebring-Diner-101416681763615/
Danish,The Gator Shack,"9561 4651 US-98, Sebring, FL 33876, USA",https://gatorshackfl.com/
Danish,Glenda Jean's Country Kitchen,"204 N Main Ave, Lake Placid, FL 33852, USA",http://glendajeanslp.com/
Danish,Jaxson's,"443 Lake June Rd, Lake Placid, FL 33852, USA",
Danish,Olympic Restaurant,"504 US Hwy 27, Avon Park, FL 33825, USA",
Danish,Oscar's Family Restaurant,"267 US Hwy 27 N, Sebring, FL 33870, USA",https://www.oscarsfamilyrestaurant.online/
Danish,Bufalucca Sports N’ Wings,"7429 US Hwy 27 N, Sebring, FL 33870, USA",http://www.bufalucca.com/
Dutch,Dutchers Diner,"1012 W Main St, Avon Park, FL 33825, USA",
Ecuadorian,Barzola 2 Restaurante Ecuatoriano,"8920 Taft St, Pembroke Pines, FL 33024, USA",
Finnish,Island View Restaurant,"5223 Tee Time Cir, Sebring, FL 33872, USA",http://www.islandviewrestaurant.com/
Finnish,Cowpoke's Watering Hole,"6813 US Hwy 27 S, Sebring, FL 33876, USA",http://cowpokeswh.com/
Finnish,Culina at the PARC Restaurant,"5300 US-98, Sebring, FL 33876, USA",https://theparc.com/Culina
Finnish,Cody's Original Roadhouse - Sebring,"521 US Hwy 27, Sebring, FL 33870, USA",https://www.codysoriginalroadhouse.com/sebring
Finnish,Chicanes Restaurant & Bar,"3101 Golfview Rd, Sebring, FL 33870, USA",
Finnish,Schooni's Italian American,"209 N Main Ave, Lake Placid, FL 33852, USA",
Finnish,Faded Bistro & Beer Garden,"420 N Ridgewood Dr, Sebring, FL 33870, USA",https://www.fadedbistro.com/
Finnish,Heartland Speakeasy,"100 Clubhouse Ln, Sebring, FL 33876, USA",http://hspksy.com/
Finnish,Morty and Edna’s Craft Kitchen,"231 N Main Ave #2, Lake Placid, FL 33852, USA",http://www.mortyandednas.com/
Finnish,Wild Turkey Tavern,"2751 US Hwy 27, Avon Park, FL 33825, USA",http://www.wildturkeytavern.com/
Finnish,Bufalucca Sports N’ Wings,"7429 US Hwy 27 N, Sebring, FL 33870, USA",http://www.bufalucca.com/
Ghanaian,Flavors Nigerian Restaurant,"3530 S Orange Ave, Orlando, FL 32806, USA",
Guatemalan,Mi Guatelinda Restaurant,"3164 SE Dixie Hwy, Stuart, FL 34997, USA",
Honduran,Las Katrachitas,"724 N Wabash Ave, Lakeland, FL 33815, USA",
Honduran,Los Catrachos Restaurant,"4645 Gun Club Rd #1, West Palm Beach, FL 33415, USA",
Honduran,Rincón Catracho,"2255 U.S. Hwy 17-92 N, Haines City, FL 33844, USA",https://facebook.com/RinconCatrachoFL
Honduran,El Troquito Hondureno,"6000 S Orange Blossom Trl, Orlando, FL 32809, USA",
Honduran,Sabor Autentico Hondureño,"5435 N State Rd 7, Tamarac, FL 33319, USA",http://saborautenticohondurenofl.com/
Honduran,Restaurante La Progreseña,"1060 W Sample Rd, Pompano Beach, FL 33064, USA",
Honduran,Five Stars Latin Food,"4125 Cleveland Ave, Fort Myers, FL 33901, USA",
Honduran,Nora Restaurant,"5673 15th St E, Bradenton, FL 34203, USA",https://ovenj.com/nora-restaurant-890795-web
Honduran,La Casa Catracha,"8502 N Armenia Ave #1-G, Tampa, FL 33604, USA",
Honduran,Honduras Restaurant 2,"902 W Busch Blvd, Tampa, FL 33612, USA",https://www.hondurasrestauranttampabar.com/
Honduran,Honduras Cafe,"12313 University, Mall Food court, Upper floor (segundo piso, Tampa, FL 33612, USA",
Icelandic,Island View Restaurant,"5223 Tee Time Cir, Sebring, FL 33872, USA",http://www.islandviewrestaurant.com/
Indonesian,Cang Tong Japanese Steakhouse,"110 Sebring Square.., Sebring, FL 33870, USA",http://cangtongsebring.com/
Iranian,Caspian Persian Grill,"7821 W Sunrise Blvd, Plantation, FL 33322, USA",http://www.caspianpersiangrill.co/
Iraqi,Crossroads Mediterranean Cuisines and Sweets,"4131 Sun N Lake Blvd, Sebring, FL 33872, USA",
Israeli,Temple Israel-Highlands County,"1305 Temple Israel Dr, Sebring, FL 33870, USA",https://templeisraelofhcfl.org/
Jamaican,Juicy Jerk Jamaican Cuisine,"3729 Kenilworth Blvd, Sebring, FL 33870, USA",
Jamaican,Fabian's Cuisines,"5353 US Hwy 27 S #6143, Sebring, FL 33870, USA",
Jamaican,ISLANDS CHOICE,"1005 W Peel St, Avon Park, FL 33825, USA",
Jordanian,Jimmy's Greek American Grill,"901 US Hwy 27 N Ste. 19, Sebring, FL 33870, USA",
Kuwaiti,Cowpoke's Watering Hole,"6813 US Hwy 27 S, Sebring, FL 33876, USA",http://cowpokeswh.com/
Kuwaiti,Culina at the PARC Restaurant,"5300 US-98, Sebring, FL 33876, USA",https://theparc.com/Culina
Kuwaiti,The Gator Shack,"9561 4651 US-98, Sebring, FL 33876, USA",https://gatorshackfl.com/
Kuwaiti,Chicanes Restaurant & Bar,"3101 Golfview Rd, Sebring, FL 33870, USA",
Kuwaiti,Morty & Edna's Sebring,"123 N Ridgewood Dr, Sebring, FL 33870, USA",
Kuwaiti,Faded Bistro & Beer Garden,"420 N Ridgewood Dr, Sebring, FL 33870, USA",https://www.fadedbistro.com/
Kuwaiti,Cody's Original Roadhouse - Sebring,"521 US Hwy 27, Sebring, FL 33870, USA",https://www.codysoriginalroadhouse.com/sebring
Kuwaiti,Cang Tong Japanese Steakhouse,"110 Sebring Square.., Sebring, FL 33870, USA",http://cangtongsebring.com/
Kuwaiti,Hibachi Buffet,"2870 US Hwy 27 N, Sebring, FL 33870, USA",https://emaps.top/hibachi-buffet
Kuwaiti,Wild Turkey Tavern,"2751 US Hwy 27, Avon Park, FL 33825, USA",http://www.wildturkeytavern.com/
Kuwaiti,La Pupusa Queen,"210 N Main Ave, Lake Placid, FL 33852, USA",
Kuwaiti,Morty and Edna’s Craft Kitchen,"231 N Main Ave #2, Lake Placid, FL 33852, USA",http://www.mortyandednas.com/
Kuwaiti,Olympic Restaurant,"504 US Hwy 27, Avon Park, FL 33825, USA",
Kuwaiti,Bufalucca Sports N’ Wings,"7429 US Hwy 27 N, Sebring, FL 33870, USA",http://www.bufalucca.com/
Kuwaiti,Taqueria Y Tienda Jalisco,"928 S Main Ave, Lake Placid, FL 33852, USA",
Laotian,Thai House,"3750 US Hwy 27 N STE 4D, Sebring, FL 33870, USA",
Lithuanian,Island View Restaurant,"5223 Tee Time Cir, Sebring, FL 33872, USA",http://www.islandviewrestaurant.com/
Malaysian,Don Jose Mexican Restaurant,"4731 Lakeview Dr, Sebring, FL 33870, USA",http://www.donjosemexican.com/
Mongolian,Cang Tong Japanese Steakhouse,"110 Sebring Square.., Sebring, FL 33870, USA",http://cangtongsebring.com/
Mongolian,Hibachi Buffet,"2870 US Hwy 27 N, Sebring, FL 33870, USA",https://emaps.top/hibachi-buffet
Mongolian,China One,"3218 US Hwy 27 S, Sebring, FL 33870, USA",
Mongolian,Yum's Chinese Food,"3012 US Hwy 27 S, Sebring, FL 33870, USA",http://863-386-9119.chinesemenu.com/
Mongolian,China Wok,"1575 US Hwy 27, Avon Park, FL 33825, USA",
Mongolian,Hong Kong Chinese Restaurant,"490 US Hwy 27 Suite 1460, Lake Placid, FL 33852, USA",https://www.hongkongchineserestaurantfl.com/
Mongolian,BD's Mongolian Grill,"1474 Town Center Dr, Lakeland, FL 33803, USA",https://locations.bdsgrill.com/fl/lakeland/bds-mongolian-grill-fl22.html
Mongolian,Yums Chinese Food,"1048 US Hwy 27 S STE 1108, Avon Park, FL 33825, USA",
Mongolian,China Max,"901 US Hwy 27, Sebring, FL 33870, USA",
Nepalese,Gorkhali Kitchen,"10044 Cross Creek Blvd, Tampa, FL 33647, USA",http://www.gorkhalikitchentampa.com/
Nicaraguan,Fritanga La Nueva,"29 S Semoran Blvd, Orlando, FL 32807, USA",
Nicaraguan,Pinolandia West Palm Beach,"1290 N Military Trl, West Palm Beach, FL 33409, USA",
Nicaraguan,Fritanga Nicoya (Fort Myers),"4250 Palm Beach Blvd, Fort Myers, FL 33905, USA",https://fritanganicoya.com/
Nicaraguan,El Novillo Restaurant,"15450 New Barn Rd #110, Miami Lakes, FL 33014, USA",http://www.elnovillorestaurant.com/
Nicaraguan,La Parrilla Fritanga,"1893 N Pine Island Rd, Plantation, FL 33322, USA",https://dotlo.me/la-parrilla-fritanga-238966-web
Nicaraguan,Delicias De Nicaragua,"6900 W 32nd Ave, Hialeah, FL 33018, USA",http://www.facebook.com/pages/Delicias-de-Nicaragua-Fritanga/157111831025460
Nicaraguan,Fritanga Nicoya ( Lehigh Acres ),"1237 Homestead Rd N #71, Lehigh Acres, FL 33936, USA",http://www.fritanganicoya.com/
Nicaraguan,El Nica Restaurant,"5995 Park Blvd Unit 1, Pinellas Park, FL 33781, USA",https://eltionicarestaurantfl.com/
Nicaraguan,Fritanga La Chavala,"10404 W Flagler St, Miami, FL 33174, USA",https://www.orderfritangalachavala.com/
Nicaraguan,Fritanga Fritangon Nica,"6799 Stirling Rd, Davie, FL 33314, USA",
Nicaraguan,Fritanga Angonica Restaurant,"2794 W 68th St #101, Hialeah, FL 33016, USA",
Nicaraguan,Madroño Restaurant,"10780 W Flagler St, Miami, FL 33174, USA",https://madronorestaurant.com/
Nicaraguan,Fritanga Nica Power,"12581 Biscayne Blvd, North Miami, FL 33181, USA",
Nicaraguan,Cerro Negro Restaurant,"9613 W Flagler St, Miami, FL 33174, USA",https://cerronegrorestaurant.com/
Nicaraguan,El Novillo,"6830 SW 40th St, Miami, FL 33155, USA",http://www.elnovillorestaurant.com/
Nicaraguan,Guayacan Miami Restaurant,"1933 SW 8th St, Miami, FL 33135, USA",https://guayacanmiami.com/
Nicaraguan,Fritanga Cana Brava,"2795 NW 7th St, Miami, FL 33125, USA",
Nicaraguan,La Pulperia Nicaraguan Store & Cafe,"10780 W Flagler St #18, Miami, FL 33174, USA",
Nicaraguan,Fritanga Las Piedrecitas,"8230 NW 103rd St, Hialeah, FL 33016, USA",
Nicaraguan,Fritanga 505 Inc,"11030 W Flagler St, Miami, FL 33174, USA",
Norwegian,Island View Restaurant,"5223 Tee Time Cir, Sebring, FL 33872, USA",http://www.islandviewrestaurant.com/
Norwegian,Crossroads Mediterranean Cuisines and Sweets,"4131 Sun N Lake Blvd, Sebring, FL 33872, USA",
Norwegian,Cowpoke's Watering Hole,"6813 US Hwy 27 S, Sebring, FL 33876, USA",http://cowpokeswh.com/
Norwegian,Cody's Original Roadhouse - Sebring,"521 US Hwy 27, Sebring, FL 33870, USA",https://www.codysoriginalroadhouse.com/sebring
Norwegian,Cang Tong Japanese Steakhouse,"110 Sebring Square.., Sebring, FL 33870, USA",http://cangtongsebring.com/
Norwegian,Faded Bistro & Beer Garden,"420 N Ridgewood Dr, Sebring, FL 33870, USA",https://www.fadedbistro.com/
Norwegian,Oscar's Family Restaurant,"267 US Hwy 27 N, Sebring, FL 33870, USA",https://www.oscarsfamilyrestaurant.online/
Pakistani,Crossroads Mediterranean Cuisines and Sweets,"4131 Sun N Lake Blvd, Sebring, FL 33872, USA",
Pakistani,Culina at the PARC Restaurant,"5300 US-98, Sebring, FL 33876, USA",https://theparc.com/Culina
Pakistani,Koyla Pakistani BBQ,"4990 W Irlo Bronson Memorial Hwy, Kissimmee, FL 34746, USA",https://koylabbq.com/
Pakistani,Kabab King FL,"11352 S Orange Blossom Trl, Orlando, FL 32837, USA",https://kababkingfl.com/?utm_source=google
Pakistani,Tarka Karahi and Kabab House,"7881 W Sample Rd, Coral Springs, FL 33065, USA",
Pakistani,Taste of Punjab,"4980 W Irlo Bronson Memorial Hwy #192, Kissimmee, FL 34746, USA",https://www.tasteofpunjaborlando.com/
Pakistani,BBQ Tonight Indian Restaurant and Caterings,"11701 International Dr #310, Orlando, FL 32821, USA",
Pakistani,Curry Mango,"6625 Florida Ave S, Lakeland, FL 33813, USA",http://mycurrymango.com/
Pakistani,Moghul Pakistani Halal Restaurant,"8554 International Dr, Orlando, FL 32819, USA",
Pakistani,"Nirala Sweets & Restaurant, Sunirse FL","8913 W Oakland Park Blvd, Sunrise, FL 33351, USA",https://niralasweetrestaurant.com/home
Panamanian,Salomas Panamanian Cuisine,"1810 Town Center Blvd Suite 13, Fleming Island, FL 32003, USA",
Paraguayan,Culina at the PARC Restaurant,"5300 US-98, Sebring, FL 33876, USA",https://theparc.com/Culina
Peruvian,PeruFresh Ceviche Bar & Market,"207 Circle Park Dr, Sebring, FL 33870, USA",http://perufresh.com/
Philippine,Philippine Cuisine,"3786 E Gulf to Lake Hwy, Inverness, FL 34453, USA",https://www.facebook.com/pages/Philippine-Cuisine/244715710201
Polish,La Pupusa Queen,"210 N Main Ave, Lake Placid, FL 33852, USA",
Puerto Rican,Los Munchies de la 27 LLC,"1732 US Hwy 27, Avon Park, FL 33825, USA",https://instagram.com/losmunchiesfoodtruck?igshid=MzRlODBiNWFlZA==
Romanian,Crossroads Mediterranean Cuisines and Sweets,"4131 Sun N Lake Blvd, Sebring, FL 33872, USA",
Saudi Arabian,Jimmy's Greek American Grill,"901 US Hwy 27 N Ste. 19, Sebring, FL 33870, USA",
Singaporean,Cang Tong Japanese Steakhouse,"110 Sebring Square.., Sebring, FL 33870, USA",http://cangtongsebring.com/
Singaporean,Hibachi Buffet,"2870 US Hwy 27 N, Sebring, FL 33870, USA",https://emaps.top/hibachi-buffet
Singaporean,China One,"3218 US Hwy 27 S, Sebring, FL 33870, USA",
Singaporean,Yums Chinese Food,"1048 US Hwy 27 S STE 1108, Avon Park, FL 33825, USA",
Singaporean,Hong Kong Chinese Restaurant,"490 US Hwy 27 Suite 1460, Lake Placid, FL 33852, USA",https://www.hongkongchineserestaurantfl.com/
Slovak,Cowpoke's Watering Hole,"6813 US Hwy 27 S, Sebring, FL 33876, USA",http://cowpokeswh.com/
Slovenian,Oscar's Family Restaurant,"267 US Hwy 27 N, Sebring, FL 33870, USA",https://www.oscarsfamilyrestaurant.online/
Somali,Cang Tong Japanese Steakhouse,"110 Sebring Square.., Sebring, FL 33870, USA",http://cangtongsebring.com/
Sri Lankan,Heartland Speakeasy,"100 Clubhouse Ln, Sebring, FL 33876, USA",http://hspksy.com/
Swiss,Island View Restaurant,"5223 Tee Time Cir, Sebring, FL 33872, USA",http://www.islandviewrestaurant.com/
Swiss,Schooni's Italian American,"209 N Main Ave, Lake Placid, FL 33852, USA",
Swiss,Village Inn,"3101 US Hwy 27 S, Sebring, FL 33870, USA",https://www.villageinn.com/sebring-fl
Swiss,Galati's Family Restaurant,"637 S Commerce Ave, Sebring, FL 33870, USA",https://www.facebook.com/Galatis-Family-Restaurant-339791536150353/
Swiss,Sophie’s Cafe,"120 Sebring Square.., Sebring, FL 33870, USA",http://sophiescafellc.com/
Swiss,The Gator Shack,"9561 4651 US-98, Sebring, FL 33876, USA",https://gatorshackfl.com/
Swiss,The Albatross of Sebring,"4800 Haw Branch Rd, Sebring, FL 33875, USA",http://www.thealbatrossofsebring.com/
Swiss,Chicanes Restaurant & Bar,"3101 Golfview Rd, Sebring, FL 33870, USA",
Swiss,Caddyshack Bar & Grill,"3122 Golfview Rd, Sebring, FL 33870, USA",
Swiss,BrewHaha's Burger Emporium,"301 Circle Park Dr, Sebring, FL 33870, USA",http://brewhahasburgeremporium.com/
Swiss,Denny's,"4390 US Hwy 27, Sebring, FL 33870, USA",https://locations.dennys.com/FL/SEBRING/247808?utm_source=yext&utm_medium=local-listing&utm_campaign=yext-listing&y_source=1_MjIyODc1MC03MTUtbG9jYXRpb24ud2Vic2l0ZQ%3D%3D
Swiss,Jimmy's Greek American Grill,"901 US Hwy 27 N Ste. 19, Sebring, FL 33870, USA",
Swiss,IHOP,"600 US Hwy 27 N, Sebring, FL 33870, USA",https://restaurants.ihop.com/en-us/fl/sebring/breakfast-600-us-hwy-27n-360128?utm_source=google&utm_medium=organic&utm_campaign=google_my_business&utm_term=360128&utm_content=website
Swiss,Chili's Grill & Bar,"821 US Hwy 27 N, Sebring, FL 33870, USA",https://www.chilis.com/locations/us/florida/sebring/sebring?utm_source=google&utm_medium=local&utm_campaign=Chilis
Swiss,Fairmount Cafe,"3750 US Hwy 27 N, Sebring, FL 33870, USA",http://www.fairmountcafe.com/
Swiss,Broken Egg Diner,"950 Sebring Square Plaza, Sebring, FL 33870, USA",
Swiss,Jaxson's,"443 Lake June Rd, Lake Placid, FL 33852, USA",
Swiss,Don Jose Mexican Restaurant,"4731 Lakeview Dr, Sebring, FL 33870, USA",http://www.donjosemexican.com/
Swiss,Dee's Place,"138 N Ridgewood Dr, Sebring, FL 33870, USA",
Swiss,The Diving Girl Diner,"21 W Main St, Avon Park, FL 33825, USA",
Syrian,Crossroads Mediterranean Cuisines and Sweets,"4131 Sun N Lake Blvd, Sebring, FL 33872, USA",
Syrian,Jimmy's Greek American Grill,"901 US Hwy 27 N Ste. 19, Sebring, FL 33870, USA",
Syrian,Highlands County,"Highlands County, FL, USA",
Syrian,Cody's Original Roadhouse - Sebring,"521 US Hwy 27, Sebring, FL 33870, USA",https://www.codysoriginalroadhouse.com/sebring
Syrian,Blue Lagoon Saloon,"4120 US Hwy 27 N, Sebring, FL 33870, USA",
Syrian,Wild Turkey Tavern,"2751 US Hwy 27, Avon Park, FL 33825, USA",http://www.wildturkeytavern.com/
Syrian,Thai House,"3750 US Hwy 27 N STE 4D, Sebring, FL 33870, USA",
Syrian,The Vault of Sebring,"200 Circle Park Dr, Sebring, FL 33870, USA",http://thevaultofsebring.com/
Syrian,Cang Tong Japanese Steakhouse,"110 Sebring Square.., Sebring, FL 33870, USA",http://cangtongsebring.com/
Syrian,The Krazy Greek,"6366 Cypress Gardens Blvd, Winter Haven, FL 33884, USA",https://www.thekrazygreek.com/#/
Syrian,Layali Miami Lebanese Restaurant & lounge,"11402 NW 41st St #115, Doral, FL 33178, USA",http://www.layalimiami.com/
Syrian,Red Lobster,"721 US Hwy 27 N, Sebring, FL 33870, USA",https://www.redlobster.com/seafood-restaurants/locations/fl/sebring/721-us-27
Taiwanese,Cang Tong Japanese Steakhouse,"110 Sebring Square.., Sebring, FL 33870, USA",http://cangtongsebring.com/
Thai,Thai House,"3750 US Hwy 27 N STE 4D, Sebring, FL 33870, USA",
Tunisian,Faded Bistro & Beer Garden,"420 N Ridgewood Dr, Sebring, FL 33870, USA",https://www.fadedbistro.com/
Ukrainian,Olympic Restaurant,"504 US Hwy 27, Avon Park, FL 33825, USA",
Ukrainian,Wild Turkey Tavern,"2751 US Hwy 27, Avon Park, FL 33825, USA",http://www.wildturkeytavern.com/
Ukrainian,La Pupusa Queen,"210 N Main Ave, Lake Placid, FL 33852, USA",
Ukrainian,Chicanes Restaurant & Bar,"3101 Golfview Rd, Sebring, FL 33870, USA",
Ukrainian,Cowpoke's Watering Hole,"6813 US Hwy 27 S, Sebring, FL 33876, USA",http://cowpokeswh.com/
Ukrainian,Oscar's Family Restaurant,"267 US Hwy 27 N, Sebring, FL 33870, USA",https://www.oscarsfamilyrestaurant.online/
Ukrainian,Pierogi Bar St Pete,"6661 Central Ave, St. Petersburg, FL 33710, USA",https://pierogi.bar/
Ukrainian,Morty and Edna’s Craft Kitchen,"231 N Main Ave #2, Lake Placid, FL 33852, USA",http://www.mortyandednas.com/
Ukrainian,The Gator Shack,"9561 4651 US-98, Sebring, FL 33876, USA",https://gatorshackfl.com/
Ukrainian,Taqueria Y Tienda Jalisco,"928 S Main Ave, Lake Placid, FL 33852, USA",
Ukrainian,Ukrainian Traditional Food,"343 N Ronald Reagan Blvd, Longwood, FL 32750, USA",
Ukrainian,Cang Tong Japanese Steakhouse,"110 Sebring Square.., Sebring, FL 33870, USA",http://cangtongsebring.com/
Ukrainian,Faded Bistro & Beer Garden,"420 N Ridgewood Dr, Sebring, FL 33870, USA",https://www.fadedbistro.com/
Uruguayan,Santa Bárbara Cuban Coffee,"1048 US Hwy 27 S unit 1178, Avon Park, FL 33825, USA",https://64a1e97baf872.site123.me/
Venezuelan,The Arepa,"3110 US Hwy 27 N, Sebring, FL 33870, USA",https://www.facebook.com/The-Arepa-491786531287277
Vietnamese,THN Sebring,"199 US Hwy 27 S, Sebring, FL 33870, USA",
Yemeni,Hibachi Buffet,"2870 US Hwy 27 N, Sebring, FL 33870, USA",https://emaps.top/hibachi-buffet
Zambian,Culina at the PARC Restaurant,"5300 US-98, Sebring, FL 33876, USA",https://theparc.com/Culina
Zimbabwean,Flavors Nigerian Restaurant,"3530 S Orange Ave, Orlando, FL 32806, USA",
