Cuisine Type,Name,Address,Website
Mexican,Palenque Mexican Restaurant,"21951 E Country Vista Dr, Liberty Lake, WA 99019, USA",https://www.eatpalenque.com/order
Mexican,Mexico Lindo,"1235 N Liberty Lake Rd, Liberty Lake, WA 99019, USA",http://www.mexicolindolibertylake.com/
Mexican,Los Ponchos Mexican Grill Liberty Tx,"2315 US-90, Liberty, TX 77575, USA",https://losponchosmexicangrillmossblufflala.com/
Mexican,El Burrito Mexican Restaurant,"2400 N Main St, Liberty, TX 77575, USA",http://www.pequitoburrito.com/
Mexican,Los Compadres,"10962 N Hwy 146, Liberty, TX 77575, USA",http://www.loscompadreshardin.com/contact
Mexican,Pueblos Tex-Mex Kitchen,"906 Main St, Liberty, TX 77575, USA",
Mexican,La Costa Mexicana,"5 E Kansas St, Liberty, MO 64068, USA",http://www.lacostamexicana.com/?fbclid=IwAR316g6kWo-8SV7swNSijcpfV69SgsI3CZ4C7ki-lRP_rxwWDJ_HmLskEvQ
Mexican,El Potro Mexican,"116 Stewart Ct, Liberty, MO 64068, USA",http://elpotrokc.com/
Mexican,Tacos y Tortas Garcia,"123 Milam St, Liberty, TX 77575, USA",
Mexican,Rancho Grande Cantina,"921 Liberty Dr B, Liberty, MO 64068, USA",http://ranchograndecantina.com/
Mexican,Mi Hacienda Mexican Restaurant,"290 S, 1911, Rte 291, Liberty, MO 64068, USA",http://www.mihaciendaliberty.com/
Mexican,El Mexicano,"261 Wallace Wilkinson Blvd, Liberty, KY 42539, USA",
Mexican,1 de Mayo,"1717 US-90, Liberty, TX 77575, USA",
Mexican,Rey Azteca Mexican Restaurant Grill,"535 Middleburg St, Liberty, KY 42539, USA",
Mexican,Fiesta Mexican Restaurant,"720 Pacha Pkwy #2, North Liberty, IA 52317, USA",https://www.facebook.com/northlibertyfiesta
Mexican,Tacos Jalisco,"800 US-90, Liberty, TX 77575, USA",
Mexican,EL Reparo Mexican Restaurant,"9 N Main St, Liberty, IN 47353, USA",https://www.elreparorestaurant.com/
Mexican,Mi Acapulco,"28 KY-191, West Liberty, KY 41472, USA",
Mexican,Fiesta Grill,"429 E Main St R, Liberty, SC 29657, USA",https://bit.ly/fiestagrillmenu
Mexican,EL FOGON DE LAS COMADRITAS,"13614US, US-90, Liberty, TX 77575, USA",
Swedish,Svensken A taste of Scandinavia,"22320 NE Halsey St, Fairview, OR 97024, USA",https://www.svensken.net/
Italian,Osteria Povera,"2331 Clarke St, Port Moody, BC V3H 1Y9, Canada",https://www.povera.ca/
Italian,Bella Sera Liberty Hill,"13750 TX-29 ste 104, Liberty Hill, TX 78642, USA",https://www.bellaseralibertyhill.com/
Italian,Brio Italian Grille,"7600 Gibson St, Liberty Township, OH 45069, USA",https://www.brioitalian.com/locations/liberty-center/?y_source=1_MTU5OTgwNTUtNzE1LWxvY2F0aW9uLndlYnNpdGU%3D
Italian,Luigi's,"8 E Franklin St, Liberty, MO 64068, USA",https://www.luigisliberty.com/
Italian,Tuscany Italian restaurant,"101 S Prairie St # B, Dayton, TX 77535, USA",https://www.tuscanyitalianrestaurantdayton.com/
Italian,Olive Garden Italian Restaurant,"105 Blue Jay Dr, Liberty, MO 64068, USA",https://www.olivegarden.com/locations/mo/liberty/liberty/1753?cmpid=br:og_ag:ie_ch:loc_ca:OGGMB_sn:gmb_gt:liberty-mo-1753_pl:locurl_rd:1601
Spanish,El Burrito Mexican Restaurant,"2400 N Main St, Liberty, TX 77575, USA",http://www.pequitoburrito.com/
American,Barbara's Burgers,"105 W Cormier St, Liberty, TX 77575, USA",
American,Simply Country,"17174 N Hwy 146, Liberty, TX 77575, USA",https://simplycountrycafe.com/
American,My Little Kitchen Restaurant,"2527 US-90, Liberty, TX 77575, USA",
American,Eat My Ashes BBQ,"1818 Doctor M.L.K. Jr Dr, Liberty, TX 77575, USA",http://eatmyashesbbq.com/
American,Tiger Harry's Riverside Fish Camp,"439 US-90, Liberty, TX 77575, USA",https://www.facebook.com/tigerharrysliberty/
American,Chili's Grill & Bar,"2125 N Hwy 146, Liberty, TX 77575, USA",https://www.chilis.com/locations/us/texas/liberty/dayton-liberty?utm_source=google&utm_medium=local&utm_campaign=Chilis
American,Cookie's Soul Food Kitchen,"113 Berotte Dr, Liberty, TX 77575, USA",https://www.facebook.com/pages/category/Soul-Food-Restaurant/Cookies-Soulfood-Kitchen-1134255229935367/
American,Baytown Seafood Restaurant,"925 Main St, Liberty, TX 77575, USA",
American,Pueblos Tex-Mex Kitchen,"906 Main St, Liberty, TX 77575, USA",
American,Jax Hamburgers,"428 Main St, Liberty, TX 77575, USA",
American,Texas Seafood and Steak,"2555 N Main St, Liberty, TX 77575, USA",
American,Whataburger,"1921 US-90, Liberty, TX 77575, USA",https://locations.whataburger.com/tx/liberty/1921-hwy-90.html/?utm_source=yextpages&utm_medium=locallistings&utm_campaign=yextpages
American,Liberty Bell Restaurant,"215 S Main St, Liberty, IN 47353, USA",https://www.facebook.com/Liberty-Bell-Restaurant-101347924609785/
American,Jack in the Box,"2320 N Main St, Liberty, TX 77575, USA",https://locations.jackinthebox.com/us/tx/liberty/2320-n-main-st?utm_source=google&utm_medium=local&utm_campaign=google-local
American,Liberty Cafe,"1012 Main St, Liberty, TX 77575, USA",
American,Liberty Diner,"30 Sullivan Ave, Liberty, NY 12754, USA",https://thelibertydiner.com/
American,Los Compadres,"10962 N Hwy 146, Liberty, TX 77575, USA",http://www.loscompadreshardin.com/contact
American,McDonald's,"1923 US-90, Liberty, TX 77575, USA",https://www.mcdonalds.com/us/en-us/location/TX/LIBERTY/1923-HWY-90/7364.html?cid=RF:YXT:GMB::Clicks
American,Tacos Jalisco,"800 US-90, Liberty, TX 77575, USA",
American,Dobbin House Tavern,"89 Steinwehr Ave, Gettysburg, PA 17325, USA",http://www.dobbinhouse.com/
Scottish,The Scottish Arms,"8 S Sarah St, St. Louis, MO 63108, USA",https://www.thescottisharms.com/
British,The Brass Kraken Pub,"18779 Front St NE #7407, Poulsbo, WA 98370, USA",https://www.brasskrakenpub.com/
Thai,Little Bangkok Thai Kitchen,"2335 St Johns St, Port Moody, BC V3H 2A8, Canada",http://littlebangkokthaikitchen.com/
Thai,Patsara Thai,"528 Carnarvon St, New Westminster, BC V3L 1C4, Canada",https://www.patsara.ca/
Thai,Krungthep Thai Cuisine,"13260 1st Ave S Suite A, Seattle, WA 98168, USA",https://krungthepthai.com/
Thai,Aroydy Thai Cuisine,"225 NW Lindvig Way, Poulsbo, WA 98370, USA",http://aroydythai.squarespace.com/
Thai,Krungthep Thai and Pho,"17851 1st Ave S, Normandy Park, WA 98148, USA",https://krungthepthaiandpho.com/
Thai,Tasty Thai,"1912 Star Dr, Liberty, MO 64068, USA",http://www.kctastythai.com/
Thai,Ban SomTum,"35109 Pacific Hwy S, Federal Way, WA 98003, USA",http://www.bansomtum.com/
Thai,Sweet Basil Thai Restaurant,"19 John St, Liberty, NY 12754, USA",http://sweetbasilliberty.com/
Japanese,Fujiyama,"21801 E Country Vista Dr, Liberty Lake, WA 99019, USA",
Chinese,Chinese Wok,"1702 N Main St, Liberty, TX 77575, USA",https://chinesewokliberty.com/
Chinese,China Buffet,"1508 US-90, Liberty, TX 77575, USA",http://www.eatchinabuffet.com/
Chinese,Shang Hai Chinese Restaurant,"123 E Third St, West Liberty, IA 52776, USA",
Chinese,Happy Wok Asian Diner,"14125 W State Hwy 29 B206, Liberty Hill, TX 78642, USA",http://www.happywoklibertyhill.com/
Chinese,Golden Crown Restaurant,"365 Liberty St NE, Salem, OR 97301, USA",http://gcrownrestaurant.com/
Chinese,China House,"4891 Princeton Rd, Liberty Township, OH 45011, USA",https://chinahouselt.com/
Chinese,P.F. Chang's,"801 W Main Ave, Spokane, WA 99201, USA",https://www.pfchangs.com/locations/us/wa/spokane/801-w-main/9818-spokane.html?utm_source=google_gbp&utm_medium=organic
Chinese,PENGUIN'S KITCHEN,"336 N State Rte 291, Liberty, MO 64068, USA",http://penguinskitchenliberty.com/
Chinese,Chinese Garden Zheng,"33 N Main St, Liberty, NY 12754, USA",
Chinese,China Great Wall,"187 Mill St, Liberty, NY 12754, USA",
Chinese,Golden Dragon,"24 S Main St, Liberty, NY 12754, USA",https://goldendragonrest.square.site/
Chinese,Hunan Garden,"1170 W Kansas St D, Liberty, MO 64068, USA",https://www.hunangardenliberty.com/
Chinese,Liberty Chinatown kitchen,"1943 NY-52, Liberty, NY 12754, USA",
Chinese,Asia Gourmet Chinese Food,"2369 GA-196, Hinesville, GA 31313, USA",https://asiagourmetchinese.com/
Chinese,Peking North Chinese Restaurant,"4120 N Division St, Spokane, WA 99207, USA",https://www.pekingnorthspokane.com/
Chinese,Girard Wok,"44 W Liberty St SE, Girard, OH 44420, USA",
Chinese,China House Chinese Restaurant,"252 Liberty Plaza, Liberty, NC 27298, USA",http://eatchinahouse.com/
Chinese,China House,"1438 Liberty Rd #7, Sykesville, MD 21784, USA",https://m.facebook.com/chinahouseMD/
Chinese,Hard Wok Cafe,"429 E Main St A, Liberty, SC 29657, USA",
Indian,Tahn Door Indian Eatery,"228 Schoolhouse St #1, Coquitlam, BC V3K 6V7, Canada",https://www.tahndoor.com/
Russian,Restaurant Irina,"1147 Austin Ave, Coquitlam, BC V3K 3P4, Canada",
Jewish,Kosher Experience,"1300 Rocky Run Pkwy, Wilmington, DE 19803, USA",
Polish,Polish Countryside Kitchen,"Behind Polish Art Center, S Kasson St, Cedar, MI 49621, USA",http://polishheritagefarm.com/
German,The Old Bavaria Haus Restaurant,"233 6th St, New Westminster, BC V3L 3A5, Canada",http://www.oldbavariahaus.com/
German,Deutsches Haus (Vancouver Alpen Club),"4875 Victoria Dr, Vancouver, BC V5N 4P3, Canada",https://www.vacbc.ca/
French,French Table,"3916 Main St, Vancouver, BC V5V 3P2, Canada",http://thefrenchtable.ca/
Hawaiian,Hawaiian Bros Island Grill,"1191 Landmark Ave, Liberty, MO 64068, USA",https://hawaiianbros.com/locations/
Hawaiian,Mo' Bettahs Hawaiian Style Food,"1316 W Kansas St, Liberty, MO 64068, USA",https://locations.mobettahs.com/mo/liberty/liberty/
Brazilian,Rio Brazilian Steak House Coquitlam,"2729 Barnet Hwy, Coquitlam, BC V3E 1K9, Canada",https://riobraziliansteakhouse.ca/
Peruvian,Silvestre Deli & Bistro,"317 Water St, Vancouver, BC V6B 1B8, Canada",http://www.silvestregustolatino.com/
Salvadorian,La Salvadoreña Restaurant,"122 N H St, Aberdeen, WA 98520, USA",https://mkt.com/la-salvadorena
Cuban,Bistro Cubano,"709 Main St, Oregon City, OR 97045, USA",https://bistrocubanopdx.com/
Tibetan,Tibetan Kitchen Cafe,"680 Broughton St, Victoria, BC V8W 2C1, Canada",https://tibetankitchencafe.com/
Egyptian,Koshari Zooba,"2519 St Johns St, Port Moody, BC V3H 2B3, Canada",https://order.online/business/koshari-zooba-11732068
Greek,My Greek Taverna,"946 Brunette Ave, Coquitlam, BC V3K 1C9, Canada",http://mygreektaverna.com/
Greek,Pyrgos Taverna,"22570 Lougheed Hwy., Maple Ridge, BC V2X 2V1, Canada",http://pyrgostaverna.ca/
Greek,Taverna Greka,"326 Columbia St, New Westminster, BC V3L 1A6, Canada",http://www.taverna.ca/
Greek,Ramie's Greek Restaurant,"4287 Kingsway, Burnaby, BC V5H 1Z5, Canada",http://www.ramiesgreekrestaurant.com/
Greek,Pallas Athena Greek Kousina,"1250 Dominion Ave, Port Coquitlam, BC V3B 8G7, Canada",http://www.pallasathena.org/
Greek,Vassilis Souvlaki Greek Taverna,"6558 Kingsway, Burnaby, BC V5E 1C5, Canada",http://vassilissouvlakigreektaverna.ca/
Greek,Milos Greek Taverna,"234 Esplanade, Harrison Hot Springs, BC V0M 1K0, Canada",http://www.milosgreektaverna.ca/
Greek,Harbor Greek Cafe,"2556 Laning Rd, San Diego, CA 92106, USA",http://www.harborgreekcafe.com/
Greek,The Greek Kitchen,"608 NW Richmond Beach Rd, Shoreline, WA 98177, USA",
Greek,Mad Greek,"212 S Main St, Moscow, ID 83843, USA",http://www.madgreek.net/
Greek,Gyro Station,"512 Ramsay Way #106, Kent, WA 98032, USA",https://www.kentgyrostation.com/
Greek,Greek Isles Restaurant,"7037 Yankee Rd, Liberty Township, OH 45044, USA",
Greek,Mikey's Greek Gyros,"527 S Main St, Moscow, ID 83843, USA",http://www.mikeysgyros.com/
Greek,Greek Village,"8059 Liberty Rd, Windsor Mill, MD 21244, USA",
Greek,Georgia's Greek Cuisine,"3550 Rosecrans St A, San Diego, CA 92110, USA",http://georgiasgreekcuisine.com/
Greek,Yiasou Cafe,"1980 NY-52, Liberty, NY 12754, USA",http://www.yiasoucafe.com/
Greek,Minoas Greek Taverna,"3823 Kingsway, Burnaby, BC V5H 1Y5, Canada",https://minoastaverna.com/
Belgian,Taste of Belgium - Liberty,"7622 Blake St Liberty, Township, OH 45069, USA",https://authenticwaffle.com/
Irish,Donegal's Irish House / Donegal's Pub,"12054 96 Ave, Surrey, BC V3V 1W3, Canada",https://donegals.pub/
Irish,Dublin Crossing Irish Pub,"18789 Fraser Hwy #101, Surrey, BC V3S 7Y3, Canada",http://www.dublincrossing.com/
Irish,The Irish Heather Shebeen,"248 E Georgia St, Vancouver, BC V6A 1Z7, Canada",https://www.irishheather.com/
Welsh,The Welsh House,"5 Croft Rd, Neath SA11 1RW, UK",https://www.thewelsh-house.co.uk/
Cajun,Creole Soul,"We are located in the Alley, 22341 Marine View Dr S Suite D, Des Moines, WA 98198, USA",http://www.datcreolesoul.com/
Cajun,"Cajun Country Seafood & Poboys Liberty, MS","1725 Main St, Liberty, MS 39645, USA",
Cajun,Crazy Pho Cajun,"32034 23rd Ave S, Federal Way, WA 98003, USA",http://facebook.com/CrazyPhoCajun
Cajun,Tiger Harry's Riverside Fish Camp,"439 US-90, Liberty, TX 77575, USA",https://www.facebook.com/tigerharrysliberty/
Cajun,Crawfish House,"9826 16th Ave SW, Seattle, WA 98106, USA",http://www.crawfishhouse206.com/
Cajun,Jazz A Louisiana Kitchen,"1823 W 39th St, Kansas City, MO 64111, USA",http://www.jazzkitchen.com/
Cajun,Popeyes Louisiana Kitchen,"1710 US-90, Liberty, TX 77575, USA",https://www.popeyes.com/store-locator/store/restaurant_82278?utm_source=yext&utm_medium=referral&utm_campaign=organic-local-listings
Portuguese,LaSalette,"6757, 452 1st St E suite h, Sonoma, CA 95476, USA",http://lasaletterestaurant.com/
Turkish,Saray Turkish Cuisine,"6633 Hastings St, Burnaby, BC V5B 1S1, Canada",https://sarayturkish.com/
Turkish,Turkish Donair,"4066 Hastings St, Burnaby, BC V5C 2J3, Canada",https://order.online/store/TurkishDonair-1519392/en-US/?hideModal=true&pickup=true
Turkish,Anatolia's Gate Restaurant,"7084 Kingsway, Burnaby, BC V5E 1E7, Canada",http://www.anatoliasgaterestaurant.com/
Haitian,Juju's Caribbean Kitchen,"4611 36th Ave SW, Seattle, WA 98126, USA",
Tahitian,Mo' Bettahs Hawaiian Style Food,"1316 W Kansas St, Liberty, MO 64068, USA",https://locations.mobettahs.com/mo/liberty/liberty/
Korean,Koreana Korean Restaurant,"1001 Austin Ave #101, Coquitlam, BC V3K 3N9, Canada",http://www.koreanaeats.com/
Korean,Hongdae Korean Restaurant,"403 North Rd #101, Coquitlam, BC V3K 3V9, Canada",http://hongdaebuljok.ca/
Korean,Shilla Korean Restaurant,"1031 Kingsway, Vancouver, BC V5V 3C7, Canada",http://shillakorean.ca/
Korean,Palace Korean bar & grill,"31525 Pete von Reichbauer Way S, Federal Way, WA 98003, USA",https://palacebbq.com/
Korean,Jung's Kitchen,"15021 Aurora Ave N, Shoreline, WA 98133, USA",
Korean,Do Si Korean BBQ,"12912 SE Kent-Kangley Rd, Kent, WA 98030, USA",https://www.dosikbbq.com/
Korean,Hae-Nam Kalbi & Calamari,"15001 Aurora Ave N, Shoreline, WA 98133, USA",https://cdn.flowcode.com/prodassets/qrmenu.docx?ts=1706827344&fce_id=522f2a8a-e21c-476a-8f5d-c81dd26aca7a
Korean,New Gangnam BBQ,"19226 Hwy 99, Lynnwood, WA 98036, USA",http://newgangnam.com/
Korean,Korealistic,"7735 Cox Ln, West Chester Township, OH 45069, USA",http://www.gokorealistic.com/
Nigerian,Alebi African Cuisine,"10694 135a St, Surrey, BC V3T 4E2, Canada",http://alebiafricanrestaurant.com/
Nigerian,Taste of Africa,"10663 King George Blvd, Surrey, BC V3T 2X6, Canada",
Nigerian,Simba's Grill,"3300 Boundary Rd, Burnaby, BC V5M 4A4, Canada",http://www.simbasgrill.com/
Moroccan,Moltaqa Moroccan Restaurant Mainland Street Yaletown,"1002 Mainland St, Vancouver, BC V6B 6J8, Canada",https://www.moltaqarestaurant.ca/
Lebanese,Mazahr Lebanese Kitchen,"1488 W 11th Ave, Vancouver, BC V6H 1L1, Canada",http://www.mazahr.ca/
Vietnamese,I Am Pho Coquitlam,"100 Schoolhouse St Unit # 110, Coquitlam, BC V3K 6V9, Canada",https://iampho.ca/
Vietnamese,Pho Net Viet,"942 Westwood St, Coquitlam, BC V3C 3L3, Canada",
Vietnamese,Phở Phú Thịnh,"1175 Johnson St #360, Coquitlam, BC V3B 7K1, Canada",
Vietnamese,Phở Hồng Vietnamese Restaurant,"5975 Kingsway, Burnaby, BC V5J 1H1, Canada",https://drive.google.com/file/d/115uJr6nepSR1ReTJkaxy_DnbqvIZFOPZ/view?usp=drivesdk
Vietnamese,Pho Liberty,"23505 E Appleway Ave #100, Liberty Lake, WA 99019, USA",
Vietnamese,Pho Century Fine Vietnamese Cuisine,"6701 Kingsway, Burnaby, BC V5E 1E4, Canada",https://phocentury.ca/
Vietnamese,Kim Son Vietnamese Food,"555 W 12th Ave #030, Vancouver, BC V5Z 3X7, Canada",
Vietnamese,Nha Trang Vietnamese Beef Noodle Soup 芽莊越南美食 & Nha Trang Deli LTD.,"720 E Broadway, Vancouver, BC V5T 1X9, Canada",
Vietnamese,Ivy's Kitchen Vietnamese Restaurant,"4598 Main St, Vancouver, BC V5V 3R5, Canada",
Hungarian,Budapest Bistro,"12926 Mukilteo Speedway, Lynnwood, WA 98037, USA",
Mediterranean,Olive Tree Mediterranean Restaurant,"12930 SE Kent-Kangley Rd, Kent, WA 98030, USA",https://www.olivetreemenu.com/
Mediterranean,Marlaina's Mediterranean Kitchen,"643 SW 152nd St, Burien, WA 98166, USA",http://marlainasrestaurant.com/
Mediterranean,Mediterranean Grill,"15910 SE Happy Valley Town Center Dr, Happy Valley, OR 97086, USA",http://www.mediterraneangrillrestaurant.com/
Mediterranean,Sultan's Mediterranean Cuisine,"7305 Tylers Corner Pl, West Chester Township, OH 45069, USA",https://www.sultanscincinnati.com/
Ethiopian,Axum Restaurant,"1279 E Hastings St, Vancouver, BC V6A 1S4, Canada",http://www.axumrestaurant.ca/
Ethiopian,Harambe Ethiopian Restaurant,"2149 Commercial Dr, Vancouver, BC V5N 4B3, Canada",
Ethiopian,Fassil Restaurant,"736 E Broadway, Vancouver, BC V5T 1X9, Canada",http://www.fassil.ca/
Ethiopian,Gojo Café Ethiopia I Ethiopian Cuisine,"2838 Commercial Dr, Vancouver, BC V5N 4C6, Canada",http://www.gojocafe.com/
Ethiopian,Ahadu Ethiopian Restaurant,"1508 NE 117th St, Seattle, WA 98125, USA",http://www.ahadu-ethiopian-restaurant.net/
Ethiopian,Dukem Restaurant and Market,"215 SW 152nd St, Burien, WA 98166, USA",
Ethiopian,Jebena Cafe,"1510 NE 117th St, Seattle, WA 98125, USA",https://www.jebenacafe.com/
Ethiopian,Kokob Market & Restaurant,"205 SW 152nd St, Burien, WA 98166, USA",
Ethiopian,Adulis Eritrean and Ethiopian Restaurant,"10515 Greenwood Ave N, Seattle, WA 98133, USA",http://adulisrestaurant.com/
Ethiopian,Enat Ethiopian Restaurant,"11546-11552, 11546 15th Ave NE, Seattle, WA 98125, USA",https://m.facebook.com/EnatEthiopianRestaurant/
Ethiopian,Star Coffee Restaurant,"16005 International Blvd, SeaTac, WA 98188, USA",
Ethiopian,Union N Eritrean and Ethiopian bar and Restaurant,"8824 Renton Ave S, Seattle, WA 98118, USA",http://unionnbarandrestaurant.com/
Ethiopian,Abay Ethiopian Restaurant & Bar,"14855 Tukwila International Blvd, Tukwila, WA 98168, USA",
Ethiopian,Diamond Ethiopian restaurant,"12322-A Lake City Way NE, Seattle, WA 98125, USA",
Caribbean,Tashes Ankh Caribbean restaurant,"8625 Liberty Rd, Randallstown, MD 21133, USA",https://www.mytashesankh.com/
Soul,Cookie's Soul Food Kitchen,"113 Berotte Dr, Liberty, TX 77575, USA",https://www.facebook.com/pages/category/Soul-Food-Restaurant/Cookies-Soulfood-Kitchen-1134255229935367/
Argentinian,El Gaucho,"2200 Western Ave Ste. 101, Seattle, WA 98121, USA",https://elgaucho.com/elgauchoseattle/
Chilean,Al Chile,"1340 Davie St, Vancouver, BC V6E 1N6, Canada",https://instagram.com/alchilevan?igshid=MzRlODBiNWFlZA==
Colombian,Colombian House Bakery & Restaurant,"811 S Mason Rd suite 158, Katy, TX 77450, USA",https://colombianhousehouston.com/
Costa Rican,Costa Rica Restaurant,"6421, 6421, 2500 W Lincoln Ave, Anaheim, CA 92801, USA",
Czech,Vladimir's Czech Restaurant,"12785 Sir Francis Drake Blvd, Inverness, CA 94937, USA",
Danish,Taste of Denmark,"142 University Ave, San Diego, CA 92103, USA",http://www.truetasteofdenmark.com/
Dutch,Dutch Country Restaurant,"946 Baltimore St, Hanover, PA 17331, USA",http://dutchcountryrestaurantpa.com/
Ecuadorian,La Herencia Ecuatoriana Restaurant,"134-05 Liberty Ave, Queens, NY 11419, USA",http://www.laherenciaecuatorianarestaurant.com/
Guatemalan,Restaurante Hermelinda Comida Guatemalteca,"2279 Mission St, San Francisco, CA 94110, USA",
Honduran,Delights of Honduras Restaurant,"265 7th St, Kansas City, KS 66101, USA",
Icelandic,Icelandic Street Food,"Lækjargata 8, 101 Reykjavík, Iceland",http://www.icelandicfoods.com/
Indonesian,Peranakan Kitchen (P'Kay),"1122 5th Ave, New Westminster, BC V3M 1Y6, Canada",https://perkit.ca/
Indonesian,Bali Thai,"88 W Pender St, Vancouver, BC V6B 1R3, Canada",https://www.balithaivancouver.com/
Indonesian,Indo Cafe,"13754 Aurora Ave N Suite D, Seattle, WA 98133, USA",http://www.myindocafe.com/
Iranian,Pasargad Restaurant,"2565 Barnet Hwy #22, Coquitlam, BC V3H 4E2, Canada",http://pasargadrestaurant.ca/
Iranian,Cazba Persian Grill Express,"9855 Austin Ave #106, Burnaby, BC V3J 1N4, Canada",https://cazbarestaurant.com/
Iranian,Papa's Shish Kabab,"552 Clarke Rd #103, Coquitlam, BC V3J 3X5, Canada",https://shishkabab.ca/
Iranian,Suren Persian cuisine,"4624 Hastings St, Burnaby, BC V5C 2K5, Canada",https://linktr.ee/surenrestaurant
Iranian,"HFC Grill - Kabob, Halal Persian Cuisine Coquitlam","1064 Austin Ave, Coquitlam, BC V3K 3P3, Canada",https://hfcgrill.com/
Iranian,SadraRestaurantرستوران صدراونكوور,"SADRA Persian Restaurant, 1615 Lonsdale Ave, North Vancouver, BC V7M 2J5, Canada",http://sadrarestaurant.ca/
Iranian,Sahel Market & Restaurant,"3207 W Broadway, Vancouver, BC V6K 2H5, Canada",https://sahelpersianrestaurant.com/
Iranian,The Kebob House Restaurant,"2865 Shaughnessy St, Port Coquitlam, BC V3C 3H1, Canada",http://www.thekebobhouse.com/
Iranian,Cazba Restaurant,"132 16th St W, North Vancouver, BC V7M 1T4, Canada",http://cazbarestaurant.com/
Iranian,Cazba persian grill,"4567 Lougheed Hwy., Burnaby, BC V5C 3Z6, Canada",
Iranian,Mehman Restaurant,"1451 Lonsdale Ave, North Vancouver, BC V7M 2H9, Canada",http://www.mehmanrestaurant.ca/
Iranian,Khaghan Restaurant North Shore,"935 Marine Dr Unit 66, North Vancouver, BC V7P 1S3, Canada",https://linktr.ee/khaghan
Iranian,Farsi Food,"1480 Pemberton Ave, North Vancouver, BC V7P 2S1, Canada",http://www.farsifood.ca/
Iranian,Khaghan Restaurant,"851 Denman St, Vancouver, BC V6G 2L9, Canada",
Iranian,Avishan,"20433 Douglas Cres, Langley, BC V3A 4B6, Canada",https://avishanrestaurant.com/
Iranian,Zeitoon Restaurant,"1795 Pendrell St, Vancouver, BC V6G 1T2, Canada",https://zeitoon.cloudwaitress.com/
Iranian,Grab and Go Persian Restaurant,"1805 Lonsdale Ave, North Vancouver, BC V7M 2J8, Canada",https://grabandgopersian.ca/
Iranian,Shamshiri Caveman International & Persian Restaurant,"139 Keefer St, Vancouver, BC V6A 1X3, Canada",http://shamshirivan.ca/
Iranian,Gillaneh GrillHouse - Downtown,"1072 Denman St, Vancouver, BC V6G 2M8, Canada",https://gilane.ca/
Iranian,Celeshmet Restaurant | Authentic Persian Halal Restaurant,"6956 Victoria Dr, Vancouver, BC V5P 3Y8, Canada",http://celeshmet.com/?utm_source=gmb&utm_medium=referral
Israeli,Jerusalem Cafe (Liberty),"9263 NE 83rd Terrace, Kansas City, MO 64158, USA",http://www.jerusalemkc.com/
Jamaican,Taste of the Caribbean,"1212 E Jefferson St, Seattle, WA 98122, USA",http://www.tasteofthecaribbeanseattle.com/
Jordanian,Jordanian Mediterranean food,"4301 Duval St, Austin, TX 78751, USA",https://order.getrevi.com/jordanian-mediterranean-food-1231
Kuwaiti,Together & Co. Restaurant,"Ground Floor, Mutlaq Abbas Munawir St, Kuwait",
Laotian,Flavor Thai & Lao Bowl,"208 SW 43rd St, Renton, WA 98057, USA",https://flavorlaobowl.square.site/
Lithuanian,Etno Dvaras,"Pilies g. 16, 01124 Vilnius, Lithuania",http://www.etnodvaras.lt/
Malaysian,Penang Bistro Fine Malaysian Cuisine(10% OFF for Orders from Our Website!),"3932 Fraser St, Vancouver, BC V5V 4E4, Canada",https://penangbistro.zomi.menu/
Malaysian,Kopitiam Malaysia,"3885 Rupert St, Vancouver, BC V5R 2G7, Canada",https://kopitiammalaysia.ca/
Malaysian,Green & Oak Malaysian Restaurant,"3760 Hastings St, Burnaby, BC V5C 2H5, Canada",https://www.greenandoak.com/
Malaysian,Kurumba Restaurant,"3003 St Johns St #107, Port Moody, BC V3H 2C4, Canada",http://www.kurumbarestaurant.com/
Malaysian,John 3:16 Malaysian Express,"4151 Hazelbridge Wy #3210, Richmond, BC V6X 0A4, Canada",https://john316mydelights.com/
Malaysian,Malaysian Hut,"14727 108 Ave, Surrey, BC V3R 1V9, Canada",http://www.malaysianhutrestaurant.com/
Malaysian,Nyonya House - Malaysian Restaurant - Please try to Order from Website,"3866 Bayview St #110, Richmond, BC V7E 3B6, Canada",http://nyonya.richmondpos.com/
Malaysian,John 3:16 Malaysian Delights,"6832 &, 6838 No. 3 Rd, Richmond, BC V6Y 2C4, Canada",https://john316mydelights.com/
Malaysian,Tropika,"2975 Cambie St, Vancouver, BC V5Z 2V7, Canada",http://www.tropikavancouver.ca/
Malaysian,Ipoh Malay Cuisine,"1316 W 73rd Ave, Vancouver, BC V6P 4M9, Canada",https://www.ipohmalaycuisine.ca/
Malaysian,Mamalee - Broadway,"3144 W Broadway, Vancouver, BC V6K 2H3, Canada",http://www.mamalee.ca/
Malaysian,IPOH Malaysian Cuisine,"2127-4500 Kingsway, Burnaby, BC V5H 2A9, Canada",https://www.facebook.com/ipohmalaysiancuisine/
Malaysian,John 3:16 Malaysian Delights,"1063 W Broadway, Vancouver, BC V6H 1E2, Canada",https://john316mydelights.com/
Malaysian,Banana Leaf Malaysian Cafe,"1779 Robson St, Vancouver, BC V6G 1C9, Canada",https://www.bananaleaf-vancouver.com/robson
Malaysian,Malaysia St (10% OFF for Orders from our website!),"3471 No. 3 Rd, Richmond, BC V6X 2B8, Canada",https://malaysiastrmd.zomi.menu/
Malaysian,Hawkers Delight Deli,"4127 Main St, Vancouver, BC V5V 3P6, Canada",https://order.online/business/hawkers-delight-deli-21039
Malaysian,Laksa King,"2546 E Hastings St, Vancouver, BC V5K 1Z3, Canada",https://laksaking.ca/
Malaysian,Malay Satay Hut,"5540, 15230 NE 24th St, Redmond, WA 98052, USA",https://www.malaysatay.com/
Malaysian,Kedai Makan,"1449 E Pine St, Seattle, WA 98122, USA",http://www.kedaimakansea.com/
Malaysian,Singapore Hawker,"1169 Pacific St #120, Coquitlam, BC V3B 0J1, Canada",http://www.singaporehawker.ca/
Mongolian,Mongo Bongo Mongolian Grill,"512 6th Ave. B, New Westminster, BC V3L 1V3, Canada",http://mongobongo.ca/
Mongolian,The Great Mongolian BBQ,"British Columbia, Lougheed Hwy. #460 Maple Ridge, BC V2X 2V5, Canada",http://www.thegreatmongolianbbq.com/
Mongolian,Sun Mongolian BBQ,"2564 Shaughnessy St, Port Coquitlam, BC V3C 3G4, Canada",https://sunmongolian-bbq.com/?utm_source=google&utm_medium=maps&utm_campaign=website
Nepalese,Spice of Nepal Restaurant,"13486 72 Ave, Surrey, BC V3W 2N8, Canada",https://spiceofnepal.ca/
Nicaraguan,Sabor Nicaragüense Restaurant,"1927 S Western Ave, Los Angeles, CA 90018, USA",http://sabornicaraguenserestaurant.com/
Norwegian,Ingrid's Scandinavian Food,"209 7th St, Oregon City, OR 97045, USA",http://ingridsscandinavianfood.com/
Pakistani,Taste of Lahore restaurant,"9526 120 St, Surrey, BC V3V 4C1, Canada",http://tasteoflahore.ca/
Pakistani,Zaiqa Restaurant,"9450 120 St, Surrey, BC V3V 4B9, Canada",http://zaiqarestaurant.ca/
Pakistani,Lahori Restaurant,"12877 80 Ave #109, Surrey, BC V3W 4E9, Canada",https://order.tbdine.com/pickup/44405
Panamanian,Panjaz Panamanian Cuisine,"5115 Thousand Oaks Dr, San Antonio, TX 78233, USA",https://panjaz-panamanian-cuisine.square.site/
Paraguayan,I Love Paraguay Restaurant,"4316 Greenpoint Ave, Queens, NY 11104, USA",http://www.ilovepy.com/
Peruvian,Silvestre Deli & Bistro,"317 Water St, Vancouver, BC V6B 1B8, Canada",http://www.silvestregustolatino.com/
Philippine,La Meza Grill,"11955 88 Ave, Delta, BC V4C 3C9, Canada",http://www.lamezagrill.com/
Philippine,Kuy’s Lechon,"660 W 71st Ave, Vancouver, BC V6P 3A1, Canada",https://www.kuyslechon.com/
Philippine,Kulinarya Filipino Eatery,"2922 Glen Dr, Coquitlam, BC V3B 2P5, Canada",http://www.kulinarya.ca/
Philippine,EPIC GRILL SILOGS + SANS RIVAL,"538 Ewen Ave, New Westminster, BC V3M 5B8, Canada",https://epicsilogsgrill.com/
Philippine,Pampanga’s Cuisine Home of the Original Sisig,"5179 Joyce St, Vancouver, BC V5R 4G8, Canada",http://pampangascuisine.ca/
Philippine,Hapag Ihaw-Ihaw Restaurant,"5432 Victoria Dr, Vancouver, BC V5P 3V7, Canada",http://hapagrestaurant.com/
Philippine,Little Ongpin Restaurant,"4093 No 5 Rd, Richmond, BC V6X 2T9, Canada",
Philippine,Jav’s Kaldero,"15155 101 Ave #103A, Surrey, BC V3R 7Z1, Canada",http://www.javskaldero.com/
Philippine,PLATO FILIPINO,"5175 Joyce St, Vancouver, BC V5R 4G8, Canada",
Philippine,Pin Pin Restaurant,"6113 Fraser St, Vancouver, BC V5W 2Z9, Canada",http://www.pinpinrestaurant.com/
Philippine,Kulinarya Filipino Eatery,"1134 Commercial Dr, Vancouver, BC V5L 3X2, Canada",http://www.kulinarya.ca/
Philippine,The Filipino Noodle Joint,"180 Keefer Street Unit 111 - China Town Plaza, Vancouver, BC V6A 4E9, Canada",http://www.thefilipinonoodlejoint.com/
Polish,Polish Countryside Kitchen,"Behind Polish Art Center, S Kasson St, Cedar, MI 49621, USA",http://polishheritagefarm.com/
Puerto Rican,Boriken Restaurant,"12800 SW Canyon Rd, Beaverton, OR 97005, USA",https://borikenrestaurant.com/
Saudi Arabian,Al Aqsa,"1326 State St, Salem, OR 97301, USA",
Singaporean,Singapore Hawker Burnaby,"7150 Sperling Ave, Burnaby, BC V5E 2W5, Canada",http://www.singaporehawker.ca/
Singaporean,Singapore Hawker,"1169 Pacific St #120, Coquitlam, BC V3B 0J1, Canada",http://www.singaporehawker.ca/
Singaporean,Shiok Express,"9855 Austin Ave #907, Burnaby, BC V3J 1N4, Canada",https://shiok.ca/lougheed
Singaporean,Singapore Express,"2775 Laurel St Room 4145, Vancouver, BC V5Z 1M9, Canada",https://www.qooway.com/OLO/m-en?SingExpOnLaurel
Singaporean,Prata-Man Singapore Cuisine,"9060 Capstan Wy, Richmond, BC V6X 3N6, Canada",https://prata-man-richmond.business.site/
Singaporean,Shiok Singaporean Cuisine,"1716 Kingsway, Vancouver, BC V5N 2S4, Canada",http://shiok.ca/
Singaporean,Penang Bistro Fine Malaysian Cuisine(10% OFF for Orders from Our Website!),"3932 Fraser St, Vancouver, BC V5V 4E4, Canada",https://penangbistro.zomi.menu/
Slovenian,Slovenian Dinner Experience,"Petkovškovo nabrežje 65, 1000 Ljubljana, Slovenia",
Somali,Sahara Cafe Somali Cuisine,"13919 Tukwila International Blvd, Tukwila, WA 98168, USA",
South African,Safari Njema,"5041 Rainier Ave S suite 107, Seattle, WA 98118, USA",
Sri Lankan,J.R Taste Of Ceylon,"3929 Knight St, Vancouver, BC V5N 3L8, Canada",http://j-r-taste-of-ceylon.jany.io/
Swiss,Swiss Hibiscus,"4950 NE 14th Ave, Portland, OR 97211, USA",http://www.swisshibiscus.com/
Syrian,Ayam Zaman Restaurant,"1090 Lougheed Hwy. #116, Coquitlam, BC V3K 6G9, Canada",
Syrian,Yasma,"550 Denman St, Vancouver, BC V6G 3H1, Canada",http://www.yasma.ca/
Syrian,Iyad's Syrian Grill,"Unnamed Road، Vashon, WA 98070, USA",https://www.syriangrill.com/
Taiwanese,Chef Hung Taiwanese Beef Noodle,"9055 University High St #109, Burnaby, BC V5A 0A7, Canada",https://www.chefhungnoodle.com/
Taiwanese,Bubble 88,"10209 King George Blvd #102, Surrey, BC V3T 2W6, Canada",https://bubble88.business.site/
Taiwanese,Ding Hao Noodle House,"2773 Barnet Hwy #4, Coquitlam, BC V3B 1C2, Canada",http://www.dinghaonoodlehouse.com/
Taiwanese,台風 Typhoon Bubble Tea Taiwanese Cuisine,"11700 Cambie Rd. #175, Richmond, BC V6X 1L5, Canada",https://typhoonbbt.ca/
Taiwanese,Wang's Taiwan Beef Noodle House,"8390 Granville St, Vancouver, BC V6P 4Z7, Canada",https://wangstaiwanhouse.com/
Taiwanese,Kuai Wei Jia,"1163 Pinetree Wy #2102, Coquitlam, BC V3B 8A6, Canada",
Taiwanese,Joys Taiwanese Food,"4380 No. 3 Rd, Richmond, BC V6X 3V7, Canada",
Taiwanese,Luroufan Tasty,"4000 No. 3 Rd #3335, Richmond, BC V6X 0J8, Canada",https://luroufantasty.wixsite.com/luroufan-tasty
Taiwanese,Chef Hung Taiwanese Beef Noodle,"4151 Hazelbridge Wy #2800, Richmond, BC V6X 4J7, Canada",http://www.chefhungnoodle.com/
Taiwanese,Chef Hung Taiwanese Beef Noodle,"3313 Shrum Lane #102, Vancouver, BC V6S 0C8, Canada",http://www.chefhungnoodle.com/
Taiwanese,19 GOLD Taiwanese Restaurant,"3601 Fremont Ave N #101, Seattle, WA 98103, USA",https://www.19goldseattle.com/
Taiwanese,Looking for Chai Taiwanese Kitchen,"12121 Northup Way #205, Bellevue, WA 98005, USA",https://www.facebook.com/lookingforchai2/
Taiwanese,Yung Ho Soy Drink,"8181 Cambie Rd., Richmond, BC V6X 3X9, Canada",http://www.yunghosoydrink.com/
Thai,Little Bangkok Thai Kitchen,"2335 St Johns St, Port Moody, BC V3H 2A8, Canada",http://littlebangkokthaikitchen.com/
Thai,Patsara Thai,"528 Carnarvon St, New Westminster, BC V3L 1C4, Canada",https://www.patsara.ca/
Thai,Krungthep Thai Cuisine,"13260 1st Ave S Suite A, Seattle, WA 98168, USA",https://krungthepthai.com/
Thai,Aroydy Thai Cuisine,"225 NW Lindvig Way, Poulsbo, WA 98370, USA",http://aroydythai.squarespace.com/
Thai,Krungthep Thai and Pho,"17851 1st Ave S, Normandy Park, WA 98148, USA",https://krungthepthaiandpho.com/
Thai,Tasty Thai,"1912 Star Dr, Liberty, MO 64068, USA",http://www.kctastythai.com/
Thai,Ban SomTum,"35109 Pacific Hwy S, Federal Way, WA 98003, USA",http://www.bansomtum.com/
Thai,Sweet Basil Thai Restaurant,"19 John St, Liberty, NY 12754, USA",http://sweetbasilliberty.com/
Tunisian,La Marsa,"454 Geary St, San Francisco, CA 94102, USA",https://www.lamarsasf.com/
Ukrainian,Ukrainian Village,"815 Denman St, Vancouver, BC V6G 2L7, Canada",https://ukrainianvillage.wixsite.com/canada
Ukrainian,A Taste of Ukraine,"1611 Broadway St #105, Port Coquitlam, BC V3C 2M7, Canada",
Ukrainian,Ukrainian Cuisine restaurant,"31811 WA-706, Ashford, WA 98304, USA",https://paradisevillagelodge.com/amenities/restaurant/
Venezuelan,Arepa Venezuelan Kitchen,"1405 NE 50th St, Seattle, WA 98105, USA",https://arepavenezuelakitchen.com/
Vietnamese,I Am Pho Coquitlam,"100 Schoolhouse St Unit # 110, Coquitlam, BC V3K 6V9, Canada",https://iampho.ca/
Vietnamese,Pho Net Viet,"942 Westwood St, Coquitlam, BC V3C 3L3, Canada",
Vietnamese,Phở Phú Thịnh,"1175 Johnson St #360, Coquitlam, BC V3B 7K1, Canada",
Vietnamese,Phở Hồng Vietnamese Restaurant,"5975 Kingsway, Burnaby, BC V5J 1H1, Canada",https://drive.google.com/file/d/115uJr6nepSR1ReTJkaxy_DnbqvIZFOPZ/view?usp=drivesdk
Vietnamese,Pho Liberty,"23505 E Appleway Ave #100, Liberty Lake, WA 99019, USA",
Vietnamese,Pho Century Fine Vietnamese Cuisine,"6701 Kingsway, Burnaby, BC V5E 1E4, Canada",https://phocentury.ca/
Vietnamese,Kim Son Vietnamese Food,"555 W 12th Ave #030, Vancouver, BC V5Z 3X7, Canada",
Vietnamese,Nha Trang Vietnamese Beef Noodle Soup 芽莊越南美食 & Nha Trang Deli LTD.,"720 E Broadway, Vancouver, BC V5T 1X9, Canada",
Vietnamese,Ivy's Kitchen Vietnamese Restaurant,"4598 Main St, Vancouver, BC V5V 3R5, Canada",
Yemeni,Saba Yemeni Restaurant,"2881 Granville St, Vancouver, BC V6H 3J4, Canada",http://www.sabafoods.ca/
