Cuisine Type,Name,Address,Website
Mexican,Zapoteca,"15495 Marine Dr, White Rock, BC V4B 1C9, Canada",http://www.zapoteca.com/
Mexican,El Jacal Mexican Grill,"903 Main St #2089, Fort Morgan, CO 80701, USA",https://eljacalmexicangrill.com/
Mexican,La Hacienda Restaurant,"16825 Condit Rd, Morgan Hill, CA 95037, USA",http://lahaciendamorganhill.com/
Mexican,Las Isabelas,"16410 Monterey Rd, Morgan Hill, CA 95037, USA",
Mexican,Jesús Mexican Restaurant,"16715C Monterey Rd, Morgan Hill, CA 95037, USA",https://jesusmexicanrestaurantmorganhill.com/
Mexican,Casa Patron,"1215 W Platte Ave, Fort Morgan, CO 80701, USA",https://www.casapatronfortmorgan.com/
Mexican,Mis Dos Abuelos Mexican Restaurant,"329 S IN-135, Morgantown, IN 46160, USA",https://misdosabuelos.com/
Mexican,Chipotle Mexican Grill,"15775 Croydon Dr, Surrey, BC V3Z 2L6, Canada",https://locations.chipotle.ca/bc/surrey/15775-croydon-dr?utm_source=google&utm_medium=yext&utm_campaign=yext_listings
Italian,Mangia e Bevi,"2222 Marine Dr, West Vancouver, BC V7V 1K4, Canada",http://www.mangiaebevi.ca/
Italian,Amorosa Pasta House,"7870 Edmonds St, Burnaby, BC V3N 1B8, Canada",https://www.facebook.com/amorosasantali/
Italian,Bacaro,"1029 W Cordova St, Vancouver, BC V6C 0B9, Canada",http://www.bacarovancouver.com/
Italian,Mama Mia's Mediterranean & Italian Cuisine,"275 E Dunne Ave, Morgan Hill, CA 95037, USA",http://www.mamamiasrestaurant.com/
Italian,Betto's Bistro,"17385 Monterey Rd, Morgan Hill, CA 95037, USA",http://www.bettosbistro.com/
Italian,Sicilia In Bocca,"25 W Main Ave, Morgan Hill, CA 95037, USA",https://sicilianinbocca.com/
Italian,Staple & Fancy,"4739 Ballard Ave NW, Seattle, WA 98107, USA",http://www.ethanstowellrestaurants.com/locations/staple-fancy/
Italian,Maurizio's Restaurtant,"25 E 1st St, Morgan Hill, CA 95037, USA",http://www.mauriziosrestaurant.com/
Spanish,San Miguel Restaurant,"322 Ensign St, Fort Morgan, CO 80701, USA",https://www.facebook.com/FortMorganFood/
American,The Keg Steakhouse + Bar - Morgan Creek,"15180 32nd Avenue Diversion, Surrey, BC V3S 3M1, Canada",http://www.thekeg.com/en/locations/morgan-creek
American,Red Robin Gourmet Burgers and Brews,"19705 Fraser Hwy #530, Langley, BC V3A 7E9, Canada",https://locations.redrobin.com/bc/langley/530/
American,Wooden Spoon,"15171 Russell Ave, White Rock, BC V4B 2P4, Canada",http://woodenspoon.co/
American,Nando's PERi-PERi,"3010 152 St Unit 101, Surrey, BC V4P 3N7, Canada",https://www.nandos.ca/find/white-rock-south-surrey?utm_source=google&utm_medium=organic&utm_campaign=local&utm_content=white_rock
American,Coast,"1054 Alberni St, Vancouver, BC V6E 1A3, Canada",http://www.glowbalgroup.com/coast/
American,Jack Niemann's Black Forest Steak House,"638 Peace Portal Dr, Blaine, WA 98230, USA",https://www.jackniemannsblackforeststeakhouse.com/
American,Meltwich Food Co.,"2245 160 St, Surrey, BC V3S 9N6, Canada",https://www.meltwich.com/
American,The Keg Steakhouse + Bar - Maple Ridge,"20640 Dewdney Trunk Rd, Maple Ridge, BC V2X 3E5, Canada",http://www.thekeg.com/en/locations/maple-ridge
American,The Keg Steakhouse + Bar - Granville Island,"1499 Anderson St, Vancouver, BC V6H 3R5, Canada",http://www.thekeg.com/en/locations/granville-island
American,The Keg Steakhouse + Bar - Coquitlam,"2991 Lougheed Hwy. Unit 130, Coquitlam, BC V3B 6J6, Canada",http://www.thekeg.com/en/locations/coquitlam
American,Zapoteca,"15495 Marine Dr, White Rock, BC V4B 1C9, Canada",http://www.zapoteca.com/
American,Clubhouse at Fraser Downs Racetrack & Casino,"17755 60 Ave, Surrey, BC V3S 1V3, Canada",https://elementscasinosurrey.com/racing/
British,Morgans Restaurant and Wine Bar,"3500 Morgan Creek Way, Surrey, BC V3Z 0J7, Canada",https://bit.ly/37KAMjV
Thai,Patsara Thai,"528 Carnarvon St, New Westminster, BC V3L 1C4, Canada",https://www.patsara.ca/
Thai,Siam Le Bien Thai Cuisine,"Siam Le Bien Thai Cuisine, 4217 Hastings St, Burnaby, BC V5C 2J5, Canada",http://www.siamlebien.com/
Thai,Ocha Thai Kitchen and Bar,"317 Main Ave S, Renton, WA 98057, USA",https://www.ochakitchenbar.com/
Thai,Siam Thai Restaurant,"17120 Monterey Rd, Morgan Hill, CA 95037, USA",http://www.siamthaimorganhill.com/
Japanese,Sushi Confidential Morgan Hill,"17340 Monterey Rd, Morgan Hill, CA 95037, USA",http://sushiconfidential.com/
Japanese,Hanami Sushi,"1295 E Dunne Ave # 190, Morgan Hill, CA 95037, USA",
Japanese,Ukawa Teriyaki,"3922 148th St SE, Mill Creek, WA 98012, USA",
Japanese,CreAsian,"207 W Main Ave, Morgan Hill, CA 95037, USA",https://www.creasiansushi.com/home
Japanese,Sushi Ichiban - now on Doordash!,"116 Cochrane Plaza Ste 116, Morgan Hill, CA 95037, USA",http://www.ichibanmorganhill.com/
Japanese,Sushi Nara,"301 Vineyard Town Center, Morgan Hill, CA 95037, USA",https://www.sushinaramorganhill.com/
Japanese,Moon's Kitchen,"16985 Monterey Rd #326, Morgan Hill, CA 95037, USA",
Japanese,Goku Sushi,"201 Tennant Station, Morgan Hill, CA 95037, USA",https://www.gokusushimh.com/
Japanese,Kedai Pho & Japanese Cuisine,"720 Grand Ave, Glenwood Springs, CO 81601, USA",http://kedaipho.com/
Japanese,Syun Izakaya,"209 NE Lincoln St, Hillsboro, OR 97124, USA",http://www.syunhillsboro.com/
Japanese,Imura Japanese Restaurant,"1994 Main St, Watsonville, CA 95076, USA",http://www.imurasushi.com/
Japanese,Suehiro Japanese Restaurant,"4431 Corbett Dr Suite 104, Fort Collins, CO 80525, USA",http://www.suehirojapaneserestaurant.com/
Japanese,Coast,"1054 Alberni St, Vancouver, BC V6E 1A3, Canada",http://www.glowbalgroup.com/coast/
Japanese,Cactus Club Cafe Langley,"6070 200 St #101, Langley, BC V3A 1N4, Canada",https://www.cactusclubcafe.com/locations/langley/
Chinese,Fortune Mandarin Restaurant,"1617 Freeway Dr, Mount Vernon, WA 98273, USA",http://www.fortunemandarin.com/
Chinese,China Palace Restaurant,"65 W Main Ave, Morgan Hill, CA 95037, USA",https://chinapalacemh.org/
Chinese,Golden China Restaurant,"16965 Monterey Rd, Morgan Hill, CA 95037, USA",http://eatgoldenchina.com/
Chinese,Mr. Hong's,"16745 Monterey Rd, Morgan Hill, CA 95037, USA",
Chinese,Chef's Da Chinese Restaurant,"209 S Main St, Fort Morgan, CO 80701, USA",https://www.chefsda.com/
Chinese,Wonderful House,"629 Main St, Fort Morgan, CO 80701, USA",https://wonderfulhouseonline.com/
Chinese,china king buffet,"6509 LA-182, Morgan City, LA 70380, USA",https://www.chinakingbuffetmorgancity.com/a6i214s9/restaurant/order-online
Indian,Jaipur Indian Cuisine,"8840 120 St, Surrey, BC V3V 4B4, Canada",
Indian,Royal Tandoori,"83 6th St, New Westminster, BC V3L 2Z8, Canada",https://royaltandoorirestaurant.com/?utm_source=google&utm_medium=maps&utm_campaign=website
Indian,Tahn Door Indian Eatery,"228 Schoolhouse St #1, Coquitlam, BC V3K 6V7, Canada",https://www.tahndoor.com/
Indian,Mirch Masala Indian Cuisine,"9545 120 St, Delta, BC V4C 6S3, Canada",http://mirchmasaladelta.ca/
Indian,The Great Indian Cuisine,"15953 Fraser Hwy #101, Surrey, BC V4N 0Y3, Canada",http://www.thegreatindiancuisine.com/
Indian,Desi Turka Indian Cuisine | Burnaby,"7807 6th St, Burnaby, BC V3N 4S3, Canada",https://desiturka.ca/
Indian,Agra Tandoori House,"7366 Market Crossing, Burnaby, BC V5J 5C8, Canada",http://www.agratandoori.ca/
Indian,Indian Courtyard Restaurant,"Indian courtyard restaurant, 609 12th St, New Westminster, BC V3M 4J3, Canada",https://courtyardindianrestaurant.com/
Indian,Indian Bombay Bistro,"7558 6th St, Burnaby, BC V3N 3M3, Canada",https://www.indianbombaybistro.com/
Indian,Dana Pani Indian Cuisine,"805 Boyd St J120, New Westminster, BC V3M 5X2, Canada",http://www.danapaniindian.com/
Indian,Curry Lounge Indian Restaurant.,"16030 24 Ave #130, Surrey, BC V3Z 0R5, Canada",https://currylounge.ca/
Indian,Delta Indian Cuisine,"8320 112 St, Delta, BC V4C 4W8, Canada",https://deltaindiancuisine.ca/
Indian,Agra Tandoori Restaurant,"3790 Canada Wy, Burnaby, BC V5G 1G4, Canada",http://www.agratandoori.ca/
Indian,Saffron Indian Cuisine,"4300 Kingsway #5, Burnaby, BC V5H 1Z8, Canada",https://orderorbook.com/listings/1834/menus/categories
Indian,Tandoori Bites,"505 32nd St STE 104, Bellingham, WA 98225, USA",https://tandooribites.us/
Indian,Silk Lounge,"132 Powell St, Vancouver, BC V6A 1G1, Canada",http://www.silk-lounge.ca/
Indian,Manjal South Indian Kitchen,"7613 Edmonds St, Burnaby, BC V3N 1B6, Canada",http://manjalrestaurant.ca/
Indian,Tandoori Flames,"110 Cochrane Plaza, Morgan Hill, CA 95037, USA",http://www.tandooriflames.com/
Canadian,Morgans Restaurant and Wine Bar,"3500 Morgan Creek Way, Surrey, BC V3Z 0J7, Canada",https://bit.ly/37KAMjV
Canadian,The Keg Steakhouse + Bar - Morgan Creek,"15180 32nd Avenue Diversion, Surrey, BC V3S 3M1, Canada",http://www.thekeg.com/en/locations/morgan-creek
Canadian,Basecamp Burger Joint,"140 Esplanade Ave, Harrison Hot Springs, BC V0M 1K0, Canada",http://www.basecampharrison.com/
Canadian,Wooden Spoon,"15171 Russell Ave, White Rock, BC V4B 2P4, Canada",http://woodenspoon.co/
Canadian,Cedar Room,"1 Centennial Dr, Kananaskis, AB T0L 2H0, Canada",https://www.marriott.com/hotels/hotel-information/restaurant/yyckv-delta-hotels-kananaskis-lodge/?scid=f2ae0541-1279-4f24-b197-a979c79310b0
Canadian,The Canadian Brewhouse (Banff),"317 Banff Ave, Banff, AB T1L 1C1, Canada",https://www.thecanadianbrewhouse.com/
Canadian,Canadian Restaurant,"402 N 2nd St, Canadian, TX 79014, USA",
Canadian,Jojo's Chicken Shack,"15785, Building G, 105 Croydon Dr, Surrey, BC V3Z 2L6, Canada",https://order.online/store/jojo's-chicken-shack-surrey-25085481/?hideModal=true&pickup=true
Canadian,The Keg Steakhouse + Bar - Maple Ridge,"20640 Dewdney Trunk Rd, Maple Ridge, BC V2X 3E5, Canada",http://www.thekeg.com/en/locations/maple-ridge
Canadian,Meltwich Food Co.,"2245 160 St, Surrey, BC V3S 9N6, Canada",https://www.meltwich.com/
Canadian,Cora Breakfast and Lunch,"11380 Steveston Hwy #170, Richmond, BC V7A 5J5, Canada",http://www.chezcora.com/en/restaurants/british-columbia/Cora-Richmond-Coppersmith-Corner?utm_source=googlemaps&utm_medium=richmond-coppersmith-corner&utm_campaign=website
Canadian,The Keg Steakhouse + Bar - Granville Island,"1499 Anderson St, Vancouver, BC V6H 3R5, Canada",http://www.thekeg.com/en/locations/granville-island
Canadian,Morgan's Harbour Jamaican Patties,"1850 Kingsway Ave Unit 9, Port Coquitlam, BC V3C 1S6, Canada",http://morgansharbour.ca/
Canadian,The Eatery by Farrier Pub,"4799 Telqua Dr, 108 Mile Ranch, BC V0K 2Z0, Canada",http://www.eatery100mile.com/
Canadian,Red Robin Gourmet Burgers and Brews,"19705 Fraser Hwy #530, Langley, BC V3A 7E9, Canada",https://locations.redrobin.com/bc/langley/530/
Canadian,Cactus Club Cafe Langley,"6070 200 St #101, Langley, BC V3A 1N4, Canada",https://www.cactusclubcafe.com/locations/langley/
Canadian,S+L Kitchen & Bar South Surrey,"16051 24 Ave, Surrey, BC V3S 9H7, Canada",https://www.jrg.ca/sl-south-surrey/
Canadian,The Keg Steakhouse + Bar - Coquitlam,"2991 Lougheed Hwy. Unit 130, Coquitlam, BC V3B 6J6, Canada",http://www.thekeg.com/en/locations/coquitlam
Canadian,The Bucket,"207 S 2nd St, Canadian, TX 79014, USA",https://www.facebook.com/thebucketcanadiantexas/
Canadian,The Keg Steakhouse + Bar - Langley,"9020 202 St., Langley Twp, BC V1M 4B8, Canada",http://www.thekeg.com/en/locations/langley
Russian,Piroshky Bakery,"Inside Foodcourt, 15600 NE 8th St Suite # PM 10, Bellevue, WA 98008, USA",
Jewish,Maple Grill,"1965 W Broadway, Vancouver, BC V6J 1Z3, Canada",http://maplegrillpopup.com/
Jewish,Sabra Kosher Bakery & Restaurant Ltd,"3844 Oak St, Vancouver, BC V6H 2M6, Canada",http://www.sabrakosher.com/
Jewish,Omnitsky Kosher,"5775 Oak St, Vancouver, BC V6M 2V7, Canada",http://omnitskykosher.com/
Jewish,Kosher Experience,"1967 W Broadway, Vancouver, BC V6J 1Z3, Canada",https://www.chabadcitycentre.com/templates/articlecco_cdo/aid/825431/jewish/Kosher-Food.htm
Polish,Iwona Pierogies,"806 20th St, New Westminster, BC V3M 2W6, Canada",
German,The Old Bavaria Haus Restaurant,"233 6th St, New Westminster, BC V3L 3A5, Canada",http://www.oldbavariahaus.com/
German,Jägerhof Restaurant,"71 Lonsdale Ave, North Vancouver, BC V7M 2E5, Canada",http://www.jagerhof.ca/
German,German Diner,"8910 Martin Way E, Lacey, WA 98516, USA",https://www.thegermandiner.com/
German,ALTMAERKER German Sausage House and Deli,"11150 84 Ave, Delta, BC V4C 2L7, Canada",http://www.altmaerker.ca/
German,Deutsches Haus (Vancouver Alpen Club),"4875 Victoria Dr, Vancouver, BC V5N 4P3, Canada",https://www.vacbc.ca/
French,Alouette Bistro,"567 Hornby St, Vancouver, BC V6C 2E8, Canada",http://alouettevancouver.com/
French,French Table,"3916 Main St, Vancouver, BC V5V 3P2, Canada",http://thefrenchtable.ca/
French,Toulouse Petit Kitchen & Lounge,"601 Queen Anne Ave N, Seattle, WA 98109, USA",http://toulousepetit.com/
French,The Keg Steakhouse + Bar - Morgan Creek,"15180 32nd Avenue Diversion, Surrey, BC V3S 3M1, Canada",http://www.thekeg.com/en/locations/morgan-creek
French,Epulo Bistro,"190 Sunset Ave Suite B, Edmonds, WA 98020, USA",http://www.epulobistro.com/
French,S+L Kitchen & Bar Langley,"8399 200 St, Langley Twp, BC V2Y 3C2, Canada",https://www.jrg.ca/sl-kitchen-bar-langley/
French,Cafe de France,"17370 Preston Rd, Dallas, TX 75252, USA",https://www.cafedefrancebistro.com/
French,Le Gamin Café SHARON,"10 Gay St, Sharon, CT 06069, USA",http://www.legamin.com/
French,Jojo's Chicken Shack,"15785, Building G, 105 Croydon Dr, Surrey, BC V3Z 2L6, Canada",https://order.online/store/jojo's-chicken-shack-surrey-25085481/?hideModal=true&pickup=true
French,S+L Kitchen & Bar South Surrey,"16051 24 Ave, Surrey, BC V3S 9H7, Canada",https://www.jrg.ca/sl-south-surrey/
French,Coast,"1054 Alberni St, Vancouver, BC V6E 1A3, Canada",http://www.glowbalgroup.com/coast/
French,Meltwich Food Co.,"2245 160 St, Surrey, BC V3S 9N6, Canada",https://www.meltwich.com/
French,Le Canard Enchaine,"276 Fair St, Kingston, NY 12401, USA",http://le-canardenchaine.com/
French,Silk Lounge,"132 Powell St, Vancouver, BC V6A 1G1, Canada",http://www.silk-lounge.ca/
French,Bistro V,"339 Greenwich Ave, Greenwich, CT 06830, USA",http://versaillesgreenwich.com/
French,Bacaro,"1029 W Cordova St, Vancouver, BC V6C 0B9, Canada",http://www.bacarovancouver.com/
French,Addison Cafe-French bistro,"5290 Belt Line Rd #108, Dallas, TX 75254, USA",http://www.addisoncafe.com/
French,Bistro de Ville,"185 Summerfield St, Scarsdale, NY 10583, USA",https://bistrodeville.com/
French,Brigitte Bistro,"61 E Market St, Red Hook, NY 12571, USA",https://brigitte-bistro.com/
French,Bar Bouchée,"8 Scotland Ave, Madison, CT 06443, USA",http://www.barbouchee.com/
Hawaiian,Aloha Hawaiian Grill,"3900 Bayview St #110, Richmond, BC V7E 4R7, Canada",https://www.alohahawaiiangrill.ca/
Hawaiian,Hawaii BBQ & Noodle House,"1212 E Sunset Dr, Bellingham, WA 98226, USA",
Hawaiian,Aloha Hawaiian Grill,"18016 71st Ave S, Kent, WA 98032, USA",
Hawaiian,Ono Hawaiian BBQ,"1041 Cochrane Rd #160, Morgan Hill, CA 95037, USA",http://www.onohawaiianbbq.com/
Brazilian,Rio Brazilian Steakhouse,"1122 Denman St, Vancouver, BC V6G 1T2, Canada",http://riobraziliansteakhouse.ca/
Brazilian,Boteco Brasil Restaurant,"2545 Nanaimo St, Vancouver, BC V5N 5E6, Canada",http://boteco.ca/
Brazilian,Fogo de Chão Brazilian Steakhouse,"18602 Alderwood Mall Pkwy Suite 1110, Lynnwood, WA 98037, USA",https://fogodechao.com/location/lynnwood/
Brazilian,The Grill From Ipanema,"2313 1st Ave, Seattle, WA 98121, USA",https://www.seattlegrillfromipanema.com/?y_source=1_OTE5OTMzODItNzE1LWxvY2F0aW9uLndlYnNpdGU%3D
Brazilian,Botteco Brazil Restaurant,"14561 Bothell Way NE, Shoreline, WA 98155, USA",http://bottecobrazil.com/
Brazilian,Rio Brazilian Steak House Coquitlam,"2729 Barnet Hwy, Coquitlam, BC V3E 1K9, Canada",https://riobraziliansteakhouse.ca/
Peruvian,SUYO Modern Peruvian,"3475 Main St, Vancouver, BC V5V 3M9, Canada",http://www.suyo.ca/
Peruvian,Silvestre Deli & Bistro,"317 Water St, Vancouver, BC V6B 1B8, Canada",http://www.silvestregustolatino.com/
Peruvian,El Inka restaurant,"3826 Sunset St, Burnaby, BC V5G 1T3, Canada",
Salvadorian,Morazan Salvadorian Restaurant,"410 W Bakerview Rd #108, Bellingham, WA 98226, USA",https://morazansalvadorianrestaurantwa.com/
Cuban,Cafe Con Leche,"2901 1st Ave S, Seattle, WA 98134, USA",http://www.cafeconlecheseattle.com/
Cuban,El Cubano To Go,"19920 Aurora Ave N, Shoreline, WA 98133, USA",https://elcubanotogowa.com/
Tibetan,Café Tibet,"2020 University Ave, Berkeley, CA 94704, USA",http://cafetibetberkeley.com/contact/
Egyptian,Koshari Zooba,"2519 St Johns St, Port Moody, BC V3H 2B3, Canada",https://order.online/business/koshari-zooba-11732068
Greek,My Greek Taverna,"946 Brunette Ave, Coquitlam, BC V3K 1C9, Canada",http://mygreektaverna.com/
Greek,The Greek Corner,"7218 King George Blvd #123, Surrey, BC V3W 5A5, Canada",http://www.thegreekcorner.ca/
Greek,My Greek Taverna Surrey,"6450 120 St, Surrey, BC V3W 3M5, Canada",http://mygreektavernasurrey.com/
Greek,Yiannis Greek Taverna,"543 6th St, New Westminster, BC V3L 3B5, Canada",http://www.yiannisnewwest.com/
Greek,Greek Fellas Restaurant,"11008 River Rd, Delta, BC V4C 2S2, Canada",http://www.greekfellas.ca/
Greek,Stefanos Restaurant,"315 Columbia St, New Westminster, BC V3L 1A7, Canada",http://www.stefanos.ca/
Greek,The Greek Gastown,"221 Carrall St, Vancouver, BC V6B 2J2, Canada",https://thegreekbyanatoli.com/location-gastown/
Greek,Taverna Greka,"326 Columbia St, New Westminster, BC V3L 1A6, Canada",http://www.taverna.ca/
Greek,Greek Village Restaurant,"7953 120 St, Delta, BC V4C 6P6, Canada",http://www.greekvillagedelta.com/
Greek,Galini Greek Kouzina & Grill,"19475 Fraser Hwy #101, Surrey, BC V3S 6K7, Canada",http://galini.ca/
Greek,Pallas Athena Greek Kousina,"1250 Dominion Ave, Port Coquitlam, BC V3B 8G7, Canada",http://www.pallasathena.org/
Greek,Dinakis Mediterranean Grill,"2020 Oxford Connector, Port Coquitlam, BC V3C 0A4, Canada",http://www.dinakis.com/
Greek,Vassilis Souvlaki Greek Taverna,"6558 Kingsway, Burnaby, BC V5E 1C5, Canada",http://vassilissouvlakigreektaverna.ca/
Greek,The Greek Yaletown,"1043 Mainland St, Vancouver, BC V6B 5P9, Canada",https://thegreekbyanatoli.com/
Greek,Primerose Greek Restaurant,"6165 BC-17A, Delta, BC V4K 5B8, Canada",http://www.theprimerose.com/
Greek,Ramie's Greek Restaurant,"4287 Kingsway, Burnaby, BC V5H 1Z5, Canada",http://www.ramiesgreekrestaurant.com/
Greek,Sfinaki Greek Taverna,"4061 Hastings St, Burnaby, BC V5C 2J1, Canada",http://www.sfinaki.ca/
Greek,Argo Greek Cuisine Pizza & Pasta,"3790 Canada Wy #108, Burnaby, BC V5G 1G4, Canada",https://argogreek.ca/
Greek,Milos Greek Taverna,"234 Esplanade, Harrison Hot Springs, BC V0M 1K0, Canada",http://www.milosgreektaverna.ca/
Greek,Demetris Woodstone Taverna,"101 Main St, Edmonds, WA 98020, USA",https://www.demetriswoodstonetaverna.com/
Belgian,Wooden Spoon,"15171 Russell Ave, White Rock, BC V4B 2P4, Canada",http://woodenspoon.co/
Irish,Donegal's Irish House / Donegal's Pub,"12054 96 Ave, Surrey, BC V3V 1W3, Canada",https://donegals.pub/
Irish,Dublin Crossing Irish Pub,"18789 Fraser Hwy #101, Surrey, BC V3S 7Y3, Canada",http://www.dublincrossing.com/
Irish,Donnellan's Irish Pub,"1082 Granville St, Vancouver, BC V6Z 1L5, Canada",http://www.donnellansirishpub.com/
Irish,Kelly O'Bryan's Restaurant & Carlos O'Bryan's Pub,"800 Columbia St, New Westminster, BC V3M 5V2, Canada",https://www.kobcob.com/new-Westminster/
Irish,The Irish Heather Shebeen,"248 E Georgia St, Vancouver, BC V6A 1Z7, Canada",https://www.irishheather.com/
Irish,Abby's Irish Pub,"9697 Prominent Point, Colorado Springs, CO 80924, USA",https://www.abbysirishpub.com/
Irish,S+L Kitchen & Bar Langley,"8399 200 St, Langley Twp, BC V2Y 3C2, Canada",https://www.jrg.ca/sl-kitchen-bar-langley/
Irish,The Keg Steakhouse + Bar - Morgan Creek,"15180 32nd Avenue Diversion, Surrey, BC V3S 3M1, Canada",http://www.thekeg.com/en/locations/morgan-creek
Irish,Patrick's Irish Pub,"800 9th St Unit B aka, 909 8th Ave, Greeley, CO 80631, USA",https://www.patricksgreeley.com/
Irish,Marlay House Irish Pub,"426 W Ponce de Leon Ave, Decatur, GA 30030, USA",https://www.themarlayhouse.com/
Irish,The Keg Steakhouse + Bar - Maple Ridge,"20640 Dewdney Trunk Rd, Maple Ridge, BC V2X 3E5, Canada",http://www.thekeg.com/en/locations/maple-ridge
Irish,The Keg Steakhouse + Bar - Granville Island,"1499 Anderson St, Vancouver, BC V6H 3R5, Canada",http://www.thekeg.com/en/locations/granville-island
Irish,The Keg Steakhouse + Bar - Burnaby,"4510 Still Creek Ave, Burnaby, BC V5C 0B5, Canada",http://www.thekeg.com/en/locations/burnaby
Irish,The Keg Steakhouse + Bar - Scott Road,"7948 120 St, Surrey, BC V3W 3N2, Canada",http://www.thekeg.com/en/locations/scott-road
Irish,The Keg Steakhouse + Bar - Langley,"9020 202 St., Langley Twp, BC V1M 4B8, Canada",http://www.thekeg.com/en/locations/langley
Irish,The Keg Steakhouse + Bar - Coquitlam,"2991 Lougheed Hwy. Unit 130, Coquitlam, BC V3B 6J6, Canada",http://www.thekeg.com/en/locations/coquitlam
Welsh,Llanerch Vineyard Restaurant,"Hensol Rd, Hensol, Pontyclun CF72 8GG, UK",https://llanerch.co.uk/restaurant
Cajun,Zydeco's,"11 E Main St, Mooresville, IN 46158, USA",http://www.zydecos.net/
Portuguese,Costa Verde,"6039 NJ-35, South Amboy, NJ 08879, USA",http://costaverde.us/
Portuguese,Fernandes Steakhouse3,"1776 NJ-35, South Amboy, NJ 08879, USA",http://www.fernandessteakhouse3.com/
Portuguese,Ria Mar Restaurant & Bar,"25 Whitehead Ave, South River, NJ 08882, USA",http://www.ria-mar.com/
Portuguese,Portuguese Manor,"310 Elm St, Perth Amboy, NJ 08861, USA",
Portuguese,Algarve Restaurant,"658 Van Buren Ave, Elizabeth, NJ 07201, USA",https://www.algarverestaurantnj.com/?utm_source=google&utm_medium=wix_google_business_profile
Portuguese,Valenca Restaurant,"665 Monroe Ave, Elizabeth, NJ 07201, USA",http://valencarestaurantnj.com/
Portuguese,Campozino Restaurant,"16 Ferry St, South River, NJ 08882, USA",https://www.campozinosr.com/
Portuguese,The Portuguese Fisherman,"11 Jackson St, South River, NJ 08882, USA",http://www.portuguesefisherman.com/
Portuguese,Portugal Express,"460 S Broad St, Elizabeth, NJ 07202, USA",http://www.portugalexpress.net/
Portuguese,Raízes de Portugal Café & BBQ,"146 Brighton Ave, Long Branch, NJ 07740, USA",https://raizesdeportugalcafebbqnj.com/
Portuguese,Mar Belo Portuguese Restaurant/Lounge,"611 Broadway, Long Branch, NJ 07740, USA",http://www.marbelorestaurant.com/
Portuguese,Taste of Portugal,"148 Delancy St, Newark, NJ 07105, USA",http://www.tasteofportugalnj.com/
Portuguese,Portugalo BBQ,"3 Ronald Dr, East Hanover, NJ 07936, USA",
Portuguese,Fernandes Matawan,"27 Freneau Ave, Matawan, NJ 07747, USA",https://www.fernandesmatawan.com/
Portuguese,Otilia's Cafe,"529 Main St, Spotswood, NJ 08884, USA",http://www.otiliascafe.com/
Portuguese,Nando's PERi-PERi,"3010 152 St Unit 101, Surrey, BC V4P 3N7, Canada",https://www.nandos.ca/find/white-rock-south-surrey?utm_source=google&utm_medium=organic&utm_campaign=local&utm_content=white_rock
Portuguese,Portugalia Bar & Restaurant,"280 1/2 Ferry St, Newark, NJ 07105, USA",https://www.facebook.com/portugaliarest/
Portuguese,Assado Portuguese Steakhouse,"222 N Livingston Ave, Livingston, NJ 07039, USA",http://www.assadonj.com/
Portuguese,Chaves,"46 Orchard St, Yonkers, NY 10703, USA",
Portuguese,Manolo's Churrasqueira & Seafood,"2518 Merrick Rd, Bellmore, NY 11710, USA",https://portugueserestaurantbellmore.com/
Turkish,Saray Turkish Cuisine,"6633 Hastings St, Burnaby, BC V5B 1S1, Canada",https://sarayturkish.com/
Turkish,Turkish Donair,"4066 Hastings St, Burnaby, BC V5C 2J3, Canada",https://order.online/store/TurkishDonair-1519392/en-US/?hideModal=true&pickup=true
Turkish,Anatolias Gate Turkish Cuisine,"1039 Granville St, Vancouver, BC V6Z 1L4, Canada",https://anatoliasgate.ca/
Turkish,Anatolia's Gate Restaurant,"7084 Kingsway, Burnaby, BC V5E 1E7, Canada",http://www.anatoliasgaterestaurant.com/
Turkish,Afghan Turkish Cuisine,"422 Willingdon Ave, Burnaby, BC V5C 5G4, Canada",http://www.afghanturkishcuisine.ca/
Turkish,Bistro Turkuaz,"1114 34th Ave, Seattle, WA 98122, USA",https://www.bistroturkuazseattle.com/
Haitian,Top Haitian Restaurant,"North Miami, FL 33161, USA",
Kenyan,Alebi African Cuisine,"10694 135a St, Surrey, BC V3T 4E2, Canada",http://alebiafricanrestaurant.com/
Korean,Gawon Express Korean Cuisine,"8968 University High St, Burnaby, BC V5A 4Y6, Canada",https://gawon.webflow.io/
Korean,Bon Ga Korean Restaurant,"10356 Whalley Blvd, Surrey, BC V3T 4H4, Canada",http://www.bongakorea.ca/
Korean,Koreana Korean Restaurant,"1001 Austin Ave #101, Coquitlam, BC V3K 3N9, Canada",http://www.koreanaeats.com/
Korean,Dookbaeki Korean Restaurant YVR 뚝배기 코퀴틀람 밴쿠버,"3055 Anson Ave, Coquitlam, BC V3B 2H6, Canada",http://www.dookbaeki.ca/
Korean,Tâ Bom Korean Cuisine,"1046 Austin Ave C, Coquitlam, BC V3K 3P3, Canada",http://www.tabom.ca/
Korean,Bbong Korean Restaurant,"329 North Rd #260, Coquitlam, BC V3K 3V8, Canada",https://www.bbong.ca/
Korean,Toe Dam Korean Fusion BBQ,"329 North Rd #250, Coquitlam, BC V3K 3V8, Canada",
Korean,Gobong88 (Hangang Korean restaurant),"9928 Lougheed Hwy., Burnaby, BC V3J 1N3, Canada",
Korean,Shilla Korean Restaurant,"1031 Kingsway, Vancouver, BC V5V 3C7, Canada",http://shillakorean.ca/
Korean,Oh! Zzhu Sam Korean Restaurant,"7506 Edmonds St, Burnaby, BC V3N 1B4, Canada",http://www.ohzzhusam.com/
Korean,Insadong Korean BBQ Restaurant,"403 North Rd #301, Coquitlam, BC V3K 3V9, Canada",http://insadongbbq.ca/
Korean,HAAN Korean BBQ,"Sun​wood Square, 780, 3025 Lougheed Hwy., Coquitlam, BC V3B 6S2, Canada",https://www.haanbbq.com/
Korean,HanSang Korean Cuisine,"7625 Edmonds St, Burnaby, BC V3N 1B6, Canada",
Korean,ManRiJangSeong (만리장성) Coquitlam | Korean Chinese Fusion Restaurant,"3021 Anson Ave, Coquitlam, BC V3B 2H6, Canada",
Korean,Secret Garden Korean Buffet,"9628 Cameron St, Burnaby, BC V3J 7N3, Canada",http://www.secretgardenbuffet.com/
Korean,ARISU Authentic Korean BBQ,"4501 North Rd #203, Burnaby, BC V3N 4R7, Canada",http://arisubbq.com/
Korean,Kimbab Cheonguk,"341 North Rd A, Coquitlam, BC V3K 3V8, Canada",https://www.kimbabcheonguk.ca/
Korean,Nadri - Korean Cuisine & Fried Chicken (나드리),"4501 North Rd Unit 111F, Burnaby, BC V3N 4R7, Canada",https://www.nadri.ca/
Korean,ARISU Korean BBQ - Edmonds,"7328 Edmonds St, Burnaby, BC V3N 1A8, Canada",http://www.arisubbq.com/
Korean,Hanwoori Korean Restaurant,"5740 Imperial St, Burnaby, BC V5J 1G2, Canada",http://www.hanwoori.ca/
Algerian,KAYMA Algerian Eatery Food Truck,"701 Valencia St, San Francisco, CA 94110, USA",http://www.kaymaeatery.com/
Nigerian,Alebi African Cuisine,"10694 135a St, Surrey, BC V3T 4E2, Canada",http://alebiafricanrestaurant.com/
Nigerian,Taste of Africa,"10663 King George Blvd, Surrey, BC V3T 2X6, Canada",
Nigerian,massawa restaurant,"418 6th St, New Westminster, BC V3L 3B2, Canada",
Nigerian,Simba's Grill,"3300 Boundary Rd, Burnaby, BC V5M 4A4, Canada",http://www.simbasgrill.com/
Moroccan,Moltaqa Moroccan Restaurant Mainland Street Yaletown,"1002 Mainland St, Vancouver, BC V6B 6J8, Canada",https://www.moltaqarestaurant.ca/
Lebanese,Mazahr Lebanese Kitchen,"1488 W 11th Ave, Vancouver, BC V6H 1L1, Canada",http://www.mazahr.ca/
Vietnamese,Ivy's Kitchen Vietnamese Restaurant,"4598 Main St, Vancouver, BC V5V 3R5, Canada",
Vietnamese,Little Minh's Kitchen,"7533 Market Crossing, Burnaby, BC V5J 0A3, Canada",http://www.littleminhs.ca/
Vietnamese,Kim Son Vietnamese Food,"555 W 12th Ave #030, Vancouver, BC V5Z 3X7, Canada",
Vietnamese,Pho Century Fine Vietnamese Cuisine,"6701 Kingsway, Burnaby, BC V5E 1E4, Canada",https://phocentury.ca/
Vietnamese,Pho Morgan Hill,"16965 Monterey Rd #102B, Morgan Hill, CA 95037, USA",https://www.phomorganhill.com/
Vietnamese,Simmering Pho Cafe,"213 W Main Ave, Morgan Hill, CA 95037, USA",
Vietnamese,Pho Saigon Corner,"16760 Monterey Rd, Morgan Hill, CA 95037, USA",https://phosaigoncorner.com/
Vietnamese,Vietasia Restaurant,"1295 E Dunne Ave #140, Morgan Hill, CA 95037, USA",
Vietnamese,Jonty's Vietnamese Eatery,"17300 Depot St, Morgan Hill, CA 95037, USA",https://www.jontysvieteatery.com/
Hungarian,Budapest Bistro,"12926 Mukilteo Speedway, Lynnwood, WA 98037, USA",
Mediterranean,Mediterranean Grill,"15910 SE Happy Valley Town Center Dr, Happy Valley, OR 97086, USA",http://www.mediterraneangrillrestaurant.com/
Mediterranean,Odeum,"17500 Depot St #180, Morgan Hill, CA 95037, USA",http://www.odeumrestaurant.com/
Mediterranean,Nick the Greek,"632 Tennant Station, Morgan Hill, CA 95037, USA",http://www.nickthegreeksj.com/
Mediterranean,Taziki's Mediterranean Cafe - Madison,"105 Brookridge Dr, Madison, AL 35758, USA",https://www.tazikis.com/
Mediterranean,Taziki's Mediterranean Cafe - Cullman,"421 3rd Ave SE suite 110, Cullman, AL 35055, USA",https://www.tazikis.com/location/cullman
Mediterranean,Papa Fattoush Restaurant,"15 E Main St #100, Carmel, IN 46032, USA",http://www.papafattoush.com/
Mediterranean,Cafe Nova,"5611 S Kingshighway Blvd, St. Louis, MO 63109, USA",https://cafenovastlouis.com/
Mediterranean,Mr. Falafel,"17455 Monterey Rd, Morgan Hill, CA 95037, USA",http://mrfalafel.net/
Mediterranean,Taziki's Mediterranean Cafe - Huntsville,"4855 Whitesburg Dr, Huntsville, AL 35802, USA",https://www.tazikis.com/location/huntsville/
Mediterranean,Al Shish Palace,"1591 Hughes Rd suite A, Madison, AL 35758, USA",http://alshishpalaceal.com/
Mediterranean,The Parthenon Restaurant,"1482 W 86th St, Indianapolis, IN 46260, USA",
Mediterranean,Jamo's Cafe,"413 Jordan Ln NW, Huntsville, AL 35805, USA",
Mediterranean,Fusion Mediterranean Grill,"20918 Drake Rd, Strongsville, OH 44149, USA",http://www.fusionmediterraneangrill.com/
Mediterranean,Tandoori Bites,"505 32nd St STE 104, Bellingham, WA 98225, USA",https://tandooribites.us/
Mediterranean,Athens,"1800 Northwood Plz Dr, Franklin, IN 46131, USA",
Mediterranean,Greca Mediterranean Kitchen + Bar,"1 Kent Rd Unit 5, New Milford, CT 06776, USA",https://newmilford.grecamed.com/
Mediterranean,Pita Plus Mediterranean Grill,"250 Cowesett Ave UNIT 1, West Warwick, RI 02893, USA",http://pitaplusri.com/
Mediterranean,Feta Kitchen and Cafe,"600 E Hillside Dr, Bloomington, IN 47401, USA",https://www.fetakitchen.com/
Mediterranean,Cactus Club Cafe Langley,"6070 200 St #101, Langley, BC V3A 1N4, Canada",https://www.cactusclubcafe.com/locations/langley/
Mediterranean,Ephesus Mediterranean & Turkish Cuisine,"514 Park Blvd, Massapequa Park, NY 11762, USA",http://www.ephesusmedcuisine.com/
Ethiopian,Fassil Restaurant,"736 E Broadway, Vancouver, BC V5T 1X9, Canada",http://www.fassil.ca/
Ethiopian,Harambe Ethiopian Restaurant,"2149 Commercial Dr, Vancouver, BC V5N 4B3, Canada",
Ethiopian,Axum Restaurant,"1279 E Hastings St, Vancouver, BC V6A 1S4, Canada",http://www.axumrestaurant.ca/
Ethiopian,Gojo Café Ethiopia I Ethiopian Cuisine,"2838 Commercial Dr, Vancouver, BC V5N 4C6, Canada",http://www.gojocafe.com/
Ethiopian,Abyssinia Restaurant,"7546 Edmonds St, Burnaby, BC V3N 1B4, Canada",
Ethiopian,Ambo Ethiopian Cuisine,"902 N State St, Bellingham, WA 98225, USA",https://www.amboethiopian.com/
Ethiopian,Blue Nile Ethiopian Restaurant,"7821 Rainier Ave S, Seattle, WA 98118, USA",
Ethiopian,Ahadu Ethiopian Restaurant,"1508 NE 117th St, Seattle, WA 98125, USA",http://www.ahadu-ethiopian-restaurant.net/
Ethiopian,massawa restaurant,"418 6th St, New Westminster, BC V3L 3B2, Canada",
Ethiopian,Massawa Eritrean & Ethiopian Restaurant,"4411 S Mead St, Seattle, WA 98118, USA",
Ethiopian,Zagol Ethiopian Restaurant,"2722 E Cherry St, Seattle, WA 98122, USA",http://www.zagolethiopianrestaurant.com/
Ethiopian,Adey Abeba Ethiopian Restaurant,"2123 E Union St, Seattle, WA 98122, USA",https://adeyabeba.net/
Ethiopian,Zobel Ethiopian Cuisine,"1219 E Jefferson St, Seattle, WA 98122, USA",http://zobelethiopianwa.com/
Ethiopian,Ras Dashen Restaurant,"2801 E Cherry St, Seattle, WA 98122, USA",http://www.rasdashenseattle.com/
Ethiopian,Cafe Selam,"2715 E Cherry St B, Seattle, WA 98122, USA",https://www.cafeselam.com/
Ethiopian,Queen Sheba Ethiopian Restaurant,"916 E John St, Seattle, WA 98102, USA",
Ethiopian,Alebi African Cuisine,"10694 135a St, Surrey, BC V3T 4E2, Canada",http://alebiafricanrestaurant.com/
Ethiopian,Habesha Cafe,"5710 Rainier Ave S, Seattle, WA 98118, USA",https://habesha.cafe/
Caribbean,Di Reggae Cafe,"13593 King George Blvd, Surrey, BC V3T 2V1, Canada",http://direggaecafe.com/
Caribbean,Calabash Bistro,"428 Carrall St, Vancouver, BC V6B 2J7, Canada",http://www.calabashbistro.com/
Caribbean,PG's Jamaican Restaurant,"1387 Johnston Rd, White Rock, BC V4B 3Z3, Canada",https://www.pgsjamaicanrestaurants.com/
Caribbean,Morgan's Harbour Jamaican Patties,"1850 Kingsway Ave Unit 9, Port Coquitlam, BC V3C 1S6, Canada",http://morgansharbour.ca/
Soul,Benny Paul's Soul Food,"171 W Washington St, Madison, GA 30650, USA",
Argentinian,Patagōn,"1610 2nd Ave, Seattle, WA 98101, USA",https://www.patagonseattle.com/?utm_source=extnet&utm_medium=yext
Chilean,Al Chile,"1340 Davie St, Vancouver, BC V6E 1N6, Canada",https://instagram.com/alchilevan?igshid=MzRlODBiNWFlZA==
Colombian,El Parche Colombiano,"11740 15th Ave NE, Seattle, WA 98125, USA",http://www.elparchecolombiano.com/
Costa Rican,"Local Restaurant, Costa Rican Food","WWGG+2JG, San José Province, San José, Barrio Luján, Costa Rica",
Costa Rican,Garalúa Costa Rican Gourmet,"San José Province, San José, Barrio Escalante, 10101, Costa Rica",
Costa Rican,Truchero Los Cocolisos,"FC95+VCQ, San José Province, Rivas, Costa Rica",
Costa Rican,Restaurante Kalisi,"Puerto Limón Costa Rica. Calle 6 btwn. Avs 3 & 4, Limón, Costa Rica",https://www.facebook.com/CaribbeanKalisi
Costa Rican,La NENA,"Cocles, Puerto Viejo de Limon, Limón, Cocles, 70403, Costa Rica",http://www.lanenacocles.com/
Costa Rican,Olakino Café & Bistró,"Calle 49, Alameda, San José, San Pedro, Dent, 11501, Costa Rica",https://www.facebook.com/olakinocafebistro/
Costa Rican,Pimento Costa Rica,"Dentro del Hotel Intercontinental Costa Rica, San José, Escazú, Costa Rica",
Czech,Czech Kitchens,"6733 W Pershing Rd, Stickney, IL 60402, USA",
Dutch,Dutch Country Restaurant,"946 Baltimore St, Hanover, PA 17331, USA",http://dutchcountryrestaurantpa.com/
Ecuadorian,Ecuadorian Food,"41-20 34th Ave, Astoria, NY 11101, USA",https://ecuadorianfood1.wixsite.com/mysite
Ghanaian,Alebi African Cuisine,"10694 135a St, Surrey, BC V3T 4E2, Canada",http://alebiafricanrestaurant.com/
Ghanaian,Taste of Africa,"10663 King George Blvd, Surrey, BC V3T 2X6, Canada",
Ghanaian,massawa restaurant,"418 6th St, New Westminster, BC V3L 3B2, Canada",
Guatemalan,Xecul Restaurante Guatemalteco,"1051 S Alvarado St, Los Angeles, CA 90006, USA",https://www.xeculrestauranteguatemalteco.com/
Honduran,Mi Bella Honduras RESTAURANT.,"29500 Pacific Hwy S j, Federal Way, WA 98003, USA",
Icelandic,Icelandic Street Food,"Lækjargata 8, 101 Reykjavík, Iceland",http://www.icelandicfoods.com/
Indonesian,Bali Thai,"88 W Pender St, Vancouver, BC V6B 1R3, Canada",https://www.balithaivancouver.com/
Indonesian,Peranakan Kitchen (P'Kay),"1122 5th Ave, New Westminster, BC V3M 1Y6, Canada",https://perkit.ca/
Indonesian,Indo Cafe,"13754 Aurora Ave N Suite D, Seattle, WA 98133, USA",http://www.myindocafe.com/
Indonesian,Waroeng Jajanan​,"22315 Hwy 99 i, Edmonds, WA 98026, USA",
Iranian,Cazba Persian Grill Express,"9855 Austin Ave #106, Burnaby, BC V3J 1N4, Canada",https://cazbarestaurant.com/
Iranian,Papa's Shish Kabab,"552 Clarke Rd #103, Coquitlam, BC V3J 3X5, Canada",https://shishkabab.ca/
Iranian,Pasargad Restaurant,"2565 Barnet Hwy #22, Coquitlam, BC V3H 4E2, Canada",http://pasargadrestaurant.ca/
Iranian,Mehman Restaurant,"1451 Lonsdale Ave, North Vancouver, BC V7M 2H9, Canada",http://www.mehmanrestaurant.ca/
Iranian,Khaghan Restaurant,"851 Denman St, Vancouver, BC V6G 2L9, Canada",
Iranian,Cazba Restaurant,"132 16th St W, North Vancouver, BC V7M 1T4, Canada",http://cazbarestaurant.com/
Iranian,Farsi Food,"1480 Pemberton Ave, North Vancouver, BC V7P 2S1, Canada",http://www.farsifood.ca/
Iranian,Suren Persian cuisine,"4624 Hastings St, Burnaby, BC V5C 2K5, Canada",https://linktr.ee/surenrestaurant
Iranian,Delara Restaurant,"2272 W 4th Ave, Vancouver, BC V6K 1N8, Canada",http://delararestaurant.ca/
Iranian,Cazba persian grill,"4567 Lougheed Hwy., Burnaby, BC V5C 3Z6, Canada",
Iranian,The Kebob House Restaurant,"2865 Shaughnessy St, Port Coquitlam, BC V3C 3H1, Canada",http://www.thekebobhouse.com/
Iranian,Cazba Restaurant,"1103 Davie St, Vancouver, BC V6E 1N2, Canada",http://cazbarestaurant.com/
Iranian,Zeitoon Restaurant,"1795 Pendrell St, Vancouver, BC V6G 1T2, Canada",https://zeitoon.cloudwaitress.com/
Iranian,Gillaneh GrillHouse - Downtown,"1072 Denman St, Vancouver, BC V6G 2M8, Canada",https://gilane.ca/
Iranian,Khaghan Restaurant North Shore,"935 Marine Dr Unit 66, North Vancouver, BC V7P 1S3, Canada",https://linktr.ee/khaghan
Iranian,Avishan,"20433 Douglas Cres, Langley, BC V3A 4B6, Canada",https://avishanrestaurant.com/
Iranian,Grab and Go Persian Restaurant,"1805 Lonsdale Ave, North Vancouver, BC V7M 2J8, Canada",https://grabandgopersian.ca/
Iranian,Sahel Market & Restaurant,"3207 W Broadway, Vancouver, BC V6K 2H5, Canada",https://sahelpersianrestaurant.com/
Iranian,ARBAB KABAB HOUSE,"7481 Edmonds St, Burnaby, BC V3N 1B3, Canada",
Iranian,Shamshiri Caveman International & Persian Restaurant,"139 Keefer St, Vancouver, BC V6A 1X3, Canada",http://shamshirivan.ca/
Iraqi,SHAHRAYAR GRILL HOUSE,"14752 108a Ave, Surrey, BC V3R 1W8, Canada",https://ur-restaurant.business.site/
Israeli,Tamam: Fine Palestinian Cuisine,"2616 E Hastings St, Vancouver, BC V5K 1Z6, Canada",http://www.tamam.ca/
Jamaican,Di Reggae Cafe,"13593 King George Blvd, Surrey, BC V3T 2V1, Canada",http://direggaecafe.com/
Jamaican,PG's Jamaican Restaurant,"1387 Johnston Rd, White Rock, BC V4B 3Z3, Canada",https://www.pgsjamaicanrestaurants.com/
Jamaican,Morgan's Harbour Jamaican Patties,"1850 Kingsway Ave Unit 9, Port Coquitlam, BC V3C 1S6, Canada",http://morgansharbour.ca/
Jamaican,Taste of the Caribbean,"1212 E Jefferson St, Seattle, WA 98122, USA",http://www.tasteofthecaribbeanseattle.com/
Kuwaiti,Kuwait Resturant مطعم الكويت,"179 86-87 Soi Sansabai, Tambon Patong, Amphoe Kathu, Chang Wat Phuket 83150, Thailand",https://kuwaitrest.com/
Laotian,Zaap Der Thai-Lao Kitchen,"913 Croft Ave, Gold Bar, WA 98251, USA",https://www.facebook.com/ZaapDerThaiLaoKitchen?mibextid=LQQJ4d
Malaysian,Green & Oak Malaysian Restaurant,"3760 Hastings St, Burnaby, BC V5C 2H5, Canada",https://www.greenandoak.com/
Malaysian,Tropika,"2975 Cambie St, Vancouver, BC V5Z 2V7, Canada",http://www.tropikavancouver.ca/
Malaysian,Mamalee - Broadway,"3144 W Broadway, Vancouver, BC V6K 2H3, Canada",http://www.mamalee.ca/
Malaysian,Penang Bistro Fine Malaysian Cuisine(10% OFF for Orders from Our Website!),"3932 Fraser St, Vancouver, BC V5V 4E4, Canada",https://penangbistro.zomi.menu/
Malaysian,Ipoh Malay Cuisine,"1316 W 73rd Ave, Vancouver, BC V6P 4M9, Canada",https://www.ipohmalaycuisine.ca/
Malaysian,Malaysian Hut,"14727 108 Ave, Surrey, BC V3R 1V9, Canada",http://www.malaysianhutrestaurant.com/
Malaysian,Banana Leaf Malaysian Cafe,"1779 Robson St, Vancouver, BC V6G 1C9, Canada",https://www.bananaleaf-vancouver.com/robson
Malaysian,IPOH Malaysian Cuisine,"2127-4500 Kingsway, Burnaby, BC V5H 2A9, Canada",https://www.facebook.com/ipohmalaysiancuisine/
Malaysian,Kopitiam Malaysia,"3885 Rupert St, Vancouver, BC V5R 2G7, Canada",https://kopitiammalaysia.ca/
Malaysian,John 3:16 Malaysian Delights,"1063 W Broadway, Vancouver, BC V6H 1E2, Canada",https://john316mydelights.com/
Malaysian,Laksa King,"2546 E Hastings St, Vancouver, BC V5K 1Z3, Canada",https://laksaking.ca/
Malaysian,Nyonya House - Malaysian Restaurant - Please try to Order from Website,"3866 Bayview St #110, Richmond, BC V7E 3B6, Canada",http://nyonya.richmondpos.com/
Malaysian,Kedai Makan,"1449 E Pine St, Seattle, WA 98122, USA",http://www.kedaimakansea.com/
Malaysian,Malay Satay Hut,"5540, 15230 NE 24th St, Redmond, WA 98052, USA",https://www.malaysatay.com/
Malaysian,Singapore Hawker,"1169 Pacific St #120, Coquitlam, BC V3B 0J1, Canada",http://www.singaporehawker.ca/
Malaysian,Shiok Singaporean Cuisine,"1716 Kingsway, Vancouver, BC V5N 2S4, Canada",http://shiok.ca/
Mongolian,Mongo Bongo Mongolian Grill,"512 6th Ave. B, New Westminster, BC V3L 1V3, Canada",http://mongobongo.ca/
Nepalese,Spice of Nepal Restaurant,"13486 72 Ave, Surrey, BC V3W 2N8, Canada",https://spiceofnepal.ca/
Nepalese,The Momo Grill Nepali Kitchen,"16016 Fraser Hwy #104, Surrey, BC V4N 0G3, Canada",https://themomogrill.com/
Nepalese,Kathmandu Bar and Grill,"9340 120 St, Surrey, BC V3V 4B8, Canada",https://kathmandugrill.ca/
Nepalese,Taste of Himalayas,"Next to Dairy Queen, 7115 138 St Unit 209, Surrey, BC V3W 7T9, Canada",https://www.tasteofhimalaya.ca/
Nepalese,Gurkha Himalayan Kitchen Restaurant,"1141 Davie St, Vancouver, BC V6E 1N2, Canada",https://www.gurkha.ca/
Nepalese,Royal Nepalese Momo Palace - #1 Place for Momos + Sugarcane Juice,"3490 Kingsway, Vancouver, BC V5R 5L7, Canada",https://www.royalmomopalace.com/
Nicaraguan,Sabor Nicaragüense Restaurant,"1927 S Western Ave, Los Angeles, CA 90018, USA",http://sabornicaraguenserestaurant.com/
Norwegian,Viking Soul Food - Belmont food cart,"4255 SE Belmont St, Portland, OR 97215, USA",http://www.vikingsoulfood.com/
Pakistani,Taste of Lahore restaurant,"9526 120 St, Surrey, BC V3V 4C1, Canada",http://tasteoflahore.ca/
Pakistani,Lahori Restaurant,"12877 80 Ave #109, Surrey, BC V3W 4E9, Canada",https://order.tbdine.com/pickup/44405
Pakistani,Pakwan House,"13030 76 Ave, Surrey, BC V3W 2V6, Canada",http://pakwanhouse.com/
Pakistani,Zaiqa Restaurant,"9450 120 St, Surrey, BC V3V 4B9, Canada",http://zaiqarestaurant.ca/
Pakistani,Gulberg Tandoor,"12578 72 Ave #119, Surrey, BC V3W 2M6, Canada",http://www.gulbergrestaurant.com/
Pakistani,Dewan-E-Khass,"5750 Fraser St, Vancouver, BC V5W 2Z5, Canada",http://dewanekhass.ca/dishes/
Pakistani,Kabab House,"12041 124th Ave NE, Kirkland, WA 98034, USA",https://www.kababhousepk.com/
Panamanian,Panjaz Panamanian Cuisine,"5115 Thousand Oaks Dr, San Antonio, TX 78233, USA",https://panjaz-panamanian-cuisine.square.site/
Peruvian,SUYO Modern Peruvian,"3475 Main St, Vancouver, BC V5V 3M9, Canada",http://www.suyo.ca/
Peruvian,Silvestre Deli & Bistro,"317 Water St, Vancouver, BC V6B 1B8, Canada",http://www.silvestregustolatino.com/
Peruvian,El Inka restaurant,"3826 Sunset St, Burnaby, BC V5G 1T3, Canada",
Philippine,Kanin + Ulam,"12411 King George Blvd, Surrey, BC V3V 3K3, Canada",http://instagram.com/kaninplusulam
Philippine,Pampanga’s Cuisine Home of the Original Sisig,"5179 Joyce St, Vancouver, BC V5R 4G8, Canada",http://pampangascuisine.ca/
Philippine,Bacayons Chibugan,"13979 104 Ave Unit 105, Surrey, BC V3T 1X1, Canada",https://bacayonschibugan.com/
Philippine,PAMPANGA’S CUISINE Home of the Original Sisig,"6094 Fraser St, Vancouver, BC V5W 2Z7, Canada",https://pampangascuisine.ca/
Philippine,Pampanga's Best Cafeteria,"4279 Fraser St, Vancouver, BC V5V 4G1, Canada",http://pampangasbestcafeteria.com/
Philippine,"Max's Restaurant Vancouver, Cuisine of the Philippines","3546 Kingsway, Vancouver, BC V5R 5L7, Canada",https://www.maxsrestaurantna.com/vancouver
Philippine,La Meza Grill,"11955 88 Ave, Delta, BC V4C 3C9, Canada",http://www.lamezagrill.com/
Philippine,Pin Pin Restaurant,"6113 Fraser St, Vancouver, BC V5W 2Z9, Canada",http://www.pinpinrestaurant.com/
Philippine,Kulinarya Filipino Eatery,"2922 Glen Dr, Coquitlam, BC V3B 2P5, Canada",http://www.kulinarya.ca/
Philippine,Kulinarya Filipino Eatery,"1134 Commercial Dr, Vancouver, BC V5L 3X2, Canada",http://www.kulinarya.ca/
Philippine,EPIC GRILL SILOGS + SANS RIVAL,"538 Ewen Ave, New Westminster, BC V3M 5B8, Canada",https://epicsilogsgrill.com/
Philippine,Kuy’s Lechon,"660 W 71st Ave, Vancouver, BC V6P 3A1, Canada",https://www.kuyslechon.com/
Philippine,PLATO FILIPINO,"5175 Joyce St, Vancouver, BC V5R 4G8, Canada",
Philippine,Hapag Ihaw-Ihaw Restaurant,"5432 Victoria Dr, Vancouver, BC V5P 3V7, Canada",http://hapagrestaurant.com/
Philippine,PLATO FILIPINO,"892 Carnarvon St #100, New Westminster, BC V3M 0C5, Canada",https://www.instagram.com/platofilipino/?hl=en
Philippine,The Filipino Noodle Joint,"180 Keefer Street Unit 111 - China Town Plaza, Vancouver, BC V6A 4E9, Canada",http://www.thefilipinonoodlejoint.com/
Philippine,Jav’s Kaldero,"15155 101 Ave #103A, Surrey, BC V3R 7Z1, Canada",http://www.javskaldero.com/
Philippine,Fiesta Filipino,"153 E 3rd St #151, North Vancouver, BC V7L 1E5, Canada",http://www.vancouverfilipino.ca/business/restaurants/fiesta-filipino-restaurant/
Philippine,Kumare Restaurant and Bakery,"8047 120 St #100, Delta, BC V4C 6P8, Canada",
Philippine,Little Ongpin Restaurant,"4093 No 5 Rd, Richmond, BC V6X 2T9, Canada",
Polish,Iwona Pierogies,"806 20th St, New Westminster, BC V3M 2W6, Canada",
Puerto Rican,Boriken Restaurant,"12800 SW Canyon Rd, Beaverton, OR 97005, USA",https://borikenrestaurant.com/
Romanian,Romanian Garden,"43-06 43rd Ave, Queens, NY 11104, USA",https://www.romaniangarden.nyc/
Singaporean,Singapore Hawker,"1169 Pacific St #120, Coquitlam, BC V3B 0J1, Canada",http://www.singaporehawker.ca/
Singaporean,Singapore Hawker Burnaby,"7150 Sperling Ave, Burnaby, BC V5E 2W5, Canada",http://www.singaporehawker.ca/
Singaporean,Shiok Singaporean Cuisine,"1716 Kingsway, Vancouver, BC V5N 2S4, Canada",http://shiok.ca/
Singaporean,Shiok Express,"9855 Austin Ave #907, Burnaby, BC V3J 1N4, Canada",https://shiok.ca/lougheed
Singaporean,Prata-Man Singapore Cuisine,"9060 Capstan Wy, Richmond, BC V6X 3N6, Canada",https://prata-man-richmond.business.site/
Singaporean,Singapore Express,"2775 Laurel St Room 4145, Vancouver, BC V5Z 1M9, Canada",https://www.qooway.com/OLO/m-en?SingExpOnLaurel
Singaporean,Singapore Express,"12855 Clarke Pl, Richmond, BC V6V 2H9, Canada",
Somali,Sahara Cafe Somali Cuisine,"13919 Tukwila International Blvd, Tukwila, WA 98168, USA",
Somali,Juba Restaurant & Café,"14223 Tukwila International Blvd, Tukwila, WA 98168, USA",
Somali,Somalian Food,"25420 104th Ave SE, Kent, WA 98030, USA",http://somalianfood.com/
Somali,Mama Sambusa Kitchen,"8319 Wabash Ave S Suite C, Seattle, WA 98118, USA",https://www.mamasambusakitchen.com/?utm_source=google&utm_medium=wix_google_business_profile&utm_campaign=2280415176859227161
Somali,Halwo Kismayo Grill,"14822 Tukwila International Blvd, Tukwila, WA 98168, USA",https://halwokismayogrill.com/
Somali,Jubba Somali Restaurant,"5330 Terner Way, San Jose, CA 95136, USA",
Somali,Somali restaurant,"1134 S Mickley Ave, Indianapolis, IN 46241, USA",
Somali,Barako Somali Restaurant,"6447 W Washington St, Indianapolis, IN 46241, USA",
South African,massawa restaurant,"418 6th St, New Westminster, BC V3L 3B2, Canada",
South African,Alebi African Cuisine,"10694 135a St, Surrey, BC V3T 4E2, Canada",http://alebiafricanrestaurant.com/
South African,Taste of Africa,"10663 King George Blvd, Surrey, BC V3T 2X6, Canada",
South African,Simba's Grill,"3300 Boundary Rd, Burnaby, BC V5M 4A4, Canada",http://www.simbasgrill.com/
Sri Lankan,J.R Taste Of Ceylon,"3929 Knight St, Vancouver, BC V5N 3L8, Canada",http://j-r-taste-of-ceylon.jany.io/
Swiss,Swiss Hibiscus,"4950 NE 14th Ave, Portland, OR 97211, USA",http://www.swisshibiscus.com/
Syrian,Ayam Zaman Restaurant,"1090 Lougheed Hwy. #116, Coquitlam, BC V3K 6G9, Canada",
Syrian,Tamam: Fine Palestinian Cuisine,"2616 E Hastings St, Vancouver, BC V5K 1Z6, Canada",http://www.tamam.ca/
Taiwanese,Chef Hung Taiwanese Beef Noodle,"9055 University High St #109, Burnaby, BC V5A 0A7, Canada",https://www.chefhungnoodle.com/
Taiwanese,Bubble 88,"10209 King George Blvd #102, Surrey, BC V3T 2W6, Canada",https://bubble88.business.site/
Taiwanese,台風 Typhoon Bubble Tea Taiwanese Cuisine,"11700 Cambie Rd. #175, Richmond, BC V6X 1L5, Canada",https://typhoonbbt.ca/
Taiwanese,Wang's Taiwan Beef Noodle House,"8390 Granville St, Vancouver, BC V6P 4Z7, Canada",https://wangstaiwanhouse.com/
Taiwanese,Ding Hao Noodle House,"2773 Barnet Hwy #4, Coquitlam, BC V3B 1C2, Canada",http://www.dinghaonoodlehouse.com/
Taiwanese,Kuai Wei Jia,"1163 Pinetree Wy #2102, Coquitlam, BC V3B 8A6, Canada",
Taiwanese,Joys Taiwanese Food,"4380 No. 3 Rd, Richmond, BC V6X 3V7, Canada",
Taiwanese,Chef Hung Taiwanese Beef Noodle,"3313 Shrum Lane #102, Vancouver, BC V6S 0C8, Canada",http://www.chefhungnoodle.com/
Taiwanese,Chef Hung Taiwanese Beef Noodle,"4151 Hazelbridge Wy #2800, Richmond, BC V6X 4J7, Canada",http://www.chefhungnoodle.com/
Tanzanian,Alebi African Cuisine,"10694 135a St, Surrey, BC V3T 4E2, Canada",http://alebiafricanrestaurant.com/
Thai,Patsara Thai,"528 Carnarvon St, New Westminster, BC V3L 1C4, Canada",https://www.patsara.ca/
Thai,Siam Le Bien Thai Cuisine,"Siam Le Bien Thai Cuisine, 4217 Hastings St, Burnaby, BC V5C 2J5, Canada",http://www.siamlebien.com/
Thai,Ocha Thai Kitchen and Bar,"317 Main Ave S, Renton, WA 98057, USA",https://www.ochakitchenbar.com/
Thai,Siam Thai Restaurant,"17120 Monterey Rd, Morgan Hill, CA 95037, USA",http://www.siamthaimorganhill.com/
Tunisian,Carthage Cafe,"1851 Commercial Dr, Vancouver, BC V5N 4A6, Canada",https://www.carthage.cafe/
Ukrainian,Ukrainian Village,"815 Denman St, Vancouver, BC V6G 2L7, Canada",https://ukrainianvillage.wixsite.com/canada
Uruguayan,La Gran Uruguaya Restaurant,"85-02 37th Ave, Jackson Heights, NY 11372, USA",http://lagranuruguaya.com/
Venezuelan,Paparepas Venezuelan Food,"1620 Broadway, Seattle, WA 98122, USA",http://www.paparepas.com/
Vietnamese,Ivy's Kitchen Vietnamese Restaurant,"4598 Main St, Vancouver, BC V5V 3R5, Canada",
Vietnamese,Little Minh's Kitchen,"7533 Market Crossing, Burnaby, BC V5J 0A3, Canada",http://www.littleminhs.ca/
Vietnamese,Kim Son Vietnamese Food,"555 W 12th Ave #030, Vancouver, BC V5Z 3X7, Canada",
Vietnamese,Pho Century Fine Vietnamese Cuisine,"6701 Kingsway, Burnaby, BC V5E 1E4, Canada",https://phocentury.ca/
Vietnamese,Pho Morgan Hill,"16965 Monterey Rd #102B, Morgan Hill, CA 95037, USA",https://www.phomorganhill.com/
Vietnamese,Simmering Pho Cafe,"213 W Main Ave, Morgan Hill, CA 95037, USA",
Vietnamese,Pho Saigon Corner,"16760 Monterey Rd, Morgan Hill, CA 95037, USA",https://phosaigoncorner.com/
Vietnamese,Vietasia Restaurant,"1295 E Dunne Ave #140, Morgan Hill, CA 95037, USA",
Vietnamese,Jonty's Vietnamese Eatery,"17300 Depot St, Morgan Hill, CA 95037, USA",https://www.jontysvieteatery.com/
Yemeni,Saba Yemeni Restaurant,"2881 Granville St, Vancouver, BC V6H 3J4, Canada",http://www.sabafoods.ca/
Zambian,ARI PUB AND GRILL/SABEN NIGERIAN RESTAURANT,"H8P9+P3C, Lusaka, Zambia",
Zambian,African Restaurant,"H7PP+Q5P, Unnamed Road, Lusaka, Zambia",
Zambian,Kumwitu Matebeto Restaurant,"No. 3, 9th street, off Barclays Kabwata Branch, Burma Rd, behind, Zambia",
Zambian,African Sunsets Afro-Fusion Restaurant,"66 Twin Palms Rd, Lusaka, Zambia",
Zimbabwean,Alebi African Cuisine,"10694 135a St, Surrey, BC V3T 4E2, Canada",http://alebiafricanrestaurant.com/
Zimbabwean,massawa restaurant,"418 6th St, New Westminster, BC V3L 3B2, Canada",
Zimbabwean,Simba's Grill,"3300 Boundary Rd, Burnaby, BC V5M 4A4, Canada",http://www.simbasgrill.com/
